name,category,subcategory,city,neighborhood,address,lat,lng,phone,website,rating,total_reviews,has_website,deep_score,priority,types
Aura Face Lab - Lambaré,Salon de Belleza,General,Lambaré,,"1ero. de Marzo y, Lambaré 2420, Paraguay",-25.3413129,-57.6242945,,,4.4,15,False,69,B,beauty_salon|establishment|point_of_interest|spa
Nilda Estetic,Salon de Belleza,General,Coronel Oviedo,Barrio 12 De Junio,"HH38+W55, Coronel Oviedo 050106, Paraguay",-25.4452375,-56.4345156,0994 341974,,4.0,1,False,69,B,beauty_salon|establishment|point_of_interest
Lube Salón de Belleza,Peluqueria,General,Itauguá,,"Cabo G. Fernández, Itauguá 110604, Paraguay",-25.3906582,-57.3550565,0992 229783,,4.3,3,False,69,B,establishment|hair_care|point_of_interest
Extensiones Vida,Peluqueria,General,Itaugua,,"GJJP+RQH, Itaugua 110516, Paraguay",-25.4679157,-57.36262250000001,0981 858751,,4.0,4,False,69,B,establishment|hair_care|point_of_interest
Beauty Salon Mirella Arianna,Salon de Belleza,General,Ypané,,"GFRW+W57, 2 de mayo, Ypané 111802, Paraguay",-25.457725,-57.50457470000001,0985 436461,,4.3,3,False,69,B,beauty_salon|establishment|point_of_interest
Archy Peluquería y Barbería,Peluqueria,General,Ypané,,"Ypané 2468, Paraguay",-25.451467,-57.5173538,0983 840762,,4.0,4,False,69,B,establishment|hair_care|point_of_interest
Beauty Salon Naiara,Salon de Belleza,General,Pedro Juan Caballero,,"F752+H8M, Pedro Juan Caballero 130107, Paraguay",-22.5410479,-55.7491997,0976 805138,,4.3,4,False,69,B,beauty_salon|establishment|point_of_interest
Peluqueria JAZMIN,Peluqueria,General,Capiatá,,"Ytororo, Capiatá 110217, Paraguay",-25.3567061,-57.44447410000001,0981 874766,https://www.instagram.com/peluqueriajazmin__?igsh=MXJhcDF5Z3EzY2RhMQ==,4.4,14,True,69,B,beauty_salon|establishment|point_of_interest
La Pelu De Olga-Salón De Belleza Y Accesorios,Peluqueria,General,Puerto Iguazú,,"1 de Mayo 195, N3370 Puerto Iguazú, Misiones, Argentina",-25.597164,-54.578599,03757 15-46-5260,,4.0,3,False,69,B,beauty_salon|establishment|point_of_interest
Raquel Unisex,Peluqueria,General,Atyrá,,"22 de Septiembre 726, Atyrá 030402, Paraguay",-25.2820624,-57.1707943,,,4.4,19,False,69,B,establishment|hair_care|point_of_interest
Salón de Belleza Bonita Mujer,Peluqueria,General,Coronel Oviedo,,"Barrio Potrero Cue, Cnel. Oviedo 050116, Paraguay",-25.4692964,-56.4658556,0982 824117,,4.0,1,False,69,B,establishment|hair_care|point_of_interest
Esmeralda Peluquería Integral Unisex,Peluqueria,General,Coronel Oviedo,,"050109, Cnel. Oviedo 050109, Paraguay",-25.4467438,-56.4619722,0971 310670,,4.0,1,False,69,B,establishment|point_of_interest
Gyssella Martinez Make-Up Artist,Salon de Belleza,General,San Ignacio Guazú,,"Av. Mcal. Estigarribia Esquina, San Ignacio Guazú 4750, Paraguay",-26.8856431,-57.0285127,0985 236455,,4.0,1,False,69,B,beauty_salon|establishment|point_of_interest
Karol salon de belleza,Salon de Belleza,General,Pedro Juan Caballero,Vila Militar II,"Vicente Iturbe, Pedro Juan Caballero 130113, Paraguay",-22.5501929,-55.7281896,0993 413247,,4.3,4,False,69,B,bar|establishment|night_club|point_of_interest
Salón de Belleza Rosy Pdte Franco San Roque,Peluqueria,General,Presidente Franco,,"Camilo Recalde, Pdte. Franco 100223, Paraguay",-25.56644,-54.6003708,0985 611492,,4.0,1,False,69,B,establishment|hair_care|point_of_interest
Salon de belleza mila,Salon de Belleza,General,Ciudad del Este,,"milapelu33@hotamil.com, Cd. del Este 100134, Paraguay",-25.507723,-54.6128559,0973 638325,,4.0,1,False,69,B,establishment|hair_care|health|point_of_interest
PeinArte Coiffure Unisex,Peluqueria,General,Areguá,,"Av. Las Residentas, Areguá 110114, Paraguay",-25.2983836,-57.4123142,,,4.4,18,False,69,B,establishment|hair_care|point_of_interest
Peluquería Claudio,Peluqueria,General,Areguá,,"MHWJ+9H2, Areguá 110116, Paraguay",-25.3041095,-57.41861830000001,0991 202140,,4.0,4,False,69,B,establishment|hair_care|health|point_of_interest
Nolvia Barrios Estilista Fábrica de pelucas Encarnación Paraguay,Peluqueria,General,Encarnación,,"Curupayty entre Mallorquín y Estigarribia, Encarnación 6000, Paraguay",-27.33706,-55.8665883,0985 792850,,4.0,4,False,69,B,establishment|hair_care|point_of_interest
Beauty Salón,Salon de Belleza,General,Paraguarí,,"19 de Enero casi, Paraguarí 090103, Paraguay",-25.6185029,-57.1517484,0985 822848,,4.0,1,False,69,B,beauty_salon|establishment|point_of_interest
Beauty Salón Ruth González,Peluqueria,General,Ayolas,,"Virgen del Pilar, Ayolas 080204, Paraguay",-27.3912428,-56.8640286,0982 599695,,4.0,1,False,69,B,establishment|hair_care|point_of_interest
Belleza Integral Nuevo Estilo,Salon de Belleza,General,Doctor Juan Manuel Frutos,,"J578+92J, Unnamed Road, Dr Juan Manuel Frutos 050601, Paraguay",-25.3865411,-55.8349932,,,4.2,14,False,69,B,beauty_salon|establishment|point_of_interest
Maura Ramirez Peluquería Unisex,Peluqueria,General,Obligado,,"Obligado 6360, Paraguay",-27.0455631,-55.63039209999999,0984 964543,,4.3,3,False,69,B,beauty_salon|establishment|hair_care|health|point_of_interest
Guapa Salon De Belleza,Salon de Belleza,General,Ñemby,,"Wapa salón de belleza, Ñemby 111207, Paraguay",-25.3893125,-57.5391875,,,4.4,10,False,69,B,establishment|hair_care|point_of_interest
Peluquería Lau,Peluqueria,General,Coronel Bogado,,"RQR6+738, Coronel Bogado 070802, Paraguay",-27.1593478,-56.2398003,0975 818891,,4.0,1,False,69,B,establishment|hair_care|point_of_interest
Salon de Belleza Yesica,Salon de Belleza,General,Coronel Bogado,,"07Coronel Bogado, Cnel. Bogado 070808, Paraguay",-27.147682,-56.23903250000001,0985 701896,,4.3,3,False,69,B,beauty_salon|establishment|point_of_interest
MIMO'S (Makeup-Nails-Hair),Peluqueria,Salon Uñas,Caaguazú,,"GXHJ+JFJ, Caaguazú 050207, Paraguay",-25.4709197,-56.0188605,0975 975515,,4.0,1,False,69,B,beauty_salon|establishment|point_of_interest
La Tienda de lu,Peluqueria,General,Obligado,,"Obligado 071701, Paraguay",-27.0493374,-55.6219416,0983 244064,,4.0,2,False,69,B,establishment|hair_care|point_of_interest
Pagoda Eyelashes,Salon de Belleza,General,Caaguazú,Villa Santa Isabel,"GXW9+X3P, Caaguazú 050202, Paraguay",-25.4525311,-56.0322911,0976 762524,,4.0,1,False,69,B,beauty_salon|establishment|point_of_interest
Salón de Belleza Fabi,Salon de Belleza,General,Caaguazú,,"Pte. Carlos A. López, Caaguazú 050217, Paraguay",-25.4739651,-55.9977092,,,4.4,19,False,69,B,beauty_salon|establishment|point_of_interest
Noemi - Estética & Estilo,Salon de Belleza,General,Minga Guazú,,"0, Minga Guazú 101128, Paraguay",-25.4958421,-54.9000315,0982 376057,,4.3,3,False,69,B,beauty_salon|establishment|point_of_interest
LiliMel Peluqueriaymaquillaje,Peluqueria,General,Cambyretá,,"6200 07, Cambyretá 6200, Paraguay",-27.3329118,-55.8416866,0994 571948,,4.0,4,False,69,B,establishment|hair_care|point_of_interest
Salão Essência De Mulher,Salon de Belleza,General,Santa Rita,,"6W38+9C5, Unnamed Road, Santa Rita 101304, Paraguay",-25.7966028,-55.0838804,0984 836189,,4.0,1,False,69,B,beauty_salon|establishment|point_of_interest
Salón Encanto de Belleza,Salon de Belleza,General,Pedro Juan Caballero,Vila Militar II,"Pedro Juan Caballero 130112, Paraguay",-22.5386938,-55.7350895,0972 228985,,4.0,2,False,69,B,beauty_salon|establishment|point_of_interest
CamilaStephania Peluqueria&Spa,Peluqueria,Spa,Caaguazú,,"GXQM+P99, Caaguazú 050208, Paraguay",-25.4607119,-56.016504,0983 206911,,4.0,3,False,69,B,establishment|hair_care|point_of_interest
NOE pelu express,Peluqueria,General,Hohenau,,"V9X2+Q5R, Hohenau 071403, Paraguay",-27.1010505,-55.647959,0985 372462,,4.0,1,False,69,B,beauty_salon|establishment|point_of_interest
LYM Peluquería,Peluqueria,General,Hohenau,,"Hohenau 071403, Paraguay",-27.0966417,-55.66830160000001,0984 903479,,4.0,2,False,69,B,establishment|hair_care|point_of_interest
Rommy Centro,Salon de Belleza,General,Asunción,,"Alberdi y, Asunción 001013, Paraguay",-25.2841327,-57.6378224,(021) 496 591,http://rommy.com.py/,4.3,130,True,69,B,beauty_salon|establishment|point_of_interest
Salón Masculino JB,Peluqueria,General,Doctor Juan Eulogio Estigarribia,,"J7HX+MG3, Emiliano R. Fernandez, Dr Juan Eulogio Estigarribia 051203, Paraguay",-25.3708636,-55.7012019,0971 439728,,4.0,1,False,69,B,establishment|hair_care|health|point_of_interest
Salon De Belleza Estrella,Salon de Belleza,General,Presidente Franco,,"C9JX+G4M, Presidente Franco 100223, Paraguay",-25.5686569,-54.6021918,0981 495840,,4.0,3,False,69,B,beauty_salon|establishment|point_of_interest
Charle Coiffure,Peluqueria,General,Villa Elisa,,"Defensores del Chaco c, 1º de Mayo, Villa Elisa 111504, Paraguay",-25.3508761,-57.59138999999999,0972 261685,,4.0,1,False,69,B,establishment|hair_care|point_of_interest
SALON DE BELLEZA Y PELUQUERIA UNISEX SOFIA,Salon de Belleza,Peluqueria Unisex,Hernandarias,,"Senavitat b Fátima Hernandarias, Hernandarias 7272, Paraguay",-25.3989875,-54.6539539,0994 371086,https://es-la.facebook.com/pages/category/Hair-Salon/peluqueriasofiaa/posts/,4.2,13,True,69,B,beauty_salon|establishment|point_of_interest
Julia Cuéllar Make-Up & Beauty,Salon de Belleza,General,Asunción,,"Soldado Desconocido 125 casi, Asunción 001530, Paraguay",-25.2853442,-57.58281179999999,0981 438939,https://www.facebook.com/julia.cuellar.delivery.makeup/,4.3,12,True,69,B,beauty_salon|establishment|point_of_interest
Vilanova Salón de Belleza,Peluqueria,General,Concepción,,"Presidente Franco, Concepción 010108, Paraguay",-23.4078164,-57.4451849,0973 550550,,4.0,4,False,69,B,establishment|hair_care|point_of_interest
Peluquería Felicita,Peluqueria,General,Itauguá,,"JM24+J5G, Av. Japón, Itauguá 110607, Paraguay",-25.3984348,-57.3445411,,,4.1,11,False,69,B,establishment|hair_care|point_of_interest
Érica López Salón de Belleza,Peluqueria,General,Presidente Franco,,"7000 Pdte. Franco, Pdte. Franco 7000, Paraguay",-25.5724462,-54.6181461,0985 567901,,4.0,1,False,69,B,establishment|hair_care|point_of_interest
MR peluquería,Peluqueria,General,Caaguazú,,"GXPH+V2W, Av. Delfín Chamorro, Caaguazú 050209, Paraguay",-25.4627537,-56.0224327,0985 712718,,4.3,3,False,69,B,establishment|hair_care|point_of_interest
Classic Gym itauguá,Gimnasio/Fitness,Gimnasio,Itaugua,,"Jj4w+5ch, Itaugua 1209, Paraguay",-25.4000127,-57.3456689,0983 693155,,3.7,3,False,68,B,establishment|gym|health|point_of_interest
Stetica's Belleza y Slud,Spa/Wellness,General,Presidente Franco,,"F99F+X6G, Av. Campo Vía, Pdte. Franco 100151, Paraguay",-25.530058,-54.62691640000001,0986 500093,,3.5,4,False,68,B,establishment|point_of_interest|spa
Novamed Paraguay - Shopping Paris,Otros,General,Loja,,"Piso 2, Av. Dr. Luis Maria Argaña 54, Loja 7000, Paraguay",-25.5139158,-54.6063774,(061) 252 5022,,3.6,17,False,68,B,establishment|health|point_of_interest|store
Spa de Depilacion,Spa/Wellness,Spa,Hernandarias,,"J8MX+WWR, Hernandarias 100501, Paraguay",-25.3651834,-54.65024,0986 364724,,3.7,3,False,68,B,establishment|point_of_interest|spa
Spa de manos y pies BELU,Spa/Wellness,Spa,Coronel Oviedo,Azucena,"GHQ4+F73, Unnamed Road, Cnel. Oviedo 050119, Paraguay",-25.4613664,-56.4443378,0972 983833,,3.8,4,False,68,B,establishment|point_of_interest|spa
Aesthetic Center spa,Spa/Wellness,Spa,Itá,,"Itá 2710, Paraguay",-25.5159809,-57.3700227,0972 750405,,3.5,2,False,68,B,establishment|point_of_interest
Canchita CHOPE,Gimnasio/Fitness,General,Piribebuy,Barrio Virgen Del Rosario,"Piribebuy 031404, Paraguay",-25.4736359,-57.0377383,0962 153741,,3.5,2,False,68,B,establishment|gym|health|point_of_interest
"Centro de estetica ""María de la Paz""",Estetica/Facial,Centro Estetica,Capiatá,,"JHX5+PJP, Capiatá 110218, Paraguay",-25.3506534,-57.4409342,0982 116776,,3.9,19,False,68,B,establishment|hair_care|point_of_interest
KLINIC Medicina Estética y Oculoplastia,Otros,General,Asunción,,"América 187 casi, Asunción 001207, Paraguay",-25.2910004,-57.5978927,0971 892298,,3.9,14,False,68,B,establishment|health|point_of_interest
PositivaMente Cons. Psicológico Integral/Gym,Gimnasio/Fitness,Gimnasio,Itá,,"Guarambare & Nanawa, FJPJ+Q8V, Itá 110504, Paraguay",-25.5130197,-57.369201,0971 764229,,3.7,3,False,68,B,establishment|gym|health|point_of_interest
Centro de Salud de Atyra,Otros,General,Atyrá,,"PR9G+QFF, 22 de Septiembre, Atyrá 030401, Paraguay",-25.2805696,-57.1738143,(0520) 20018,,3.9,11,False,68,B,establishment|health|hospital|point_of_interest
Enzo Store Boody Piercing Tattoo,Tatuajes/Piercing,Piercing Studio,Ciudad del Este,,"Av. San Blas, SN Shopping Jardim 2° Piso Ciudad del Este PY, Ciudad del Este 7000, Paraguay",-25.5091038,-54.617865,0975 817124,,3.9,13,False,68,B,clothing_store|establishment|point_of_interest|store
Harmonia,Gimnasio/Fitness,General,Asunción,,"Domingo Ortiz, Asunción 001520, Paraguay",-25.2676477,-57.5736731,0981 174460,,3.5,2,False,68,B,establishment|gym|health|point_of_interest
Plaza San Rafael,Gimnasio/Fitness,General,San Pedro de Ycuamandyyú,,"WW9F+48V, San Pedro de Ycuamandyyú 020101, Paraguay",-24.0821393,-57.0766893,,,3.5,14,False,68,B,establishment|gym|health|point_of_interest
Motel Carpediem,Otros,General,Caacupé,,"JV6R+XP, Caacupé 030114, Paraguay",-25.3875705,-57.1081958,,,3.8,83,False,68,B,establishment|lodging|point_of_interest
Silvia Daney Estética Avanzada,Salon de Belleza,General,Ciudad del Este,,"Area 3, Cd. del Este 7000, Paraguay",-25.5312823,-54.6263729,0983 664360,https://www.silviadaneyesteticaavanzada.com.py/,4.9,62,True,67,B,beauty_salon|establishment|hair_care|point_of_interest|spa
Dii Nails / Peluqueria Zu,Peluqueria,Salon Uñas,Pilar,,"5P28+RF7, Pilar 120102, Paraguay",-26.847952,-58.2838168,,,5.0,5,False,67,B,beauty_salon|establishment|point_of_interest
Cosmética Morena,Otros,General,San Ignacio Guazú,,"Cerro Cora, San Ignacio Guazú 080304, Paraguay",-26.888636,-57.0247128,0992 975907,,4.3,7,False,67,B,establishment|point_of_interest|store
CLEOFE Salón de Belleza & Accesorios,Otros,General,San Ignacio Guazú,,"Ruta 4ta, San Ignacio Guazú 4750, Paraguay",-26.8862475,-57.0320727,0975 604788,,4.3,6,False,67,B,establishment|point_of_interest|store
PatyRojas STUDIO,Salon de Belleza,General,Encarnación,,"25 de Mayo, &, Encarnación 070113, Paraguay",-27.3294269,-55.871257,0985 745064,https://patyrojas.com/,4.7,81,True,67,B,beauty_salon|establishment|hair_care|point_of_interest|spa
Pirayú Hotel & Resort,Otros,General,Puerto Iguazú,,"Av. Tres Fronteras 550 N 3370, N3370AWS Puerto Iguazú, Misiones, Argentina",-25.5963854,-54.5848238,03757 42-0393,http://www.pirayu.com.ar/,4.4,3236,True,67,B,establishment|lodging|point_of_interest
Raíces Esturión Iguazú,Otros,General,Puerto Iguazú,,"Av. Tres Fronteras 650, N3370 Puerto Iguazú, Misiones, Argentina",-25.5956866,-54.5868158,03757 42-0100,http://www.raicesesturion.com/,4.2,3880,True,67,B,establishment|lodging|point_of_interest
Superseis Aregua,Otros,General,Areguá,,"MJQC+G3H, Areguá 110101, Paraguay",-25.311195,-57.37976620000001,(021) 414 1977,https://www.superseis.com.py/,4.3,3537,True,67,B,establishment|food|grocery_or_supermarket|point_of_interest|store|supermarket
Blackgym,Gimnasio/Fitness,Gimnasio,Areguá,,"PH3F+F2F, Areguá 110110, Paraguay",-25.2963203,-57.4274539,,https://www.instagram.com/blackgym524/,4.3,28,True,67,B,establishment|gym|health|point_of_interest
Bela Nails Spa,Spa/Wellness,Spa,Luque,,"PGH3+V68, Cnel. Oviedo, Luque 110932, Paraguay",-25.2703417,-57.4969191,0974 240019,https://instagram.com/belanails_spa?igshid=OGQ2MjdiOTE=,4.2,5,True,67,B,establishment|point_of_interest|spa
The Barbudo,Peluqueria,General,Encarnación,,"Carlos A. López casi, Encarnación 070111, Paraguay",-27.3285105,-55.8651884,0994 613915,https://www.thebarbudo.com.py/,5.0,61,True,67,B,establishment|hair_care|health|point_of_interest
Rhema Spa,Spa/Wellness,Spa,Ciudad del Este,,"cerca de Sanatório Galenos, Av. Los Yerbales, Cd. del Este 100152, Paraguay",-25.5173552,-54.624925,0986 114723,http://instagram.com.br/rhemaclinicpy,4.4,7,True,67,B,beauty_salon|doctor|establishment|health|point_of_interest
Profe Rus,Otros,General,Ñemby,,"Sta. Rosa y, Ñemby 111214, Paraguay",-25.3937517,-57.54933989999999,0981 744975,,4.3,6,False,67,B,establishment|point_of_interest
Peluqueria Daisy Estilo y Belleza,Peluqueria,General,Limpio,,"daisyargaa94@hotmail.com, Limpio 110821, Paraguay",-25.17936,-57.47160779999999,,,4.8,6,False,67,B,establishment|hair_care|point_of_interest
Peluqueria,Peluqueria,General,Capiatá,,"Capiatá 2901, Paraguay",-25.3503725,-57.44697840000001,,,4.8,9,False,67,B,establishment|hair_care|point_of_interest
MadoEstética,Salon de Belleza,General,Capiatá,,"Curupayty 1305, Capiatá 110218, Paraguay",-25.3507996,-57.4423251,0987 338564,https://www.instagram.com/madoestetica?igsh=MWE1ZWtxZTl3MXU3bg==,5.0,8,True,67,B,beauty_salon|establishment|point_of_interest
Peluqueria Aveiro III,Peluqueria,General,Ciudad del Este,,"F9QP+JW6, Av. Adrián Jara, Cd. del Este 100136, Paraguay",-25.5109608,-54.6127473,,,4.5,8,False,67,B,establishment|hair_care|health|point_of_interest
Grand Crucero Iguazú Hotel,Otros,General,Puerto Iguazú,,"RN12, N3370 Puerto Iguazú, Misiones, Argentina",-25.6115,-54.56268249999999,03757 57-6363,https://grandcruceroiguazu.com/,4.4,3573,True,67,B,establishment|lodging|point_of_interest
Gran Hotel Tourbillon Cataratas,Otros,General,Puerto Iguazú,,"Ruta 12 km 4 1/2 3370, N3370 Puerto Iguazú, Misiones, Argentina",-25.6207994,-54.5537909,03757 42-4646,http://www.granhoteltourbillon.org.ar/,4.2,2341,True,67,B,establishment|lodging|point_of_interest
NailsEnRosa,Uñas/Nails,Salon Uñas,Puerto Iguazú,,"Pancho Ramírez 127, N3370 Puerto Iguazú, Misiones, Argentina",-25.6154586,-54.5809849,03757 40-7424,,4.3,6,False,67,B,beauty_salon|establishment|point_of_interest
ADRI ROLON STUDIO,Salon de Belleza,General,Asunción,,"Doctor Luís Enrique Migone, Asunción 001529, Paraguay",-25.2830348,-57.57053089999999,0983 139599,http://linktr.ee/adrirolonpmu,4.8,99,True,67,B,beauty_salon|establishment|point_of_interest
Extensiones Py,Peluqueria,General,Asunción,,"Juan De Garay 1532, Asunción 001005, Paraguay",-25.2896525,-57.66192919999999,,,4.5,8,False,67,B,establishment|hair_care|point_of_interest
MAKRO COSMETICOS,Estetica/Facial,Perfumeria,Pedro Juan Caballero,Vila Militar II,"Mariscal Francisco Solano López, Pedro Juan Caballero 8500, Paraguay",-22.5308901,-55.7368166,0991 934417,,4.3,6,False,67,B,establishment|point_of_interest
Salón de Belleza ENRI,Peluqueria,General,Atyrá,,"San Jose casi 0520, Atyrá 030402, Paraguay",-25.2831293,-57.1718105,0991 871862,https://instagram.com/enri.makeup?igshid=YjNmNGQ3MDY=,5.0,7,True,67,B,establishment|hair_care|point_of_interest
ALE ROBINSON Beauty Hub,Salon de Belleza,General,Encarnación,,"Independencia Nacional casi, Encarnación 070118, Paraguay",-27.3373942,-55.8612198,0975 123311,https://www.instagram.com/alerobinsonbeautyhub?igsh=b2tiMW54dnpoZHJl,5.0,8,True,67,B,beauty_salon|establishment|point_of_interest
Mimomentop - Beauty Center,Peluqueria,General,Limpio,,"Monseñor Moreno entre Saturnino Prieto y Pedro Melo de Portugal, Limpio 0111, Paraguay",-25.1650558,-57.4787385,0971 960329,http://www.instagram.com/mimomentop_py/,4.6,7,True,67,B,establishment|hair_care|point_of_interest
Misha E.A.S,Otros,General,Pedro Juan Caballero,Vila Militar,"Curupayty 77, Pedro Juan Caballero 130112, Paraguay",-22.5395205,-55.7313984,(67) 99124-7421,https://instagram.com/casa.misha?igshid=YmMyMTA2M2Y=,4.3,42,True,67,B,clothing_store|establishment|point_of_interest|store
Stock,Otros,General,Itá,,"Mariscal Francisco Solano López, Itá 110502, Paraguay",-25.5059128,-57.3643875,0992 418482,http://www.stock.com.py/default.aspx,4.1,2270,True,67,B,establishment|food|grocery_or_supermarket|point_of_interest|store|supermarket
PAPO TATUAJES & PIERCINGS,Tatuajes/Piercing,Piercing Studio,Ñemby,,"La Lomita, Ñemby 111219, Paraguay",-25.3964091,-57.52431739999999,0992 876392,,4.4,7,False,67,B,establishment|point_of_interest|store
Wonderful - Depilación láser,Salon de Belleza,General,Encarnación,,"Av Irrazábal, M48R+VG4, &, Encarnación 070109, Paraguay",-27.3328514,-55.8586809,0986 690623,https://www.instagram.com/wonderfuldepilacion?igsh=aG1mZ3VmNnFteTRt,5.0,5,True,67,B,beauty_salon|establishment|point_of_interest
BOMO,Peluqueria,General,Asunción,,"Olegario Víctor Andrade 2318, Asunción 001408, Paraguay",-25.2970519,-57.5684651,,https://www.instagram.com/bomo.py,5.0,41,True,67,B,establishment|hair_care|point_of_interest
Joseph Sanber,Peluqueria,General,San Bernardino,,"Independencia Nacional esq, San Bernardino 031602, Paraguay",-25.3073587,-57.29968110000001,0984 249270,,3.0,5,False,67,B,establishment|hair_care|point_of_interest
Naissa Brow y Lash studio,Salon de Belleza,General,Ypane,,"Defensores del Chaco, Ypane 111802, Paraguay",-25.4610665,-57.5027528,0971 304077,https://m.facebook.com/101925591549495/photos/a.101926974882690/102089788199742/?type=3&source=44&ref=content_filter,5.0,7,True,67,B,beauty_salon|establishment|point_of_interest
Nilsa Fleitas Beauty Studio,Salon de Belleza,General,Fernando de la Mora,,"Sagrada Familia esquina, Fernando de la Mora 2320, Paraguay",-25.3198879,-57.52188990000001,,,4.8,9,False,67,B,beauty_salon|establishment|point_of_interest
The Killer Ink,Otros,General,Fernando de la Mora,Fernando Zona Sur,"Tte. Rivarola, Fernando de la Mora 2829, Paraguay",-25.3432692,-57.5791021,0974 949776,,4.3,6,False,67,B,establishment|point_of_interest
Bacan Barbería & Peluquería,Peluqueria,General,Asunción,,"Quesada 5126 Local 31, Asunción 1411, Paraguay",-25.2952282,-57.57999219999999,0982 220991,https://www.bacanbarberia.com.ar/,4.9,69,True,67,B,establishment|hair_care|health|point_of_interest
Sport Center Academia Taekwondo San Pedro,Gimnasio/Fitness,General,San Pedro de Ycuamandyyú,,"San Pedro de Ycuamandyyú 020103, Paraguay",-24.0957222,-57.0778494,,,4.3,8,False,67,B,establishment|gym|health|point_of_interest
Adela Centro de Belleza Integral,Salon de Belleza,General,Asunción,,"Ygatimi 1117 casi Hernandarias Asunción, Av. Ygatimi 1111, Asunción 1134, Paraguay",-25.2857027,-57.64846540000001,(021) 421 947,https://www.facebook.com/adelaspapy/,4.8,8,True,67,B,establishment|point_of_interest|spa
Jonathan Nodari,Salon de Belleza,General,Ñemby,,"Ñemby 111214, Paraguay",-25.3940753,-57.5473779,0984 980422,https://www.instagram.com/jonathan.nodari_mastereducador?igsh=aW1lazIwYWJ1MHZo,5.0,8,True,67,B,beauty_salon|establishment|point_of_interest
MUSA (MODA Y BELLEZA),Peluqueria,General,Luque,,"America, Luque 110917, Paraguay",-25.2560482,-57.4997329,0986 370705,https://www.instagram.com/musa.luque?igsh=dTF1dHh3eTZ2NWdu,5.0,7,True,67,B,establishment|hair_care|point_of_interest
Isa Coiffure Laboratorio De Rubias,Salon de Belleza,General,Asunción,,"Rodolfo Zotti 487 entre, Dr. Emilio Hassler y, Asunción 001413, Paraguay",-25.2962626,-57.58328789999999,0982 127134,https://laboratorioderubias.my.canva.site/,4.6,69,True,67,B,beauty_salon|establishment|point_of_interest
CINTIA MARTINEZ BEAUTY STUDIO,Salon de Belleza,General,Ciudad del Este,,"Av. Gral. Andrés Rodríguez 693-675, Cd. del Este 100138, Paraguay",-25.522759,-54.611295,0971 255604,https://instagram.com/cintiamartinez_beautystudio?igshid=MzRlODBiNWFlZA==,5.0,5,True,67,B,beauty_salon|establishment|point_of_interest
Shopping Terra Nova,Otros,General,Ciudad del Este,,"Emiliano R. Fernandez, Cd. del Este 85867-110, Paraguay",-25.5075732,-54.6096377,(061) 514 233,https://www.shoppingterranova.com.py/,4.3,1058,True,67,B,establishment|point_of_interest|shopping_mall
Pretty Station,Salon de Belleza,General,Ciudad del Este,,"F9GH+W3H, Ciudad del Este 100151, Paraguay",-25.5227851,-54.62180619999999,,https://www.instagram.com/prettystation?igsh=ejh0ZHNhYml1bnhm,4.8,29,True,67,B,beauty_salon|establishment|point_of_interest
El Ronn Barber,Barberia,General,Yaguarón,,"Mcal. José Félix Estigarribia, Yaguarón 091502, Paraguay",-25.5652876,-57.28485329999999,0972 291202,,4.0,1,False,67,B,establishment|hair_care|health|point_of_interest
Flor Micropigmentación Estética,Salon de Belleza,General,San Antonio,,"Av. San Jorge, San Antonio 111312, Paraguay",-25.4302287,-57.5488549,0982 291354,https://flormicropigmentacion.negocio.site/,5.0,57,True,67,B,beauty_salon|establishment|point_of_interest
Estetica Thais,Estetica/Facial,General,Lambaré,,"J9QG+WXX, Lambaré 110728, Paraguay",-25.3601308,-57.622522,0982 709782,,4.4,8,False,67,B,beauty_salon|establishment|point_of_interest
Superseis Caacupé,Otros,General,Caacupé,,"JR6X+7MF, Caacupé 030107, Paraguay",-25.3893223,-57.1508141,0511 242 788,http://www.superseis.com.py/,4.2,2028,True,67,B,establishment|food|grocery_or_supermarket|point_of_interest|store|supermarket
Paula Nails,Uñas/Nails,Salon Uñas,Villarrica,,"1234, Villarrica 5000, Paraguay",-25.7861848,-56.45740739999999,0983 789954,,4.2,5,False,67,B,beauty_salon|establishment|point_of_interest
ANGÉLICA NAILS STUDIO - ACADEMY,Uñas/Nails,Salon Uñas,Capiatá,,"Capiatá Ruta 2 km20 (ex km18, a 200m. De la calle principal SGTO 1° Octaviano Maidana, Curupayty, Capiatá 110207, Paraguay",-25.3455774,-57.4586131,0985 141477,,4.0,8,False,67,B,beauty_salon|establishment|point_of_interest
Peluqueria Arami,Peluqueria,General,Pilar,,"4MHV+59P, Pilar 120106, Paraguay",-26.8720402,-58.30654719999999,,,4.8,9,False,67,B,establishment|hair_care|point_of_interest
Beauty Salon Jess -Peluqueria,Salon de Belleza,General,Areguá,,"BeautySalonJess, Areguá 110111, Paraguay",-25.2925269,-57.4324276,0991 192377,https://www.facebook.com/Beauty-Sal%C3%B3n-Jess-1589724434496074/,5.0,5,True,67,B,beauty_salon|establishment|point_of_interest
Joyeria Y Relojeria KUARAHY,Otros,General,Pilar,,"Pilar 120106, Paraguay",-26.859704,-58.2998685,0975 739372,,4.3,6,False,67,B,establishment|jewelry_store|point_of_interest|store
Peluqueria Anahi's,Peluqueria,General,Ayolas,,"J582+JC9, Ayolas 080202, Paraguay",-27.3834619,-56.84887759999999,,,4.6,5,False,67,B,establishment|hair_care|health|point_of_interest
Mister Barber Py,Barberia,General,Itá,,"Ruta 1 entre Independencia Nacional &, General Caballero, Itá 2710, Paraguay",-25.507514,-57.35834759999999,0983 975781,,4.0,4,False,67,B,establishment|hair_care|health|point_of_interest
Bendita Peluquería,Peluqueria,General,Encarnación,,"Sta. Maria entre, Av. San Blas y, Encarnación 6000, Paraguay",-27.3476987,-55.8524671,0975 711034,https://instagram.com/benditapeluqueriapy,5.0,6,True,67,B,establishment|hair_care|point_of_interest
DermoBeauty Luque,Salon de Belleza,General,Luque,,"Gral. Díaz, PFCX+XG2, &, Luque 110935, Paraguay",-25.2776109,-57.5012466,0991 923660,http://www.dermobeauty.com.py/,4.7,62,True,67,B,beauty_salon|establishment|point_of_interest
Supermarket Stock Itauguá,Otros,General,Itauguá,,"2 30, Itauguá 110604, Paraguay",-25.3920516,-57.3540723,0294 221 324,https://www.stock.com.py/,4.1,3497,True,67,B,establishment|food|grocery_or_supermarket|point_of_interest|store|supermarket
Mónica Sosa Make Up Studio 💋,Maquillaje,General,Itá,,"detrás de Tío Burguer de la curva al costado de la parada de taxi N* 1, General Díaz, Itá 5959, Paraguay",-25.5079195,-57.35621829999999,0971 971801,,4.4,8,False,67,B,establishment|point_of_interest
Toda Bella,Peluqueria,General,Paraguarí,,"9VH3+P8C, General Bernardino Caballero, Paraguarí 090101, Paraguay",-25.6206768,-57.1467348,,,4.8,6,False,67,B,establishment|hair_care|point_of_interest
Spa Piel Canela,Spa/Wellness,Spa,Villarrica,,"6G6W+5CW, Mompox, Villarrica 040113, Paraguay",-25.789524,-56.4539322,,,4.4,7,False,67,B,establishment|point_of_interest|spa
Quinta Stradivarius,Spa/Wellness,General,Piribebuy,,"Ruta Piribebuy - Itacurubi, Tapé Guazú - Piribebuy, Piribebuy 3040, Paraguay",-25.4733238,-57.0134019,0985 659621,https://www.portalpiribebuy.com/quinta-stradivarius/,4.4,64,True,67,B,establishment|lodging|point_of_interest|spa
Coqueta,Salon de Belleza,General,Mariano Roque Alonso,Caacupe Mi,"QFQ8+X47, Mariano Roque Alonso 111011, Paraguay",-25.2100964,-57.5346894,0971 505236,https://www.facebook.com/coqueta.py.1,4.9,7,True,67,B,beauty_salon|establishment|point_of_interest
Queenies Mariano,Salon de Belleza,General,Mariano Roque Alonso,Caacupe Mi,"Shopping La Rural Bloque B, QF86+JRW, Mariano Roque Alonso 111020, Paraguay",-25.2333782,-57.5379284,0985 200448,https://www.facebook.com/queeniesparaguay,5.0,5,True,67,B,beauty_salon|establishment|point_of_interest|spa
ARMONIZA,Otros,General,Fernando de la Mora,Fernando Zona Sur,"Usher Rios casi Combatientes del Chaco Fernando de la Mora, Zona Sur, Fernando de la Mora 2300, Paraguay",-25.3252772,-57.55535250000001,0992 479157,,4.4,7,False,67,B,establishment|health|point_of_interest
BARBERIA NUEVO ESTILO,Barberia,General,Piribebuy,,"GXQ4+FJG, Iturbe, Piribebuy 031401, Paraguay",-25.4613037,-57.0434109,0976 888212,,4.0,2,False,67,B,establishment|hair_care|health|point_of_interest
Skin Clinic,Otros,General,Asunción,,"Austria 2371, Asunción 001409, Paraguay",-25.2900439,-57.5635636,0972 504405,,4.1,7,False,67,B,doctor|establishment|health|point_of_interest
Barberia Benjamin Torres,Barberia,General,Piribebuy,,"GXR2+FQ2, Gral. Rogelio Benitez, Piribebuy 031401, Paraguay",-25.4588557,-57.048116,0975 530604,,4.3,3,False,67,B,establishment|point_of_interest|shopping_mall
Gran Amérian Portal del Iguazú,Otros,General,Puerto Iguazú,,"Av. Tres Fronteras 780, N3370XAJ Puerto Iguazú, Misiones, Argentina",-25.595599,-54.58907290000001,03757 49-8200,https://www.amerian.com/hotel/Amerian-Portal-del-Iguazu/?utm_source=GoogleMaps&utm_medium=MyBusiness,4.4,2417,True,67,B,establishment|lodging|point_of_interest
Il_barbarossa_py,Peluqueria,General,Luque,,"Rosario &, PGR6+927, Maestro Félix, Luque 110920, Paraguay",-25.2590973,-57.489949,,,5.0,8,False,67,B,establishment|hair_care|point_of_interest
Paraíso Natural Apart Hotel Iguazú,Otros,General,Puerto Iguazú,,"Inga 451, N3370 Puerto Iguazú, Misiones, Argentina",-25.6058389,-54.58508870000001,011 15-6592-6250,http://www.paraisonaturalaparthotel.com/,4.3,313,True,67,B,establishment|lodging|point_of_interest
PolyShop,Salon de Belleza,General,Ciudad del Este,,"Camilo Recalde 7000, Cd. del Este 100134, Paraguay",-25.5084796,-54.6078626,0984 448688,https://linktr.ee/polyshop,4.6,80,True,67,B,beauty_salon|establishment|home_goods_store|point_of_interest|store
Los ANGELES Espacio de belleza,Spa/Wellness,Spa,Pedro Juan Caballero,,"Rubio Ñu Y, Pedro Juan Caballero 130122, Paraguay",-22.5622181,-55.7265236,0982 607506,https://www.instagram.com/spaciodebellezalosangeles02?igsh=YXoyemxlcm5sNW4y,4.3,6,True,67,B,beauty_salon|establishment|point_of_interest
Punto Farma Atyrá,Otros,General,Atyrá,,"Avda. Mcal. Francisco Solano Lopez al costado de la, Copeg, Atyrá 030401, Paraguay",-25.2851587,-57.1776852,507009,,4.3,6,False,67,B,establishment|health|pharmacy|point_of_interest|store
New Style Masculino Femenino - Atyrá,Peluqueria,General,Atyrá,,"PRCJ+M55, Antequera, Atyrá 030402, Paraguay",-25.2783502,-57.1695156,,,5.0,5,False,67,B,establishment|hair_care|health|point_of_interest
Aurora Bronze Py,Salon de Belleza,General,Pedro Juan Caballero,,"Comuneros 283, Pedro Juan Caballero 130103, Paraguay",-22.5298404,-55.7411909,0976 847100,https://www.instagram.com/aurora.arguello.beauty/?hl=pt-br#,5.0,9,True,67,B,beauty_salon|establishment|point_of_interest
Charlydurhair,Peluqueria,General,Lambaré,,"Cerro lambare 345 casi, Bernardino Caballero, Lambaré 110726, Paraguay",-25.3503999,-57.63369729999999,,,5.0,6,False,67,B,establishment|point_of_interest
BELCY Beauty Salon Lambaré,Salon de Belleza,General,Lambaré,,"J9RJ+RP5 El Mesias, &, Lambaré 110729, Paraguay",-25.3585677,-57.61819189999999,0962 289743,https://www.instagram.com/belcy_beautysalon?igsh=ZWFlaHViMDIwdTJl,5.0,8,True,67,B,beauty_salon|establishment|point_of_interest
Salon de Belleza Bernin,Salon de Belleza,General,Ciudad del Este,,"F9RM+2XH, Ciudad del Este 100137, Paraguay",-25.5099355,-54.6150246,,,4.9,7,False,67,B,beauty_salon|establishment|point_of_interest
Perfumaria e Cosméticos Class PlayCell,Otros,General,Ciudad del Este,,"Shopping Lai Lai Center, Av. Adrián Jara, Ciudad del Este 7000, Paraguay",-25.5108424,-54.6089846,(061) 509 522,,4.3,9,False,67,B,clothing_store|establishment|point_of_interest|store
Nails and Beauty Salon,Salon de Belleza,Salon Uñas,Mariano Roque Alonso,Caacupe Mi,"Gral. Bernardino Caballero 232, Mariano Roque Alonso 111018, Paraguay",-25.2201087,-57.53506699999999,,,4.8,5,False,67,B,beauty_salon|establishment|point_of_interest
La Pelu de Nuni,Peluqueria,General,Laque,,"Artigas, Laque 111020, Paraguay",-25.2340326,-57.5370685,0982 579822,https://linktr.ee/lapeludenuni,4.6,71,True,67,B,beauty_salon|establishment|point_of_interest
Peluquería Angeles,Peluqueria,General,Capiatá,,"Carlos Miguel Giménez, Capiatá 110224, Paraguay",-25.3616866,-57.4206473,,https://www.instagram.com/angelessalondebelleza_?igsh=ZG1ibGx2eTNlamlx,4.8,49,True,67,B,establishment|hair_care|point_of_interest
"NP ""Centro Estético""",Salon de Belleza,General,Concepción,,"Silva 010116, Av. Capitán Herminio Mendoza, Concepción 010105, Paraguay",-23.4020368,-57.4315574,,,4.8,5,False,67,B,beauty_salon|establishment|point_of_interest
Deluxe Barbearia,Peluqueria,General,Pedro Juan Caballero,,"Av. Carlos Domínguez, Pedro Juan Caballero 130113, Paraguay",-22.5470451,-55.7337504,0982 204143,https://instagram.com/barbeariadeluxee?igshid=Y2IzZGU1MTFhOQ==,5.0,6,True,67,B,establishment|hair_care|health|point_of_interest
Viviana Cáceres Salón & Studio,Peluqueria,General,Capiatá,Posta Ybycua,"Ruta departamental Capiata, A una cuadra del Supermercado Ahorrazo, Ruta Capiata - Thompson - Ypane, Capiatá 110247, Paraguay",-25.3948808,-57.4711108,0983 386864,https://instagram.com/vivianacaceres_colorista?igshid=YmMyMTA2M2Y=,5.0,9,True,67,B,establishment|hair_care|point_of_interest
La Belle Institut de Belleza,Salon de Belleza,General,Pedro Juan Caballero,Vila Militar II,"Alberdi y, Pedro Juan Caballero 130103, Paraguay",-22.5351382,-55.7355436,,,4.6,5,False,67,B,beauty_salon|establishment|point_of_interest
Peluquería Sandry,Peluqueria,General,San Ignacio Guazú,,"Av. Mcal. Estigarribia casi, San Ignacio Guazú 4750, Paraguay",-26.8881176,-57.0176826,0975 146872,https://m.facebook.com/Helados-%C3%81rtico-101131971310214/?tsid=0.6151234022568615&source=result,5.0,8,True,67,B,establishment|hair_care|point_of_interest
Trenzas Africanas N&Y Iguazu,Peluqueria,General,Puerto Iguazú,,"Corrientes 251, N3370 Puerto Iguazú, Misiones, Argentina",-25.6008918,-54.58599299999999,03757 65-0974,https://www.facebook.com/profile.php?id=61569353777203&mibextid=ZbWKwL,5.0,5,True,67,B,establishment|hair_care|point_of_interest
Salón de Belleza Ami,Salon de Belleza,General,Itauguá,,"Ntra. Sra. de Guadalupe, Itauguá 110604, Paraguay",-25.3864258,-57.360549,,,5.0,7,False,67,B,beauty_salon|establishment|point_of_interest
Thiago barber,Barberia,General,Ñemby,,"JC8Q+G3G, Ñemby 111209, Paraguay",-25.3836778,-57.56229760000001,0982 292430,,4.0,4,False,67,B,establishment|hair_care|health|point_of_interest
Centro Metabólico Los Olivos,Otros,General,Coronel Oviedo,Barrio General Caballero,"José Segundo Decoud, Cnel. Oviedo 3300, Paraguay",-25.4446226,-56.43960300000001,0976 440220,,4.4,5,False,67,B,establishment|health|point_of_interest
Prevent + Odontologia y Estética,Salon de Belleza,General,Encarnación,,"Avenida Caballero, 457 entre Carlos Antonio Lopez y Mariscal Estigarribia, Encarnación 6000, Paraguay",-27.3261196,-55.86618610000001,0983 596399,http://www.facebook.com/preventmasodontologia,5.0,6,True,67,B,beauty_salon|dentist|establishment|health|point_of_interest|spa
.,Peluqueria,General,Villa Elisa,,"UTC 4, Villa Elisa 2610, Paraguay",-25.3863384,-57.57681089999999,,,4.7,6,False,67,B,establishment|hair_care|point_of_interest
ROMATATTOO,Tatuajes/Piercing,General,Tobatí,,"Ruta Caacupe, Tobatí 031810, Paraguay",-25.3036748,-57.07310219999999,0976 237669,,4.2,6,False,67,B,establishment|point_of_interest
Beautyk,Salon de Belleza,General,Naranjal,,"2RCF+97F, Tajy, Naranjal 101401, Paraguay",-25.9790598,-55.1768346,,,5.0,6,False,67,B,beauty_salon|establishment|point_of_interest
Barbería y peluquería Ebenezer,Peluqueria,General,Hernandarias,,"Antequera, Hernandarias 100506, Paraguay",-25.3911246,-54.6408815,0986 747127,https://www.facebook.com/cortarcabelloydejarbello/,4.8,8,True,67,B,establishment|hair_care|health|point_of_interest
Mujer Bonita Spa (Centro estético Unisex),Spa/Wellness,Spa,Concepción,Barrio Inmaculada,"HHX5+V3P, Av. Agustin Fernando De Pinedo, Concepción 010106, Paraguay",-23.4002815,-57.4423067,,,4.2,5,False,67,B,establishment|point_of_interest
Duty Free Shop Puerto Iguazu,Otros,General,Puerto Iguazú,,"RN 12, KM 1645, CP 3370 Puerto Iguazú, Misiones, Argentina",-25.599397,-54.5639391,03757 42-1050,http://www.dutyfreeshoppuertoiguazu.com/,4.2,68529,True,67,B,clothing_store|establishment|liquor_store|point_of_interest|shopping_mall|store|tourist_attraction
Valentino - Peluquería Masculina y Store,Peluqueria,General,Presidente Franco,,"Presidente Franco 100213, Paraguay",-25.5568571,-54.6242757,,,5.0,7,False,67,B,establishment|hair_care|health|point_of_interest
Sofia Gontor Beauty,Salon de Belleza,General,Asunción,,"Pirizal &, 12 de Octubre, Asunción 001310, Paraguay",-25.3161964,-57.61814099999999,0986 552573,https://linktr.ee/sofiagontorbeauty,4.9,68,True,67,B,beauty_salon|establishment|point_of_interest
Ana Arzamendia Fitness,Salon de Belleza,General,Itauguá,,"Ex Salon Ñandu Al costado de la Muni de Itauguá, Teniente Adolfo Martínez y, Itauguá 110611, Paraguay",-25.3949766,-57.3546256,0984 436814,https://www.facebook.com/Anaarzamendia.84?mibextid=LQQJ4d,4.6,5,True,67,B,establishment|gym|health|point_of_interest
Gladys Cardozo Estilista,Salon de Belleza,General,Fernando de la Mora,,"6 de enero casi san francisco, Fernando de la Mora 110313, Paraguay",-25.332206,-57.52906240000001,0981 256753,https://www.facebook.com/gladyscardozocoiffure/,4.5,8,True,67,B,beauty_salon|establishment|hair_care|point_of_interest
Bellavita- Microblading- Nanoblading- Diseño de cejas - Lifting de pestañas - Henna- uñas esculpidas- peluquería- manicura,Peluqueria,Salon Uñas,Asunción,,"Av. Perú 397, Asunción 1409, Paraguay",-25.2870631,-57.6173469,0971 795000,http://bellezaparaguay.com/,4.8,52,True,67,B,establishment|point_of_interest
Bruna Spa de Bronceamiento y Moda Playa,Spa/Wellness,Spa,Presidente Franco,,"San Martín, Pdte. Franco 100224, Paraguay",-25.573935,-54.60948190000001,0973 736802,https://instagram.com/brunaspapy?igshid=OGQ5ZDc2ODk2ZA==,4.4,7,True,67,B,establishment|point_of_interest
Venestylo,Peluqueria,General,San Lorenzo,,"JFXQ+R36, Marcelina Insfran, San Lorenzo 111431, Paraguay",-25.3509805,-57.512052,0981 048617,https://agenda.nexbarber.com/venestylo/agenda,4.8,70,True,67,B,establishment|hair_care|health|point_of_interest
"Estilista Any, Colorista profesional y Make-up",Peluqueria,General,Mariano Roque Alonso,Caacupe Mi,"QFM6+3GH, Mariano Roque Alonso 111010, Paraguay",-25.2173501,-57.538792,0983 205581,https://www.instagram.com/_.estilista_any._?igsh=cGtjeW52N2lqbWpj,5.0,5,True,67,B,beauty_salon|establishment|point_of_interest
"Essenza cirugia, medicina estética y odontologica",Otros,General,Asunción,,"Cerro Cora 3948 & Radio Operadores del Chaco, Cerro Corá 3948, Asunción 1594, Paraguay",-25.3021313,-57.5972728,0986 318186,,4.3,6,False,67,B,establishment|health|point_of_interest
Peluquería Milisa FEM,Peluqueria,General,Fernando de la Mora,Fernando Zona Sur,"MC9H+MCF, Algodonal, Fernando de la Mora 110326, Paraguay",-25.3307328,-57.57145000000001,0976 186158,https://www.instagram.com/milisafem?igsh=NWg1bmQxY2Nubmd3,5.0,8,True,67,B,establishment|hair_care|point_of_interest
MelAn Lashes,Salon de Belleza,General,Kapi'atã,Posta Ybycua,"Avenida Doctor López, Kapi'atã 110237, Paraguay",-25.3806701,-57.4593832,,,5.0,7,False,67,B,beauty_salon|establishment|point_of_interest
Mirtha Sirlene MakeUp,Maquillaje,General,Doctor Juan León Mallorquín,,"HP74+GG3, Doctor Juan León Mallorquín 100404, Paraguay",-25.4362429,-55.2936991,0995 661273,,4.0,9,False,67,B,beauty_salon|establishment|point_of_interest
Do Carmo piercings,Tatuajes/Piercing,Piercing Studio,Presidente Franco,,"7000, Pdte. Franco 100208, Paraguay",-25.5541643,-54.65155859999999,0973 632453,,4.4,7,False,67,B,establishment|point_of_interest|store
Barberia y peluqueria M.L,Peluqueria,General,Doctor Juan Eulogio Estigarribia,,"J7WH+9G6, Doctor Juan Eulogio Estigarribia 051205, Paraguay",-25.3540789,-55.7212421,,,4.8,6,False,67,B,establishment|hair_care|health|point_of_interest
Expo Santa Rita,Otros,General,Santa Rita,,"6W39+FQH, C. Colonias Unidad, Santa Rita 101304, Paraguay",-25.7950516,-55.07896040000001,0673 220 200,http://www.exposantarita.com.py/,4.2,794,True,67,B,establishment|point_of_interest
Peluquería | Barbería | Ruiz Diaz,Peluqueria,General,Doctor Juan Eulogio Estigarribia,,"595 Dr. Juan Eulogio Estigarribia, Dr Juan Eulogio Estigarribia 3660, Paraguay",-25.365649,-55.7013963,0971 420437,https://peluqueria-barberia-ruiz-diaz.netlify.app/,4.9,54,True,67,B,establishment|hair_care|health|point_of_interest
Salón A&A Peluquería Unisex,Peluqueria,General,Doctor Juan Eulogio Estigarribia,,"Jacinto Escobar, Dr Juan Eulogio Estigarribia 051202, Paraguay",-25.3687203,-55.7053379,0974 400102,https://www.facebook.com/Sal%C3%B3n-AA-Peluquer%C3%ADa-Unisex-112757727567510,4.8,5,True,67,B,beauty_salon|establishment|point_of_interest
Hotel La Germania,Otros,General,Doctor Juan Eulogio Estigarribia,,"Km. 213.5, Ruta Internacional PY02, Dr Juan Eulogio Estigarribia 3660, Paraguay",-25.3797512,-55.6983609,0973 600451,http://lagermania.com.py/,4.1,206,True,67,B,establishment|lodging|point_of_interest
Uh LaLa Beauty Salon,Salon de Belleza,General,Hernandarias,,"7000, Hernandarias 7000, Paraguay",-25.403878,-54.6273566,0985 679764,https://instagram.com/uhlalabeautysalon/,4.9,9,True,67,B,establishment|hair_care|point_of_interest
Luxury barbershop,Barberia,General,Hernandarias,,"Nelson cano, Hernandarias 100502, Paraguay",-25.3755221,-54.6629473,0992 622923,,4.0,4,False,67,B,establishment|hair_care|health|point_of_interest
Peluqueria Ramzar,Peluqueria,General,Hernandarias,,"H9RF+Q9W, Guyana, Hernandarias 100510, Paraguay",-25.4080192,-54.6265465,,https://www.facebook.com/ramzar.intercoiffure,4.8,36,True,67,B,establishment|hair_care|health|point_of_interest
Larra BarberShop,Barberia,General,Asunción,,"PCH7+RXJ, Presbitero Felipe Santiago León, Asunción 001534, Paraguay",-25.2704023,-57.58511739999999,0991 982341,https://www.facebook.com/titolarraok,4.2,15,True,67,B,establishment|hair_care|health|point_of_interest
ZetaFit Gym,Gimnasio/Fitness,Gimnasio,Ypané,,"Ypané 2660, Paraguay",-25.4466567,-57.4977931,0982 583120,https://www.instagram.com/zetafit_gym?igsh=a2k1Y2d1aG5kdDJm,4.0,7,True,67,B,establishment|gym|health|point_of_interest
May Barber Shop,Barberia,Barberia Moderna,Ypané,,"HG62+WF4, Ypané 111805, Paraguay",-25.4377383,-57.4987918,0992 861420,,4.3,3,False,67,B,establishment|hair_care|health|point_of_interest
Sanatorio San José SRL,Otros,General,Coronel Oviedo,Barrio San Isidro,"Mariscal José Félix Estigarribia 1136, Cnel. Oviedo 050116, Paraguay",-25.4592431,-56.4475521,0521 203 167,https://www.facebook.com/profile.php?id=100090455285315&mibextid=ZbWKwL,4.1,26,True,67,B,doctor|establishment|health|hospital|point_of_interest
Moon Barber Shop,Barberia,Barberia Moderna,Ñemby,,"JF44+3P7, Ñemby 111216, Paraguay",-25.3948236,-57.5431359,0974 113944,,4.0,1,False,67,B,establishment|hair_care|health|point_of_interest
Premier Fitness Club - Paseo Los Arboles,Gimnasio/Fitness,General,Asunción,,"PC5G+F2X, Av. Gral. José de San Martín, Asunción 001408, Paraguay",-25.2921004,-57.57386389999999,0972 141444,https://api.whatsapp.com/send/?phone=595972141444&text&type=phone_number&app_absent=0,4.3,86,True,67,B,establishment|gym|health|point_of_interest
Smart Fit,Gimnasio/Fitness,General,Asunción,,"Av. Aviadores del Chaco y, Asunción 001410, Paraguay",-25.2836801,-57.5656565,,https://www.smartfit.com.py/gimnasios/del-sol,4.4,423,True,67,B,establishment|gym|health|point_of_interest
MONARCA,Peluqueria,General,Asunción,,"C/ Cervantes, Sgto. Toribio Valinotti, Asunción 001534, Paraguay",-25.2703419,-57.5871441,0984 365305,https://monarcabarberiaypeluqueria.my.canva.site/,5.0,59,True,67,B,establishment|hair_care|health|point_of_interest
Velours Clínica Medicina Estética,Salon de Belleza,General,Fernando de la Mora,,"Av. Mariscal López 1531, Fernando de la Mora 110311, Paraguay",-25.3104281,-57.5309201,0991 855939,https://velours.com.py/,4.9,79,True,67,B,beauty_salon|establishment|hair_care|health|point_of_interest|store
Monte Verde.,Otros,General,Villa Hayes,,"WGF3+3H6, Villa Hayes 150412, Paraguay",-25.077342,-57.4960938,0982 807736,https://www.facebook.com/hotelcomplejomonteverde/?locale=es_LA,4.2,45,True,67,B,establishment|lodging|point_of_interest
Clinical Hospital of San Lorenzo,Otros,General,San Lorenzo,,"111421, Av. Mariscal López, San Lorenzo 111421, Paraguay",-25.3234821,-57.5227777,(021) 585 730,http://www.med.una.py/,4.0,286,True,67,B,establishment|health|hospital|point_of_interest
Erika Torales Beauty Center,Salon de Belleza,General,San Lorenzo,,"Guillermo Almeida San Lorenzo reducto, San Lorenzo 2160, Paraguay",-25.3891794,-57.504031,0976 142756,https://www.facebook.com/erikatoralespy/,4.9,9,True,67,B,beauty_salon|establishment|point_of_interest
Celeste Esquivel salón de belleza,Salon de Belleza,General,Coronel Bogado,,"RQM8+RHR, Tacuary, Cnel. Bogado 070803, Paraguay",-27.1653904,-56.23359720000001,,,4.7,7,False,67,B,beauty_salon|establishment|point_of_interest
Milu Nails Ayolas,Uñas/Nails,Salon Uñas,Ayolas,,"J593+4FX, Ayolas 080202, Paraguay",-27.3821451,-56.8462725,0984 713583,,4.2,5,False,67,B,beauty_salon|establishment|point_of_interest
ESTILISTA DORYS,Peluqueria,General,Concepción,,"Unnamed Road, Concepción 010109, Paraguay",-23.4067118,-57.43172850000001,,,5.0,5,False,67,B,establishment|hair_care|point_of_interest
Neme la barberia,Barberia,General,San Cosme y Damián,,"7XCW+QH2, San Cosme y Damián 041701, Paraguay",-25.7281053,-56.0036248,0983 274249,,4.3,3,False,67,B,establishment|hair_care|health|point_of_interest
COCO Beauty Center,Salon de Belleza,General,Asunción,,"Herminio Maldonado 859 c Entre, Eusebio Lillo Robles, Asunción 1829, Paraguay",-25.2925501,-57.56506869999999,0991 802076,http://coco.com.py/,4.8,69,True,67,B,beauty_salon|establishment|point_of_interest
Lash Harmony Beauty Concept - Mburucuya,Salon de Belleza,General,Asunción,,"Av. Santísima Trinidad 1696, Asunción 1521, Paraguay",-25.2669762,-57.56737349999999,0982 608068,https://www.instagram.com/harmonypy/,5.0,5,True,67,B,beauty_salon|establishment|point_of_interest
"Lo de Pili, Salón",Salon de Belleza,General,Concepción,,"Itacurubi, Concepción 010109, Paraguay",-23.4053359,-57.4290534,0985 250482,https://www.facebook.com/profile.php?id=100089657771568,4.8,5,True,67,B,beauty_salon|establishment|point_of_interest
Supermarket United Colonies,Otros,General,Obligado,,"W9Q8+PM4, Ave Colonias Unidas, Obligado 071703, Paraguay",-27.0607261,-55.6333046,(071) 218 1395,http://www.colonias.com.py/,4.4,1350,True,67,B,establishment|food|grocery_or_supermarket|point_of_interest|store|supermarket
Mari Barbershop,Barberia,General,Doctor Juan Eulogio Estigarribia,,"J7GP+WQ3, Unnamed Road, Dr Juan Eulogio Estigarribia 051201, Paraguay",-25.3727461,-55.7130837,0993 505115,,4.0,1,False,67,B,establishment|hair_care|health|point_of_interest
Rulos & Ondas Carolina Heimburg,Salon de Belleza,General,Hohenau,,"Fracción Los Fundadores, Hohenau 6290, Paraguay",-27.0950628,-55.6423085,0984 912620,https://wa.me/message/564K5FZ24ZM6P1,5.0,5,True,67,B,beauty_salon|establishment|point_of_interest
Maira Peluquería & Cosmeticos,Peluqueria,Perfumeria,San Estanislao,,"8HR9+J99, Unnamed Road, San Estanislao 020816, Paraguay",-24.6584722,-56.4315307,,,4.5,8,False,67,B,beauty_salon|establishment|point_of_interest
Salon De Belleza Marlene,Salon de Belleza,General,Concepción,,"JH49+XX2, Concepción 010103, Paraguay",-23.3926038,-57.43011660000001,,,5.0,5,False,67,B,beauty_salon|establishment|point_of_interest
Josue Barbershop💈,Barberia,General,Villa Hayes,,"VFW9+55G, Teniente Coronel F. Cubillas, Villa Hayes 150413, Paraguay",-25.1041239,-57.53143110000001,0972 589850,,4.0,2,False,67,B,establishment|hair_care|health|point_of_interest
Sergio_Tattoo_Studio,Tatuajes/Piercing,General,,,"Ypané Centro, 1000, Paraguay",-25.4420665,-57.50851780000001,0985 427829,,4.4,8,False,67,B,establishment|point_of_interest
Jessica Beatriz Salón,Peluqueria,General,Coronel Oviedo,Barrio San Isidro,"Itaipu, Cnel. Oviedo 050114, Paraguay",-25.4545544,-56.4575646,,,5.0,8,False,67,B,establishment|hair_care|point_of_interest
Mooie Beauty,Salon de Belleza,General,Luque,,"PG88+RGP, Luque 110904, Paraguay",-25.2370394,-57.4780222,0986 420516,https://instagram.com/mooie_py?igshid=MWI4MTIyMDE=,4.8,6,True,67,B,beauty_salon|establishment|point_of_interest|spa
Kuñataî Porã by Guadalupe Rivas,Peluqueria,General,Limpio,,"RGH6+2PJ, Dr Manuel Gondra, Limpio 110815, Paraguay",-25.1724035,-57.48822130000001,0991 367100,https://instagram.com/peluqueria_boutiquee?igshid=YmMyMTA2M2Y=,5.0,5,True,67,B,establishment|hair_care|point_of_interest
Salon Market - Casa Central,Salon de Belleza,General,Asunción,,"Dr. Molas López esquina, Asunción 1521, Paraguay",-25.2757808,-57.5673304,0982 446044,https://salonmarket.com.py/,4.5,89,True,67,B,establishment|point_of_interest|store
Salón de Belleza LC,Peluqueria,General,Coronel Bogado,,"Padre Mauricio, Cnel. Bogado 070802, Paraguay",-27.1625896,-56.2374407,,,4.8,5,False,67,B,establishment|hair_care|point_of_interest
Peluquería Luisita Fem\Masc,Peluqueria,General,Coronel Bogado,,"RQR6+PQ3, Coronel Bogado 070802, Paraguay",-27.1582444,-56.2380747,0986 305426,https://www.facebook.com/Peluqueria-Luisita-FemeninoMasculino-549359181806757/,5.0,7,True,67,B,establishment|hair_care|health|point_of_interest
Zenith studio,Salon de Belleza,General,Posadas,,"N3300 Soria, Av. Cmte. Andresito 5424 Esquina, N3300 Posadas, Misiones, Argentina",-27.3956593,-55.9221686,0376 419-5196,https://www.instagram.com/zenith.studio.ok?igsh=Zms4aXk1amhtdzRs&utm_source=qr,5.0,6,True,67,B,beauty_salon|establishment|point_of_interest
Studio Elvira,Salon de Belleza,General,Hernandarias,,"H9J6+CWW, Hernandarias 100516, Paraguay",-25.4188814,-54.6376637,0994 222411,https://facebook.com/studioelvira/,4.9,8,True,67,B,beauty_salon|establishment|point_of_interest
Peluquería Fidelina,Peluqueria,General,Hernandarias,,"Independencia Nacional, Hernandarias 100508, Paraguay",-25.4006805,-54.6476011,0983 640669,https://www.facebook.com/fide.lopez.50951,4.6,5,True,67,B,establishment|hair_care|point_of_interest
Vanessa Alonso Nails,Uñas/Nails,Salon Uñas,Minga Guazú,,"Unnamed Road, Minga Guazú 101115, Paraguay",-25.4786734,-54.7953115,0975 586435,,4.3,7,False,67,B,beauty_salon|establishment|point_of_interest
Salon de belleza Gladys,Salon de Belleza,General,Minga Guazú,,"Minga Guazú 101116, Paraguay",-25.4809038,-54.7915915,,,5.0,5,False,67,B,establishment|hair_care|point_of_interest
Seccional colorada 133/1 capiatá,Peluqueria,General,Capiatá,,"JHW5+7X4, Gral.B.Caballero, Capiatá 110218, Paraguay",-25.3549791,-57.4395201,,,5.0,5,False,67,B,establishment|gym|health|point_of_interest
Zafiro Belleza,Peluqueria,General,Posadas,,"C. Los Claveles 11457, N3300 Posadas, Misiones, Argentina",-27.4122065,-55.9964125,0376 432-8960,https://www.instagram.com/zafiro.belleza0?igsh=MTRtaHJ0NGg4YXNiZw==,5.0,8,True,67,B,establishment|hair_care|point_of_interest
Tamarí Beauty Bar,Salon de Belleza,General,San Lorenzo,,"JFVM+R36, San Lorenzo 111453, Paraguay",-25.3552073,-57.4990464,0983 285026,https://www.instagram.com/tamaribeautybar?igsh=b2t2OGF1MTU3dnk0,5.0,8,True,67,B,beauty_salon|establishment|point_of_interest
DepiSkin Py,Salon de Belleza,General,San Lorenzo,,"General Caballero, MF2R+CM4, &, San Lorenzo 111430, Paraguay",-25.34899,-57.50830300000001,,,5.0,5,False,67,B,beauty_salon|establishment|hair_care|point_of_interest
Salón de belleza Merce,Salon de Belleza,General,Minga Guazú,,"Km 22 akaray minga guazu a 400 mtrs de la ruta internacional, Minga Guazú 101113, Paraguay",-25.4831967,-54.8127066,,,4.8,5,False,67,B,beauty_salon|establishment|point_of_interest
Katth Estilo Y Belleza,Salon de Belleza,General,Minga Guazú,,"G725+7R9, Minga Guazú 101106, Paraguay",-25.4993289,-54.74039089999999,0981 612104,https://www.facebook.com/Katth-Estilo-Y-Belleza-176656676477129/,5.0,6,True,67,B,beauty_salon|establishment|point_of_interest
HR COIFFURE 🌹,Salon de Belleza,General,San Lorenzo,,"Juan León mallorquín 141, San Lorenzo 111431, Paraguay",-25.3484494,-57.5142657,0985 470433,https://www.instagram.com/hrcoiffure7?igsh=M2l2ZzBkbjNwbDRy,4.9,8,True,67,B,beauty_salon|establishment|point_of_interest
Barberia y peluquería el caballero Moderno,Peluqueria,General,Obligado,,"W9Q8+6CH, Obligado 071702, Paraguay",-27.0612961,-55.63502039999999,,,4.7,9,False,67,B,establishment|hair_care|health|point_of_interest
Gimnasio Águilas Doradas,Gimnasio/Fitness,Gimnasio,Hernandarias,,"J945+766, 14 de Mayo, Hernandarias 100506, Paraguay",-25.3943443,-54.6419842,,,4.2,5,False,67,B,establishment|gym|health|point_of_interest
Fisio Pilates,Gimnasio/Fitness,Yoga/Pilates,Obligado,,"W9Q7+WCJ, Boqueron, Obligado 071702, Paraguay",-27.0601713,-55.6364774,,,4.3,6,False,67,B,establishment|gym|health|point_of_interest
LITTLE EMMA,Peluqueria,General,Villa Elisa,,"mandyju pekua, Villa Elisa 111516, Paraguay",-25.3856129,-57.5809187,,,5.0,7,False,67,B,establishment|hair_care|point_of_interest
PACITA Tu Estiloo,Peluqueria,General,Itauguá,,"Itaugua km25 ruta py 2, Itauguá 110614, Paraguay",-25.3945154,-57.39471460000001,,,4.8,6,False,67,B,establishment|hair_care|point_of_interest
Strongman Gym,Gimnasio/Fitness,Gimnasio,Pilar,,"4PJ3+PW3, Manuel Dominguez, Pilar 120107, Paraguay",-26.8682394,-58.2952178,,,4.3,6,False,67,B,establishment|gym|health|point_of_interest
Peluquería Eva Dulce Tentación,Peluqueria,General,Luque,,"Iturbe 164, Luque 2060, Paraguay",-25.2664255,-57.48992019999999,0992 780844,https://www.facebook.com/DulceTentacion.SPAyPeluqueria,4.9,9,True,67,B,establishment|hair_care|point_of_interest
Clínica Meza,Otros,General,Luque,,"0000, Luque 0000, Paraguay",-25.2661527,-57.5081642,0981 667971,,4.2,5,False,67,B,establishment|health|point_of_interest
Kintsugi,Salon de Belleza,General,Coronel Oviedo,Azucena,"25.4668632 56, Cnel. Oviedo 3000, Paraguay",-25.4668566,-56.4336487,0987 155680,https://www.instagram.com/kintsugi_c.o_/profilecard/?igsh=Zm9kdzFvcWNzYng5,4.6,5,True,67,B,beauty_salon|establishment|point_of_interest
Gaby Coiffure,Salon de Belleza,General,Coronel Oviedo,,"HG4R+5Q9, Coronel Oviedo 050110, Paraguay",-25.4445776,-56.4580121,,,5.0,7,False,67,B,beauty_salon|establishment|point_of_interest
Peluquería Elva,Peluqueria,General,Villa del Rosario,,"Calle Tte. Bottana, Villa del Rosario 8180, Paraguay",-24.4282155,-57.1126117,,,4.8,6,False,67,B,establishment|hair_care|point_of_interest
Tomytattoo,Tatuajes/Piercing,General,Caacupé,,"Caacupé 030119, Paraguay",-25.4088875,-57.1474214,0985 535043,,4.3,8,False,67,B,establishment|point_of_interest|store
Oxy Gym,Gimnasio/Fitness,Gimnasio,San Pedro de Ycuamandyyú,,"WW7H+6CW, San Pedro de Ycuamandyyú 020101, Paraguay",-24.0866887,-57.0715449,,,5.0,1,False,65,B,establishment|gym|health|point_of_interest
Ale Nails Beauty Spa,Spa/Wellness,Spa,Asunción,,"Asunción 001512, Paraguay",-25.2524947,-57.57941940000001,0983 499418,https://www.instagram.com/_ale.nails__/,5.0,1,True,65,B,establishment|hair_care|point_of_interest|spa
LARIZA NAILS,Uñas/Nails,Salon Uñas,Villa Elisa,,"VIRGEN DEL ROSARIO ESQUINA SANTA CATALINA 602 VILLA ELISA, Villa Elisa 2610, Paraguay",-25.3767927,-57.5986747,0962 122235,,4.8,4,False,65,B,establishment|point_of_interest|spa
Peluqueria Mia,Peluqueria,General,Ypané,,"bernardino caballero, Ypané 1234, Paraguay",-25.4514707,-57.51716219999999,0994 142386,,3.7,3,False,65,B,beauty_salon|establishment|point_of_interest
Victoria the Barber,Barberia,General,Ypané,,"Ypané 111817, Paraguay",-25.4893319,-57.4821354,,,4.8,5,False,65,B,establishment|hair_care|health|point_of_interest
The Queens of nails y Lujan Merlos Makeup,Uñas/Nails,Salon Uñas,Ypané,,"Acceso Sur, Ypané 111813, Paraguay",-25.4633056,-57.5113278,0983 514343,,5.0,1,False,65,B,beauty_salon|establishment|point_of_interest
Atenea Nails Paraguay,Uñas/Nails,Salon Uñas,Ypané,,"Ruta Colonia Thompson - Villeta, Ypané 2660, Paraguay",-25.4605559,-57.5102351,0976 978896,,5.0,1,False,65,B,beauty_salon|establishment|point_of_interest
LA BOUTIQUE DE GRECIA,Otros,General,Itauguá,,"C. Patiño, Itauguá 110618, Paraguay",-25.3749069,-57.34583600000001,0972 992295,,5.0,3,False,65,B,clothing_store|establishment|point_of_interest|store
Cira Bejarano,Otros,General,Areguá,,"MJQ3+F8W, Areguá 110103, Paraguay",-25.3115675,-57.3966806,0981 231428,,5.0,1,False,65,B,establishment|point_of_interest
Funcional Five Factors,Gimnasio/Fitness,General,Itaugua,,"JJ82+J46, Itaugua 110619, Paraguay",-25.383741,-57.4001822,0972 992588,https://www.instagram.com/five_factors?igsh=ZmJlNDhrdXpibTd4,5.0,1,True,65,B,establishment|gym|health|point_of_interest
Studio de Belleza JohanaLopez_nails,Uñas/Nails,Salon Uñas,Itauguá,,"110622, Itauguá 110622, Paraguay",-25.3900542,-57.369251,0991 534973,,5.0,3,False,65,B,beauty_salon|establishment|hair_care|point_of_interest
FIT TRAINING,Gimnasio/Fitness,General,Caacupé,Buena Vista,"JV82+P65, Capitan Dominguez, Caacupé 030106, Paraguay",-25.3832304,-57.1493841,,,5.0,2,False,65,B,establishment|gym|health|point_of_interest
Tattoo Apoha,Tatuajes/Piercing,General,Caacupé,Barrio San Blas,"JV32+QPF, 3 Ra Proyectada, Caacupé 030108, Paraguay",-25.3955558,-57.1482059,0991 758137,,5.0,4,False,65,B,establishment|point_of_interest|store
Masajista Colmán,Otros,General,Caacupé,,"JR5Q+3FR, Caacupé 030107, Paraguay",-25.3922527,-57.1613448,,,4.6,11,False,65,B,establishment|point_of_interest
Cero Stress,Otros,General,Caacupé,Barrio San Miguel,"Segunda Proyectada, Caacupé 030107, Paraguay",-25.3921563,-57.14947309999999,0982 554584,,5.0,2,False,65,B,establishment|point_of_interest
Centro de Fisioterapia y Kinesiología,Otros,General,Ypané,,"Teniente Gonzáles 196, Ypané 002860, Paraguay",-25.4402524,-57.5229088,0971 274996,,5.0,1,False,65,B,establishment|health|physiotherapist|point_of_interest
Cosmeticos DAM,Estetica/Facial,Perfumeria,Ypané,,"Ruta Colonia Thompson - Villeta, Ypané 111808, Paraguay",-25.4539717,-57.5126173,0994 589019,,4.8,4,False,65,B,establishment|point_of_interest|store
Eco Cosmeticos Ypane,Estetica/Facial,Perfumeria,Ypané,,"GFWQ+96Q, Ruta Colonia Thompson - Villeta, Ypané 111808, Paraguay",-25.4540399,-57.5119036,0972 579936,,5.0,1,False,65,B,establishment|point_of_interest|store
Darkbluenails,Uñas/Nails,Salon Uñas,Ypane,,"Defensores del Chaco, Ypane 111801, Paraguay",-25.4585914,-57.5083095,0972 269922,,5.0,2,False,65,B,establishment|point_of_interest|spa
Unlimited INK estudio de tatuajes & piercing (pinchi_tattoo y sergio_tattooart),Tatuajes/Piercing,Piercing Studio,Ypané,,"Ypané 111802, Paraguay",-25.4594664,-57.5060708,0991 869772,https://www.instagram.com/pinchi_tattoo/,4.9,15,True,65,B,establishment|point_of_interest
PAMELA Lash & Nails,Uñas/Nails,Salon Uñas,San Antonio,,"Av. Ycua Ca'aguy, San Antonio 111312, Paraguay",-25.4263546,-57.5549885,0972 683043,,5.0,1,False,65,B,beauty_salon|establishment|point_of_interest
Spa de uñas Anita González,Spa/Wellness,Spa,Ypané,,"GG69+8V9, Acceso Sur, Ypané 111817, Paraguay",-25.489123,-57.48043899999999,0993 340038,https://www.instagram.com/estudioanitagonzalez?igsh=MW9xNTByZGM2d2Iwcg==,5.0,2,True,65,B,beauty_salon|establishment|point_of_interest
Cris Nails - Salón de uñas.,Uñas/Nails,Salon Uñas,Ypané,,"GFQX+VJH, Ypané 111802, Paraguay",-25.460356,-57.5008251,0984 953175,,5.0,2,False,65,B,beauty_salon|establishment|point_of_interest
Natura Gym,Gimnasio/Fitness,Gimnasio,Pilar,,"4, Pilar 120106, Paraguay",-26.8694485,-58.3027615,,,5.0,1,False,65,B,establishment|gym|health|point_of_interest
VITALIA Studio Pilates,Gimnasio/Fitness,Yoga/Pilates,Pilar,,"Teniente René Ríos, Pilar 2800, Paraguay",-26.8614624,-58.3095483,0975 443869,https://www.instagram.com/vitalia_pilates?igsh=MWJ3YjBycGd3c2J1Zw==,5.0,2,True,65,B,establishment|gym|health|point_of_interest
Scarlett Nails y Daia Boutique,Uñas/Nails,Salon Uñas,Caacupé,Barrio Pozo De La Virgen,"Dr Pino, Caacupé 030102, Paraguay",-25.381843,-57.1434401,0981 656159,,5.0,2,False,65,B,establishment|point_of_interest|store
Scarlett Nails,Uñas/Nails,Salon Uñas,Caacupé,,"JV87+W35, Caacupé 030101, Paraguay",-25.3707335,-57.14649009999999,0984 617611,,5.0,1,False,65,B,beauty_salon|establishment|point_of_interest
Karina Mossini “Estética Corporal y Facial”,Estetica/Facial,General,Posadas,,"N3300 Posadas, Misiones Province, Argentina",-27.4006371,-55.9898761,03755 58-9667,,5.0,3,False,65,B,establishment|point_of_interest
Bdstudiobeauty_,Otros,General,Ypané,,"Maria Auxiliadora, Ypané 1133, Paraguay",-25.4736079,-57.5054275,0973 901233,,5.0,1,False,65,B,establishment|point_of_interest
WHIMS TATTOO Y ESTUDIO DE IMAGEN INTEGRAL,Tatuajes/Piercing,General,Guarambaré,,"111014, Guarambaré 110403, Paraguay",-25.4961863,-57.4514127,0973 985597,,5.0,4,False,65,B,establishment|point_of_interest|store
Yma Ypané Martial Art,Gimnasio/Fitness,General,Ypané,,"2660, Ypané 2660, Paraguay",-25.4552737,-57.5092516,0985 208718,https://instagram.com/yma_2023?igshid=MzNlNGNkZWQ4Mg==,5.0,1,True,65,B,establishment|gym|health|point_of_interest
Karen Martinez GYM,Gimnasio/Fitness,Gimnasio,Ñemby,Posta Ybycua,"HFGW+6H7, Ruta Capiata - Thompson - Ypane, Ñemby 111803, Paraguay",-25.4245414,-57.50355169999999,0982 205144,https://www.instagram.com/kmtraining_gym?igsh=MWxybnhmOHRqZmRtNg==,5.0,1,True,65,B,establishment|gym|health|point_of_interest
LS Consultorio Odontológico,Otros,General,Ayolas,,"080202, Ayolas 080202, Paraguay",-27.3815935,-56.8409919,0983 155244,,5.0,2,False,65,B,establishment|health|point_of_interest
Lula Design- Cejas y Pestañas,Pestañas/Cejas,General,Itauguá,barrio san juan,"Km29, Itauguá 110613, Paraguay",-25.3847202,-57.39137989999999,0991 314340,,5.0,4,False,65,B,beauty_salon|establishment|point_of_interest
Romina Martinez Makeup Artist,Maquillaje,General,San Ignacio Guazú,,"Misiones San Ignacio, San Ignacio Guazú 5959, Paraguay",-26.8832381,-57.0274809,0971 967417,https://instagram.com/rominamartinez.makeup?igshid=MzRlODBiNWFlZA==,4.8,11,True,65,B,beauty_salon|establishment|point_of_interest
Brooklyn Barber Studio,Barberia,General,Caacupé,Barrio Buena Vista,"JV83+887, Caacupé 3000, Paraguay",-25.3841875,-57.1466875,0994 900070,https://www.instagram.com/brooklyn_barbersstudio?igsh=MXBlc2NwNTdnMjNsdw==&utm_source=qr,5.0,5,True,65,B,establishment|hair_care|health|point_of_interest
RD GYM FITNESS,Gimnasio/Fitness,Gimnasio,Ñemby,,"HF87+7C7, Ñemby 111226, Paraguay",-25.4298196,-57.53617449999999,0981 348415,https://www.facebook.com/gymrdfitness/,5.0,3,True,65,B,establishment|gym|health|point_of_interest
Gimnasio Mil Viviendas,Gimnasio/Fitness,Gimnasio,Ayolas,,"J583+M7Q, Ayolas 080202, Paraguay",-27.3828242,-56.8476538,,,5.0,1,False,65,B,establishment|point_of_interest
PROFIT Gimnasio Training & Fitness,Gimnasio/Fitness,Gimnasio,Ayolas,,"Ayolas 080203, Paraguay",-27.3939349,-56.8478343,,,4.5,2,False,65,B,establishment|gym|health|point_of_interest
López Gym,Gimnasio/Fitness,Gimnasio,Ayolas,,"Mil Viviendas - Ayolas Misiones 4830, Ayolas 080202, Paraguay",-27.3820087,-56.8436433,,,5.0,2,False,65,B,establishment|gym|health|point_of_interest
Polideportivo Municipal Ayolas,Otros,General,Ayolas,,"J45W+496, Ayolas 080203, Paraguay",-27.3922103,-56.8541022,,,4.5,11,False,65,B,establishment|point_of_interest
Santé Clinica Médica y Estética,Otros,General,Pedro Juan Caballero,,"General Bruguez, Pedro Juan Caballero 130113, Paraguay",-22.5457399,-55.7347237,0985 719710,,5.0,3,False,65,B,establishment|health|point_of_interest
EstetiCare,Estetica/Facial,General,Asunción,,"Pitiantuta, &, Asunción 001204, Paraguay",-25.276918,-57.60720579999999,0971 264525,,5.0,1,False,65,B,establishment|health|point_of_interest
Cosméticos y perfumes Mariela,Otros,General,Ypane,,"HF8V+8HR, Ruta Colonia Thompson, Ypane 111315, Paraguay",-25.4341407,-57.506117,0971 362467,,5.0,2,False,65,B,clothing_store|establishment|point_of_interest|store
Eric Cibils Tattoo Studio,Tatuajes/Piercing,Tattoo Studio,Altos,,"PQM2+XCH, Boqueròn, Altos 030202, Paraguay",-25.2650744,-57.2488944,0991 318989,,5.0,1,False,65,B,establishment|point_of_interest
Michelob ClubHouse by SOMA,Gimnasio/Fitness,General,San Bernardino,,"PM6P+QP2, San Bernardino 031601, Paraguay",-25.2878119,-57.312558,,,5.0,1,False,65,B,establishment|gym|health|point_of_interest
Casa del abuelo Pinky,Gimnasio/Fitness,General,San Bernardino,,"MPFG+892, Av. Mbokaja, San Bernardino 031603, Paraguay",-25.3267377,-57.2741057,,,4.8,4,False,65,B,establishment|gym|health|point_of_interest
Sanber Fight MMA,Gimnasio/Fitness,General,Ypacaraí,,"JP29+C6C, Ypacaraí 111702, Paraguay",-25.3989399,-57.2819808,,,5.0,2,False,65,B,establishment|gym|health|point_of_interest
Fisioestetica Felicita,Estetica/Facial,General,Luque,,"Del Maestro 642, Luque 5959, Paraguay",-25.2739752,-57.50174370000001,0986 582688,,5.0,1,False,65,B,establishment|health|physiotherapist|point_of_interest
OSMAR_FIT,Gimnasio/Fitness,General,Altos,,"PQQ2+M98, Altos 030202, Paraguay",-25.2606355,-57.2490913,,,5.0,2,False,65,B,establishment|gym|health|point_of_interest
Cristi Nails,Uñas/Nails,Salon Uñas,Gujaibity,,"VMPP+C97, Gujaibity 030606, Paraguay",-25.1140176,-57.313479,0994 951934,,5.0,1,False,65,B,beauty_salon|establishment|point_of_interest
The MENTAL studio II,Otros,General,Tobatí,,"Mcal. Estigarribia &, Ypané, Tobatí 031801, Paraguay",-25.2602731,-57.07585419999999,0994 746468,,5.0,1,False,65,B,establishment|point_of_interest
Tattoo Estudio Arte Urbano,Tatuajes/Piercing,General,San Antonio,,"HCPH+RF5, Fulgencio R. Moreno, San Antonio 111304, Paraguay",-25.4129756,-57.57127349999999,0986 866526,,5.0,3,False,65,B,establishment|point_of_interest|store
Fitness world,Gimnasio/Fitness,General,Ñemby,,"JC8R+FMP, 29 de Septiembre, Ñemby 111205, Paraguay",-25.3837819,-57.5583108,0972 383066,https://www.instagram.com/fitnessworld_024?igsh=MWM1cHo2cGpxOTdzdw%3D%3D&utm_source=qr,5.0,2,True,65,B,establishment|gym|health|point_of_interest
DC Pilates & Fisio - Sucursal Ñemby,Gimnasio/Fitness,Yoga/Pilates,San Lorenzo,,"JF59+55Q, San Lorenzo 111217, Paraguay",-25.3920365,-57.53200709999999,0983 101013,https://www.instagram.com/dcpilatespy/,5.0,4,True,65,B,establishment|gym|health|point_of_interest
PATTY TRAINING,Gimnasio/Fitness,General,Ñemby,,"Ñemby 111214, Paraguay",-25.397537,-57.546617,0991 910508,https://instagram.com/patty.training?igshid=YmMyMTA2M2Y=,5.0,3,True,65,B,establishment|gym|health|point_of_interest
VitalZone,Otros,General,Lúke,,"Sauce, Lúke 110933, Paraguay",-25.2701522,-57.504321,0994 876001,,5.0,1,False,65,B,establishment|point_of_interest
Clínica de Rehabilitación Fisiomedic Paraguay,Otros,General,Luque,,"Valeriano Zeballos, PGM6+32V, &, Luque 110921, Paraguay",-25.2672579,-57.489948,0984 103260,,5.0,2,False,65,B,establishment|health|point_of_interest
Consultorio Médico Medimac,Otros,General,Luque,,"Antequera 148, Luque 110929, Paraguay",-25.2711061,-57.4853713,0991 601260,,5.0,2,False,65,B,establishment|health|point_of_interest
Estetica Integral,Estetica/Facial,Centro Estetica,Lúke,,"Sauce 361, Lúke 110932, Paraguay",-25.2715275,-57.49862919999999,0986 501058,,5.0,2,False,65,B,establishment|point_of_interest|spa
BARBERIA STUDIO 21,Barberia,General,Luque,,"Campo Vía, Luque 110948, Paraguay",-25.2869666,-57.4926443,0992 721734,https://www.instagram.com/studio21.py?igsh=MXZqcHJwcnk4OGpidA==,4.5,8,True,65,B,establishment|point_of_interest|store
Jazmín Acosta Nails Studio,Uñas/Nails,Salon Uñas,Ypacaraí,,"2770, Ypacaraí 111706, Paraguay",-25.3783307,-57.2403945,0984 420460,,5.0,3,False,65,B,beauty_salon|establishment|hair_care|point_of_interest
Ms_mundomujer,Otros,General,Ñemby,,"Sta. Rosa casi, Ñemby 2014, Paraguay",-25.394386,-57.5479249,0971 798701,,5.0,1,False,65,B,establishment|point_of_interest|store
Subdistribuidora Millanel Ñemby,Otros,General,Ñemby,,"Av. Pratt Gill, Ñemby 111207, Paraguay",-25.3858438,-57.5485251,0983 575917,,5.0,1,False,65,B,establishment|point_of_interest|store
Perfumería Brunette,Otros,General,Coronel Oviedo,12 de Junio,"HH26+F7P, Independencia Nacional, Cnel. Oviedo 050106, Paraguay",-25.4487766,-56.4393085,0972 541662,,5.0,4,False,65,B,establishment|point_of_interest|store
Glam Tienda Virtual Coronel Oviedo,Otros,General,Coronel Oviedo,,"Fraccion Las Colinas, Manuel Ortiz Guerrero, Cnel. Oviedo 3300, Paraguay",-25.4527528,-56.4626104,0971 673380,,5.0,2,False,65,B,establishment|point_of_interest
Actívate Yoga,Gimnasio/Fitness,Yoga/Pilates,Encarnación,,"Villarrica y, Encarnación 070117, Paraguay",-27.3312235,-55.86799689999999,0992 457895,https://www.instagram.com/activateyogaclases/,5.0,4,True,65,B,establishment|gym|health|point_of_interest
AGF Dermatología,Otros,General,Encarnacion,,"Encarnacion 070113, Paraguay",-27.3262683,-55.8702543,0985 163030,,5.0,1,False,65,B,establishment|health|point_of_interest
Dra Patrícia Assis - Medicina Estética y Rejuvenecimiento no quirúrgico | Trasplante Capilar,Otros,General,Encarnación,,"Tomás R. Pereira, Encarnación 070117, Paraguay",-27.3319206,-55.8671523,0986 989602,,5.0,1,False,65,B,doctor|establishment|health|point_of_interest
"""Vitta"" Family Polyclinic Center",Otros,General,Encarnación,,"Gral. Artigas, Encarnación 6000, Paraguay",-27.3257298,-55.8703625,(071) 201 940,https://www.facebook.com/Vitta,4.6,12,True,65,B,establishment|health|point_of_interest
Frattini's,Otros,General,Encarnación,,"Villarrica 353, Encarnación 6000, Paraguay",-27.33045,-55.8675582,0986 796626,,5.0,3,False,65,B,establishment|point_of_interest|store
Ñasaindy Especialidades Médicas,Otros,General,Coronel Oviedo,Barrio Gral Caballero,"GHX4+XMV, Coronel Oviedo 050107, Paraguay",-25.4500002,-56.4433266,0521 201 577,,4.5,2,False,65,B,establishment|health|point_of_interest
Centro Cultural Yoga Devanand,Gimnasio/Fitness,Yoga/Pilates,Coronel Oviedo,Barrio General Caballero,"GHM8+Q4X, Marcelino Machuka, Cnel. Oviedo 050120, Paraguay",-25.4476128,-56.4429065,0971 434306,https://www.facebook.com/YOGADevanandParaguay?mibextid=ZbWKwL,5.0,1,True,65,B,establishment|gym|health|point_of_interest
Box997,Gimnasio/Fitness,CrossFit,Coronel Oviedo,Barrio Capitan Roa,"Centro, Cnel. Oviedo 050107, Paraguay",-25.4397205,-56.4413391,,,5.0,1,False,65,B,establishment|gym|health|point_of_interest
Rakiura Resort Gym & Wellness,Spa/Wellness,Gimnasio,Luque,,"QF4V+VX9, America, Luque 2060, Paraguay",-25.2429492,-57.5051551,,,5.0,4,False,65,B,establishment|gym|health|point_of_interest
LZ PILATES - Equilibrio y Bienestar,Gimnasio/Fitness,Yoga/Pilates,San Antonio,,"Av. San Antonio, San Antonio 2650, Paraguay",-25.4080464,-57.5707207,0994 493882,https://www.instagram.com/lzfitness_z?igsh=MW8xemI2cGNtNWdyYg%3D%3D&utm_source=qr,5.0,4,True,65,B,establishment|gym|health|point_of_interest
NB Pilates,Gimnasio/Fitness,Yoga/Pilates,Encarnación,,"Honorio González 1316, Encarnación 070110, Paraguay",-27.3318718,-55.8599851,,,5.0,1,False,65,B,establishment|gym|health|point_of_interest
Eli López belleza y spa,Spa/Wellness,Spa,Coronel Oviedo,Barrio Santa Lucia,"25 de Diciembre, Cnel. Oviedo 050101, Paraguay",-25.4320028,-56.44328360000001,,http://wa.me/595976413624,4.9,15,True,65,B,beauty_salon|establishment|point_of_interest|spa
Barber's House,Barberia,General,Limpio,,"RGQF+F6V Avnida San jose, &, Limpio 110813, Paraguay",-25.1626551,-57.47584339999999,0983 521982,https://www.instagram.com/barbershouse_gentlemens?igsh=MXFqNjRjMXJ0b3hybg==,5.0,5,True,65,B,establishment|hair_care|health|point_of_interest
Bonita Spa,Spa/Wellness,Spa,Coronel Oviedo,12 de Junio,"HH28+C74, Humaita, Cnel. Oviedo 050106, Paraguay",-25.4489752,-56.4343058,,,5.0,1,False,65,B,beauty_salon|establishment|point_of_interest
Vanidosa fisio-Spa,Spa/Wellness,Spa,Ypakarai,,"HPQ4+JMC, El Triunfo, Ypakarai 111703, Paraguay",-25.4109403,-57.2933627,,,5.0,2,False,65,B,establishment|point_of_interest|spa
LAPISLÁZULI CEJAS & PESTAÑAS - SPA,Spa/Wellness,Spa,Ñemby,,"Import Parts & Cars, Acceso Sur 9095, Ñemby 111210, Paraguay",-25.3809964,-57.5531166,,,4.7,3,False,65,B,establishment|point_of_interest|spa
Thamy Makeup,Maquillaje,General,Ñemby,,"January 6th place, Elizabeth casi, Ñemby 111217, Paraguay",-25.4007245,-57.5265184,0992 625714,,5.0,4,False,65,B,beauty_salon|establishment|point_of_interest
Studio de maquillaje “Carmen Sanz”,Maquillaje,General,Luque,,"Los guaranies c, 11 de Setiembre, Luque 110925, Paraguay",-25.2794043,-57.4709149,,,4.8,12,False,65,B,establishment|point_of_interest
Divas Make up Luque,Maquillaje,General,Luque,,"PGH6+V7W, Javier Bogarin, Luque 110930, Paraguay",-25.270271,-57.4893015,0986 101523,,4.8,4,False,65,B,establishment|hair_care|point_of_interest
Samsara Yoga Studio,Gimnasio/Fitness,Yoga/Pilates,Villa Elisa,,"Américo Picco 4191 casi, Villa Elisa 0000, Paraguay",-25.3779263,-57.5869789,0972 459458,https://www.instagram.com/samsarayoga24?igsh=MXdtZjVxZG5uOTJvNw==,5.0,3,True,65,B,establishment|gym|health|point_of_interest
Anjelic García Estetica_Makeup_Nails,Uñas/Nails,Salon Uñas,Itá,,"Carlos Antonio Lopez 551, Itá 110501, Paraguay",-25.5062397,-57.3617273,0991 577251,,5.0,2,False,65,B,beauty_salon|establishment|point_of_interest
Clínica Santa Lucía,Otros,General,Itá,,"GJ2V+25Q, Itá 110505, Paraguay",-25.4999828,-57.3571696,0972 308508,,5.0,2,False,65,B,establishment|health|point_of_interest
Ink Tattoo studio Oscar Ramirez,Tatuajes/Piercing,Tattoo Studio,Itá,,"intendente Chávez y, Itá 110505, Paraguay",-25.5092382,-57.3524306,0972 828495,,5.0,1,False,65,B,establishment|point_of_interest|store
Spa de Uñas Gabriela Osorio Nails,Spa/Wellness,Spa,Itá,,"29 de septiembre, Itá 110502, Paraguay",-25.5031788,-57.36487149999999,0991 791690,https://instagram.com/gabriela__osorio_nails?igshid=OGQ5ZDc2ODk2ZA==,5.0,4,True,65,B,beauty_salon|establishment|point_of_interest
Paola Isidre Nails 💅,Uñas/Nails,Salon Uñas,Itá,,"Barrio Ita poty, Itá 110503, Paraguay",-25.5085989,-57.37430149999999,0986 534293,,5.0,1,False,65,B,beauty_salon|establishment|point_of_interest
Bianca Tellez Nail Art Studio,Uñas/Nails,General,Itá,,"FJRQ+X78, Carlos Antonio Lopez, Itá 110503, Paraguay",-25.5075962,-57.3617822,0986 446157,,5.0,1,False,65,B,clothing_store|establishment|point_of_interest|store
"Kike Iglesias Pilates, Luque",Gimnasio/Fitness,Yoga/Pilates,Luque,,"QF2X+R22, Luque 110915, Paraguay",-25.2477997,-57.5017296,,,5.0,1,False,65,B,establishment|gym|health|point_of_interest
Motion Pilates Studio,Gimnasio/Fitness,Yoga/Pilates,Lúke,,"Ignacio Vera Casi, Lúke 110904, Paraguay",-25.2362963,-57.48028969999999,0976 563593,https://www.instagram.com/motionpilates.py/profilecard/?igsh=MW5seHpxanJoNXRvcg==,5.0,2,True,65,B,establishment|gym|health|point_of_interest
Almadhāra Wellness Center. Pilates y Yoga. Terapias de sanación,Spa/Wellness,Yoga/Pilates,Luque,,"Pitiantuta esq, Luque 110917, Paraguay",-25.2579939,-57.50597769999999,0972 571035,http://www.instagram.com/almadharawellness,5.0,1,True,65,B,establishment|health|point_of_interest
VIVA PILATES FEM,Gimnasio/Fitness,Yoga/Pilates,Lúke,,"QF3R+WFJ, Mariscal José Félix Estigarribia, Lúke 110916, Paraguay",-25.2451628,-57.5088476,0972 593366,https://www.facebook.com/Viva-Pilates-Fem-356334878035876/?fref=ts,5.0,3,True,65,B,establishment|gym|health|point_of_interest
SUPERMERCADO SANTA MARIA - ATYRA,Otros,General,Atyrá,,"PRCF+2M6, Av Atyra, Atyrá 030401, Paraguay",-25.2800813,-57.1758178,0984 226885,https://www.instagram.com/supersantamaria__?igsh=MWN1cmtjaTljc24xZA==,4.6,19,True,65,B,establishment|food|grocery_or_supermarket|point_of_interest|store|supermarket
Su Beauty and Nails,Uñas/Nails,Salon Uñas,Limpio,,"Carlos A. Lopez, Limpio 110816, Paraguay",-25.1749892,-57.47970539999999,0984 241295,,5.0,2,False,65,B,establishment|hair_care|point_of_interest
Mechi Alvez Nails,Uñas/Nails,Salon Uñas,Limpio,,"4 de julio, Limpio 110814, Paraguay",-25.1679182,-57.49148839999999,0981 722628,,5.0,2,False,65,B,beauty_salon|establishment|point_of_interest
Bella Estética Corporal,Spa/Wellness,General,Pedro Juan Caballero,Vila Militar,"F73C+VPW, Pedro Juan Caballero 130113, Paraguay",-22.545266,-55.7281734,,,5.0,1,False,65,B,establishment|point_of_interest|spa
Spa Belleza,Spa/Wellness,Spa,Pedro Juan Caballero,,"C7VC+93M, Pedro Juan Caballero 130120, Paraguay",-22.5565263,-55.7298352,0976 570693,https://www.instagram.com/_spabelleza_/profilecard/?igsh=MWFyMXZkaHBoc3BwMA==,5.0,1,True,65,B,beauty_salon|establishment|point_of_interest
Barbie Spa - By Micheli Samudio,Spa/Wellness,Spa,Pedro Juan Caballero,,"Ceferino Gaona, Pedro Juan Caballero 130117, Paraguay",-22.568185,-55.7420172,0975 123911,,3.0,3,False,65,B,establishment|point_of_interest|spa
RL Relax Baby Spa,Spa/Wellness,Spa,Pedro Juan Caballero,,"General Jose Maria Bruguez , N°776 entre Colón y Alberdi Pedro Juan Caballero, Pedro Juan Caballero 8500, Paraguay",-22.5370936,-55.7400096,0971 830222,https://www.facebook.com/RLrelaxBabySpa/,5.0,1,True,65,B,establishment|health|point_of_interest|spa
Brugge Spa,Spa/Wellness,Spa,Limpio,,"RGMF+6WR, Limpio 110813, Paraguay",-25.1667613,-57.47523639999999,,,5.0,1,False,65,B,beauty_salon|establishment|point_of_interest
Laboratorio Integral,Otros,General,Itá,,"General Caballero 1419, Itá 110505, Paraguay",-25.5084299,-57.35802989999999,0962 334636,,5.0,3,False,65,B,establishment|health|point_of_interest
En BUENAS MANOS SALÓN PARA UÑAS,Uñas/Nails,Salon Uñas,Itá,,"teniente, Rojas Silva, &, Itá 2710, Paraguay",-25.5060986,-57.3604315,,,4.8,19,False,65,B,beauty_salon|establishment|point_of_interest|spa
Municipalidad de Atyra,Otros,General,Atyrá,,"Mcal. Jose F. Estigarribia y, Atyrá 030401, Paraguay",-25.2782571,-57.1722648,(0520) 20188,https://www.facebook.com/profile.php?id=100064465371584&mibextid=LQQJ4d,4.8,11,True,65,B,establishment|point_of_interest
Técnico Superior Bonita - Itauguá,Otros,General,Itauguá,,"CABO GILBERTO FERNANDEZ CASI, Itauguá 2740, Paraguay",-25.3925408,-57.3528649,0986 454160,,4.5,2,False,65,B,establishment|point_of_interest
Gm Cosméticos,Otros,General,Itauguá,,"2, C. Patiño, Itauguá 110605, Paraguay",-25.3928112,-57.35284619999999,0982 865401,,5.0,2,False,65,B,establishment|point_of_interest|store
Forma-Fit Gym,Gimnasio/Fitness,Gimnasio,Ñemby,,"HF3W+J85, Juan Bautista Egusquiza, Ñemby 111808, Paraguay",-25.445977,-57.5041264,,,5.0,1,False,65,B,establishment|point_of_interest
CM Dr. Christian Castillo,Otros,General,Ypané,,"Avda. Bernardino Caballero Esq/ 8 de Diciembre, Ypané 111810, Paraguay",-25.4514935,-57.5170161,0985 814209,,5.0,3,False,65,B,doctor|establishment|health|point_of_interest
"TERERE RUPA ""EL GYM""",Gimnasio/Fitness,Gimnasio,Ypané,,"Bernardino Caballero esq, Ypané 111810, Paraguay",-25.4489805,-57.52248189999999,,,5.0,3,False,65,B,establishment|food|point_of_interest|store
Cami Arévalos Hair and Makeup,Peluqueria,General,Ayolas,,"J42V+98Q, Av. Mariscal Francisco Solano López, Ayolas 080204, Paraguay",-27.3990285,-56.8566466,0985 453465,,3.8,4,False,65,B,beauty_salon|establishment|point_of_interest
@VentasOnlineRG,Otros,General,Fernando de la Mora,Fernando Zona Sur,"fernando zona sur Fernando de la Mora, Fernando de la Mora 2300, Paraguay",-25.3331379,-57.5675755,0981 180297,,5.0,2,False,65,B,establishment|point_of_interest|store
Leda Nails Art,Uñas/Nails,Salon Uñas,San Ignacio Guazú,,"Tujuti, San Ignacio Guazú 080304, Paraguay",-26.8829203,-57.0239893,0985 110503,,5.0,4,False,65,B,beauty_salon|establishment|point_of_interest
BZ Gym,Gimnasio/Fitness,Gimnasio,Pilar,,"4P95+RJP, Pilar 120108, Paraguay",-26.8804052,-58.2909368,0971 534033,https://www.instagram.com/bz.gimnasio?igsh=OGZ0ZnRjMnNxODh5,5.0,1,True,65,B,establishment|gym|health|point_of_interest
VitalFitness,Gimnasio/Fitness,General,Pilar,,"4MPX+866, Antequera, Pilar 120106, Paraguay",-26.864221,-58.3019962,0975 775882,https://instagram.com/vitalfitness24?igshid=MzRlODBiNWFlZA==,5.0,4,True,65,B,establishment|gym|health|point_of_interest
Nayeli Rojas Studio,Spa/Wellness,General,Lambaré,,"De la Conquista casi, Lambaré 110730, Paraguay",-25.3593943,-57.60967499999999,0984 972894,https://wa.me/595984497911,5.0,4,True,65,B,establishment|point_of_interest|spa
Academia El León de Judá,Gimnasio/Fitness,General,Ypané,,"Paso de Patria, Ypané 111809, Paraguay",-25.4345219,-57.51218650000001,,,5.0,1,False,65,B,establishment|health|point_of_interest
Romi Gasha,Spa/Wellness,General,Ayolas,,"J596+9GQ, Ayolas 080202, Paraguay",-27.381462,-56.839287,,,4.8,4,False,65,B,establishment|point_of_interest|spa
Hanan Boryaillez Makeup,Maquillaje,General,Ayolas,,"Av. Dorado, Ayolas 4830, Paraguay",-27.3898402,-56.855779,0985 347218,,5.0,1,False,65,B,beauty_salon|establishment|point_of_interest
Home Pro Barbersupply,Barberia,General,Ciudad del Este,,"Shopping Internacional Sala 7, 8 y 7000 9, Av. Adrián Jara, Cd. del Este 100136, Paraguay",-25.5111017,-54.6086481,0987 410937,http://www.homepro.com.py/,4.5,77,True,65,B,establishment|point_of_interest|store
Doña Bonita. Especialistas en cejas - Depilación con hilos - Maquillaje semipermanente P.M.U,Maquillaje,General,Asunción,,"Pancha Garmendia 6435 casi, Asunción 001415, Paraguay",-25.3079373,-57.56886710000001,0984 214208,http://bit.ly/2NzG9F1,4.8,194,True,65,B,beauty_salon|establishment|point_of_interest
Bar de Cejas,Pestañas/Cejas,General,Asunción,,"Alberdi casi, Asunción 1209, Paraguay",-25.2815277,-57.6354965,(021) 728 8000,http://www.bardecejas.com/,4.7,181,True,65,B,beauty_salon|establishment|point_of_interest
YaninaDuarte microblading & pestañas,Pestañas/Cejas,General,Puerto Iguazú,,"Estanislao López 244, N3370 Puerto Iguazú, Misiones, Argentina",-25.610663,-54.5726084,011 3040-8186,,5.0,2,False,65,B,establishment|point_of_interest
Jungle Box,Otros,CrossFit,Puerto Iguazú,,"Fray Mamerto Esquiú 90, N3370 Puerto Iguazú, Misiones, Argentina",-25.6002197,-54.5699196,,,4.7,12,False,65,B,establishment|point_of_interest
Odontologia Miranda Estética Dentofacial,Estetica/Facial,General,Asunción,,"Solar Guarani, Asunción 1380, Paraguay",-25.305164,-57.60541009999999,0985 380756,,5.0,3,False,65,B,establishment|health|point_of_interest
Salón Noe,Peluqueria,General,Itá,,"Acceso a Itá, Itá 2710, Paraguay",-25.5196474,-57.3711464,0991 625805,,3.5,2,False,65,B,establishment|hair_care|point_of_interest
Vanette Nails&coffee,Uñas/Nails,Salon Uñas,Luque,,"Ladislao Orrego entre, Av. Gral. Aquino y, Luque 110934, Paraguay",-25.2645224,-57.510318,0972 757297,https://www.instagram.com/vanettenails?igsh=MTJmemU0ZzZ0cThxcw==,5.0,13,True,65,B,beauty_salon|cafe|establishment|food|point_of_interest|store
Ariel Cosméticos 11S Fdo Zona Sur,Otros,General,Fernando de la Mora,Fernando Zona Sur,"11 de Setiembre, Fernando de la Mora 110316, Paraguay",-25.3433215,-57.54891800000001,0991 325003,,5.0,2,False,65,B,establishment|point_of_interest|store
Quinta Don López,Spa/Wellness,General,Limpio,,"RGWV+HG5, Limpio 110812, Paraguay",-25.1536085,-57.4561277,,,4.7,3,False,65,B,establishment|point_of_interest|spa
Yohana Fernandez Nails,Uñas/Nails,Salon Uñas,Pedro Juan Caballero,,"Calle José Santos entre Jorge Casaccia e, Isabel F. de Rodriguez, Pedro Juan Caballero 130117, Paraguay",-22.5754127,-55.7401115,0976 824154,,5.0,1,False,65,B,beauty_salon|establishment|point_of_interest
Spa de belleza Mirian,Spa/Wellness,Spa,Pedro Juan Caballero,,"C7V5+5H2, Felix Perez Cardozo, Pedro Juan Caballero 130119, Paraguay",-22.5571041,-55.7411009,,,5.0,3,False,65,B,establishment|hair_care|point_of_interest
Estética Cuerpo Perfecto,Otros,General,Pedro Juan Caballero,Vila Militar II,"Pedro Juan Caballero 130123, Paraguay",-22.5593363,-55.7202074,0975 259478,,5.0,3,False,65,B,establishment|point_of_interest
Crislaine Barbosa nails,Uñas/Nails,Salon Uñas,Pedro Juan Caballero,Vila Militar II,"Adela Speratti, Pedro Juan Caballero 130123, Paraguay",-22.5546709,-55.7217342,(67) 99195-0430,,5.0,1,False,65,B,beauty_salon|establishment|point_of_interest
T. A. Nails & Makep Up,Uñas/Nails,Salon Uñas,Ypacaraí,,"HPX4+VV3, Ypacaraí 111701, Paraguay",-25.4003521,-57.29283100000001,,,5.0,10,False,65,B,beauty_salon|establishment|point_of_interest
Terra Spa,Spa/Wellness,Spa,Atyrá,,"PR9G+7WW, Gral. Jose E. Diaz, Atyrá 030402, Paraguay",-25.2817506,-57.17268019999999,0981 766905,,3.0,2,False,65,B,establishment|lodging|point_of_interest|spa
Posada la Hacienda Paraguay,Otros,General,Atyrá,,"PRCR+G87, Atyrá 030405, Paraguay",-25.2796418,-57.1593969,0991 950960,https://www.instagram.com/posadalahacienda/,4.8,16,True,65,B,establishment|lodging|point_of_interest
Arita nails,Uñas/Nails,Salon Uñas,Limpio,,"RGMR+23W, 8 de Diciembre, Limpio 110817, Paraguay",-25.1673995,-57.45979389999999,0984 697616,,5.0,2,False,65,B,establishment|hair_care|point_of_interest
Nails Mistica Recalde,Uñas/Nails,Salon Uñas,Limpio,,"Limpio_Py, Limpio 0614, Paraguay",-25.1754635,-57.498372,0982 496972,,5.0,2,False,65,B,beauty_salon|establishment|point_of_interest
Kuña Porã Centro de capacitación y formación laboral,Otros,General,Pedro Juan Caballero,Vila Militar II,"Iturbe y, Pedro Juan Caballero 130112, Paraguay",-22.543617,-55.7300944,0994 408825,,5.0,1,False,65,B,establishment|point_of_interest|store
EnfStética Estética Avançada Flor da Pele,Otros,General,Pedro Juan Caballero,Vila Militar II,"C7WG+4HQ, Mariscal Francisco Solano López, Pedro Juan Caballero 130123, Paraguay",-22.5546739,-55.723519,(67) 99855-6118,,5.0,1,False,65,B,establishment|point_of_interest|store
Azucena Soria Nails,Uñas/Nails,Salon Uñas,Pedro Juan Caballero,,"Toledo, &, Pedro Juan Caballero 130118, Paraguay",-22.5668067,-55.739811,0971 936582,,5.0,1,False,65,B,establishment|hair_care|point_of_interest
Talhia Sande Nails,Uñas/Nails,Salon Uñas,Pedro Juan Caballero,,"Pedro Juan Caballero 130115, Paraguay",-22.5565519,-55.7490844,,,4.9,10,False,65,B,beauty_salon|establishment|point_of_interest
SEMPER,Otros,General,Luque,,"José Bonifacio 299, Luque 110933, Paraguay",-25.2683813,-57.50535019999999,0984 833748,http://wa.me/595984833748,4.9,16,True,65,B,establishment|health|point_of_interest|store
Alma Rosa Cosméticos,Otros,General,Encarnación,,"Sobre Villarrica, c/ Mallorquin, Encarnación 070117, Paraguay",-27.3306285,-55.8679595,0975 500605,,5.0,1,False,65,B,establishment|point_of_interest|store
MaryM Cosméticos,Otros,General,Encarnación,,"070110, Encarnación 070118, Paraguay",-27.3364044,-55.86077659999999,0984 118177,,5.0,1,False,65,B,establishment|point_of_interest|store
LAB_QUEEN,Salon de Belleza,General,Limpio,,"Santa Lucía, Limpio 110815, Paraguay",-25.1676657,-57.4841938,0981 692988,,3.7,3,False,65,B,beauty_salon|establishment|point_of_interest
Pamela Martínez Beauty Studio,Otros,General,Itá,,"2710, Itá 2710, Paraguay",-25.5086092,-57.3592811,0985 119381,,5.0,3,False,65,B,establishment|point_of_interest
BaezTatoo,Otros,General,Encarnación,,"M4QJ+G36, Encarnación 070106, Paraguay",-27.3112013,-55.8698502,0981 585121,,5.0,2,False,65,B,establishment|point_of_interest|store
SG Sandra Garay Make-up Nails,Uñas/Nails,Salon Uñas,Encarnación,,"M47M+FGP, Mcal. Estigarribia, Encarnación 070117, Paraguay",-27.3364031,-55.86618490000001,0983 443843,,4.5,2,False,65,B,beauty_salon|establishment|point_of_interest
La Michi Tienda,Otros,General,Limpio,,"Barrio El Portal, Limpio 110822, Paraguay",-25.1799868,-57.48649270000001,0982 156808,,5.0,2,False,65,B,establishment|point_of_interest|store
Sady Caballero | Salón de Uñas,Uñas/Nails,Salon Uñas,Yaguarón,,"CCP MC4, Yaguarón 4620, Paraguay",-25.5523292,-57.2908479,0971 879624,,5.0,2,False,65,B,beauty_salon|establishment|point_of_interest
Arita Nails,Uñas/Nails,Salon Uñas,Luque,,"Ykuaroty c, Luque 2060, Paraguay",-25.2450966,-57.49397260000001,0984 845441,,5.0,1,False,65,B,establishment|point_of_interest|spa
CLUB 6 DE ENERO,Gimnasio/Fitness,General,Ita Potrero,,"FMGV+X88, Ita Potrero 091504, Paraguay",-25.5225865,-57.3066793,,,5.0,3,False,65,B,establishment|gym|health|point_of_interest
Venus Belleza Shop,Otros,General,Pedro Juan Caballero,Vila Militar II,"Perpétuo Socorro 170, Pedro Juan Caballero 1206, Paraguay",-22.5408362,-55.7319815,0975 397883,,5.0,2,False,65,B,establishment|point_of_interest|store
willas tattoo,Tatuajes/Piercing,General,Pedro Juan Caballero,Vila Militar II,"Cerró leon entre, R. Cerro Corá y, Pedro Juan Caballero 130104, Paraguay",-22.5330872,-55.7409714,0971 755183,,5.0,4,False,65,B,establishment|point_of_interest
Lula design - cejas y pestañas Capiatá,Pestañas/Cejas,General,Capiatá,,"Cerca de, JHV5+Q2H 110220, Ave Mcal.F.S.lopez, Capiatá 110220, Paraguay",-25.3555708,-57.4423919,0991 314340,,5.0,1,False,65,B,beauty_salon|establishment|point_of_interest
Evamar beauty spa,Spa/Wellness,Spa,Kapi'atã,,"Emilio Gabriaguéz, Kapi'atã 110218, Paraguay",-25.3525378,-57.4373884,0981 776975,https://www.instagram.com/evamarbeautyspa/,5.0,1,True,65,B,establishment|point_of_interest|spa
Villar Tattoo Studio,Tatuajes/Piercing,Tattoo Studio,Encarnación,,"Honorio González Casi, Encarnación 6000, Paraguay",-27.3301754,-55.8603435,0986 931956,https://instagram.com/villar_studio,4.9,10,True,65,B,establishment|point_of_interest
José Pankow Tattoo,Tatuajes/Piercing,General,Ñemby,,"San Miguel, Ñemby 111214, Paraguay",-25.3885281,-57.55019309999999,0982 750427,,5.0,1,False,65,B,establishment|point_of_interest|store
Chito Tattoo Studio,Tatuajes/Piercing,Tattoo Studio,San Lorenzo,,"La Victoria, San Lorenzo 111473, Paraguay",-25.3925269,-57.50876470000001,0983 258449,,5.0,3,False,65,B,establishment|point_of_interest
Risaldi Tattoo,Tatuajes/Piercing,General,Ñemby,,"Av. Caaguazú, Ñemby 0000, Paraguay",-25.4060784,-57.52608189999999,0982 816149,https://www.instagram.com/risaldi_tattoo/,4.8,19,True,65,B,establishment|point_of_interest|store
Beatríz Britez Nails,Uñas/Nails,Salon Uñas,Ñemby,,"Padre Guillermo y, Ñemby 111220, Paraguay",-25.3910776,-57.5203137,0982 958144,,5.0,1,False,65,B,beauty_salon|establishment|point_of_interest
ZZETA BARBER CLUB,Barberia,General,Encarnación,,"Gral. Artigas, Encarnación 070116, Paraguay",-27.3376953,-55.8688588,0994 619116,https://www.instagram.com/zzeta_barberclub?igsh=Y2IxODBodmJtNW0x,5.0,5,True,65,B,establishment|hair_care|health|point_of_interest
Center Gym,Gimnasio/Fitness,Gimnasio,Encarnación,,"6000, Encarnación 6000, Paraguay",-27.3271541,-55.86509969999999,0972 454840,https://instagram.com/center.gym.enc?igshid=YmMyMTA2M2Y=,5.0,2,True,65,B,establishment|gym|health|point_of_interest
Gimnasio Smart Fit - Encarnación,Gimnasio/Fitness,Gimnasio,Encarnación,,"Shopping Costanera, Gral Aquino, Encarnación 070113, Paraguay",-27.3254568,-55.8755562,,https://www.smartfit.com.py/gimnasios/costanero,4.9,116,True,65,B,establishment|gym|health|point_of_interest
DAIFIT CENTRO FITNESS,Gimnasio/Fitness,General,Encarnación,,"DAIFIT CENTRO FITNESS [Juan León Mallorquín casi, Villarrica 6000, Encarnación 6000, Paraguay",-27.3301642,-55.8681508,0991 437934,https://www.instagram.com/daifit_enc?igsh=MWlhdmhoYnpqbjZobA==&utm_source=qr,5.0,1,True,65,B,establishment|gym|health|point_of_interest
Lorena Galeano Barber Shop,Barberia,Barberia Moderna,Encarnación,,"Honorio González, Encarnación 6000, Paraguay",-27.3283255,-55.86049819999999,0983 897268,https://www.instagram.com/lorethebarber/,5.0,6,True,65,B,establishment|hair_care|health|point_of_interest
OXY FITNESS,Gimnasio/Fitness,General,Itaugua,,"JM22+2QV, Itaugua 110610, Paraguay",-25.3997514,-57.3490372,,,5.0,1,False,65,B,establishment|gym|health|point_of_interest
M&N Fitness Center,Gimnasio/Fitness,Gimnasio,Itauguá,,"JJ3W+85V, Francisco Caballero Alvarez, Itauguá 110611, Paraguay",-25.3967274,-57.35450460000001,,,5.0,1,False,65,B,establishment|gym|health|point_of_interest
CIRCUITO para Entrenamiento Itauguá,Gimnasio/Fitness,General,Itaugua,,"JJ7M+Q4X, Itaugua 110603, Paraguay",-25.3855233,-57.3671541,,,4.5,2,False,65,B,establishment|gym|health|point_of_interest
SMART GYM,Gimnasio/Fitness,Gimnasio,Itaugua,,"JJ62+4HH, Itaugua 110614, Paraguay",-25.3896875,-57.39851119999999,,,5.0,1,False,65,B,establishment|gym|health|point_of_interest
Grachi Cosmeticos,Estetica/Facial,Perfumeria,Fernando de la Mora,Fernando Zona Sur,"11 de Setiembre 1321, Fernando de la Mora 110320, Paraguay",-25.3379933,-57.559237,0994 312111,,5.0,1,False,65,B,establishment|point_of_interest|store
Ñasaindy Pilates,Gimnasio/Fitness,Yoga/Pilates,Capiatá,,"JGMF+6M2, San Roque González de Sta. Cruz, Capiatá 110242, Paraguay",-25.366777,-57.47651,0971 140599,https://www.instagram.com/nasaindypilates?igsh=MWdwbXFrejdxNGRoMA==,5.0,1,True,65,B,establishment|gym|health|point_of_interest
Gym_In_Home_RL,Gimnasio/Fitness,Gimnasio,Capiatá,,"Km 17 ruta 2, Capiatá 110212, Paraguay",-25.3523248,-57.473667,0983 204767,https://www.instagram.com/gym_in_home_rl/,5.0,4,True,65,B,establishment|gym|health|point_of_interest
Kathespanailspy,Spa/Wellness,Spa,San Ignacio Guazú,,"4X47+W88, San Ignacio Guazú 080306, Paraguay",-26.8927057,-57.0366582,,,4.5,2,False,65,B,beauty_salon|establishment|point_of_interest
Fasla Clinic,Otros,General,San Ignacio Guazú,,"Av. Estero Bellaco, San Ignacio Guazú 080304, Paraguay",-26.8840265,-57.0273046,0975 688064,https://www.instagram.com/faslaclinic.py?igsh=ZzNkMWxuNWxrNXp3,5.0,12,True,65,B,establishment|health|point_of_interest
Bellezadorispa,Spa/Wellness,Spa,San Ignacio Guazú,,"Gral. Bernardino Caballero, San Ignacio Guazú 080306, Paraguay",-26.8975819,-57.0289594,,,5.0,2,False,65,B,beauty_salon|establishment|point_of_interest
Uñas bonitas,Uñas/Nails,Salon Uñas,Abay,,"4X35+CV, Abay 080306, Paraguay",-26.8964243,-57.0402459,0975 764759,,5.0,2,False,65,B,beauty_salon|establishment|point_of_interest
Cema Cosméticos,Otros,General,Pilar,,"4MRX+WWM, 14 de Mayo, Pilar 120104, Paraguay",-26.857658,-58.3002149,0786 231 760,,5.0,1,False,65,B,establishment|point_of_interest|store
LR COSMÉTICOS,Otros,General,Pilar,,"4PV2+4WQ, Pilar 120103, Paraguay",-26.8571505,-58.29766679999999,0975 111793,,5.0,2,False,65,B,establishment|point_of_interest|store
Fredy Art Tattoo Estudio,Tatuajes/Piercing,General,Areguá,,"Teodoro libran y, Areguá 110101, Paraguay",-25.3130708,-57.37778770000001,0991 805035,https://www.instagram.com/fredyart_tattooestudio?igsh=eTRwN3Jrc2hrcGFu&utm_source=qr,4.8,12,True,65,B,establishment|point_of_interest|store
Natural Mistick Tattoo Studio,Tatuajes/Piercing,Tattoo Studio,Itaugua,,"JJ4X+CHW, Itaugua 110605, Paraguay",-25.3938984,-57.35106750000001,,,5.0,11,False,65,B,establishment|point_of_interest
Bartolomé De Las Casas,Gimnasio/Fitness,General,Asunción,,"Taruma 1394, Asunción 001423, Paraguay",-25.3217018,-57.5975547,,,4.5,4,False,65,B,establishment|gym|health|point_of_interest
Arandu Yoga,Gimnasio/Fitness,Yoga/Pilates,Ciudad del Este,,"Quebracho con, Los Aztecas, Cd. del Este 100152, Paraguay",-25.51799,-54.6291511,0982 956030,https://aranduyoga.wixsite.com/aranduyogapy,5.0,18,True,65,B,establishment|gym|health|point_of_interest
Centro de Capacitación L.V,Otros,General,Lambaré,,"Silvio Pettirossi 347, Lambaré 2420, Paraguay",-25.3447626,-57.6272084,0984 668401,,5.0,3,False,65,B,establishment|point_of_interest
Bar de Cejas,Pestañas/Cejas,General,Lambare,,"Paseo Cerro Alto, Av. Cacique Lambare y, Lambare 2420, Paraguay",-25.3422752,-57.6068732,(021) 728 8000,http://www.bardecejas.com/,4.7,155,True,65,B,beauty_salon|establishment|point_of_interest
Angeles estética,Uñas/Nails,General,Ñemby,,"Mercado municipal, Ñemby 2572, Paraguay",-25.3899832,-57.54653469999999,0984 581260,,5.0,1,False,65,B,beauty_salon|establishment|point_of_interest
Mónica Torres Nails Artist,Uñas/Nails,Salon Uñas,Luque,,"110914, Luque 2060, Paraguay",-25.2525174,-57.4836443,0971 779103,,5.0,3,False,65,B,beauty_salon|establishment|point_of_interest
Andre Nails,Uñas/Nails,Salon Uñas,Luque,,"PG2R+8HX, Luque 110954, Paraguay",-25.2991472,-57.45851019999999,0991 893067,,5.0,4,False,65,B,beauty_salon|establishment|point_of_interest
SANTA Nail Art & Make Up,Uñas/Nails,General,Encarnación,,"Curupayty y, Encarnación 070118, Paraguay",-27.3364987,-55.8625915,0975 732704,https://instagram.com/santaenc?igshid=MzRlODBiNWFlZA==,4.8,19,True,65,B,beauty_salon|establishment|point_of_interest
Jenny Nails,Uñas/Nails,Salon Uñas,Encarnación,,"Quiteria, 070101, Encarnación 070101, Paraguay",-27.300579,-55.8859499,0975 157841,,5.0,4,False,65,B,beauty_salon|establishment|point_of_interest
Lord Spa Encarnación,Spa/Wellness,Spa,Encarnacion,,"M583+42R, Encarnacion 070301, Paraguay",-27.3346329,-55.847474,,,5.0,1,False,65,B,establishment|point_of_interest|spa
GISELLE SPA BEAUTY,Spa/Wellness,Spa,Encarnacion,,"M4VF+7W7, Encarnacion 070105, Paraguay",-27.306895,-55.8751757,0982 729262,https://www.instagram.com/giselle_spabeauty?igsh=bHU4YjdlanN4aTVl,5.0,2,True,65,B,beauty_salon|establishment|point_of_interest
PONTE BONITA CENTRO DE ESTETICA,Estetica/Facial,Centro Estetica,Limpio,,"AVD. San Francisco Solano, Limpio 110825, Paraguay",-25.1823117,-57.45448829999999,0994 111154,,5.0,1,False,65,B,establishment|hair_care|point_of_interest
New Old School Fitness,Gimnasio/Fitness,General,Pedro Juan Caballero,Vila Militar,"esquina, Mariscal Francisco Solano López &, Teresa Roa Caballero, Pedro Juan Caballero 130113, Paraguay",-22.5501789,-55.7254887,(67) 99147-7614,https://www.facebook.com/oldschool250116/,5.0,2,True,65,B,establishment|gym|health|point_of_interest
Supreme Fitness Store,Gimnasio/Fitness,General,Pedro Juan Caballero,Vila Militar II,"130112, Pedro Juan Caballero 7800, Paraguay",-22.5484067,-55.7309436,0991 922919,https://www.instagram.com/supremefitnesstore/,5.0,2,True,65,B,establishment|health|point_of_interest|store
VIDA FIT,Uñas/Nails,General,Pedro Juan Caballero,,"De Los Angeles Vega, C7HF+92C, &, Pedro Juan Caballero 130126, Paraguay",-22.5715685,-55.72747219999999,0976 808968,,4.7,3,False,65,B,establishment|gym|health|point_of_interest
Centro Excellence Estética,Otros,General,Pedro Juan Caballero,,"Av. José Berges, Pedro Juan Caballero 130113, Paraguay",-22.5350289,-55.7507202,0992 511602,,5.0,1,False,65,B,doctor|establishment|health|point_of_interest
MUV GYM FITNESS CLUB,Gimnasio/Fitness,Gimnasio,Pedro Juan Caballero,Vila Militar II,"F777+JQW Laguna Punta Porã, 130103, Pedro Juan Caballero 130103, Paraguay",-22.5358755,-55.7355505,,,5.0,1,False,65,B,establishment|gym|health|point_of_interest
Box Funcional LM FIT,Gimnasio/Fitness,CrossFit,Pedro Juan Caballero,,"F735+VRM, Pedro Juan Caballero 130111, Paraguay",-22.5452798,-55.74045959999999,,,4.5,2,False,65,B,establishment|gym|health|point_of_interest
Sugastti Fisioterapia,Otros,General,Areguá,,"Areguá 110119, Paraguay",-25.3194435,-57.4248875,0971 543431,,5.0,1,False,65,B,establishment|health|physiotherapist|point_of_interest
Afrodita Regalo y Cosméticos,Otros,General,Pedro Juan Caballero,,"Toledo 1120, Pedro Juan Caballero 130119, Paraguay",-22.5589276,-55.74494420000001,0992 896320,https://www.facebook.com/AfroditaRegaloyCosmeticos/,4.8,12,True,65,B,establishment|point_of_interest|store
G&M COSMETICOS,Estetica/Facial,Perfumeria,Pedro Juan Caballero,,"C7R6+QF8, Emiliano R. Fernandez, Pedro Juan Caballero 130119, Paraguay",-22.5580812,-55.73879040000001,0975 405059,,5.0,2,False,65,B,establishment|point_of_interest|store
Rosa Chiclete Cosmeticos,Estetica/Facial,Perfumeria,Pedro Juan Caballero,,"PY-05, Pedro Juan Caballero 130117, Paraguay",-22.5757685,-55.73842310000001,0974 202104,,5.0,2,False,65,B,establishment|point_of_interest|store
Beauty_Space.11,Spa/Wellness,Spa,Pedro Juan Caballero,,"Estrella, Charagua, Pedro Juan Caballero 130115, Paraguay",-22.5572318,-55.7478041,0981 778621,https://www.instagram.com/beauty_space.11?igsh=MXUzY3JiMTQzNmw1bg%3D%3D&utm_source=qr,5.0,1,True,65,B,beauty_salon|establishment|point_of_interest
Studio L2 ENTRENAMIENTO INTEGRADO,Gimnasio/Fitness,General,Pedro Juan Caballero,Vila Militar II,"Teniente Herrero 545, Pedro Juan Caballero 130104, Paraguay",-22.5340869,-55.7393586,0975 378743,https://www.facebook.com/entreamiento.integado,5.0,3,True,65,B,establishment|gym|health|point_of_interest
Gym Life,Gimnasio/Fitness,Gimnasio,Ponta Porã,Vila Militar II,"Cerro León 243-363, Ponta Porã 130111, Paraguay",-22.5445087,-55.7343758,,,5.0,1,False,65,B,establishment|gym|health|point_of_interest
J.R Perforaciónes,Otros,General,Luque,,"QH23+XPR, Luque 110907, Paraguay",-25.2474281,-57.445806,,,5.0,11,False,65,B,establishment|point_of_interest
Azu Spa,Spa/Wellness,Spa,Luque,,"PFCR+JWP, Padre Landaire, Luque 110936, Paraguay",-25.2786246,-57.50766529999999,0991 776003,https://instagram.com/azu_spa?igshid=NGVhN2U2NjQ0Yg==,5.0,1,True,65,B,beauty_salon|establishment|point_of_interest
Ariadne Nails,Uñas/Nails,Salon Uñas,Luque,,"QG39+C6J, Rosario, Luque 110914, Paraguay",-25.2464055,-57.48194969999999,0986 372856,,5.0,1,False,65,B,beauty_salon|establishment|point_of_interest
Teddy Tattoo Studio,Tatuajes/Piercing,Tattoo Studio,Lúke,,"3 de Mayo 1466, Lúke 110926, Paraguay",-25.2879913,-57.4597443,0986 945834,http://www.facebook.com/teddytattoostudiopy/,4.9,19,True,65,B,art_gallery|establishment|point_of_interest
Black cobra tattoo estudio,Tatuajes/Piercing,General,Luque,,"Luis Alberto de Herrera 75, Luque 110932, Paraguay",-25.2673292,-57.49642890000001,0984 521414,,5.0,3,False,65,B,establishment|point_of_interest|store
SALON GLAM - Cuidado Y Estética,Salon de Belleza,General,Atyrá,,"Ruta Tobati - Atyra, Atyrá 030407, Paraguay",-25.33537,-57.1909337,0971 967842,,3.7,3,False,65,B,beauty_salon|establishment|point_of_interest
ODONTOLOGÍA Dra. Zuri Méndez,Otros,General,Areguá,,"PH46+Q4V, Areguá 110109, Paraguay",-25.2930437,-57.4397173,0986 564827,https://instagram.com/dra.zurimendez?igshid=NTc4MTIwNjQ2YQ==,5.0,17,True,65,B,establishment|health|point_of_interest
FISIONOVA,Otros,General,Areguá,,"Capilla Nuestra Señora del Carmen, 8], 110116, Areguá 110116, Paraguay",-25.3052964,-57.41829249999999,0982 935212,,4.8,4,False,65,B,establishment|health|point_of_interest
Ross Nails,Uñas/Nails,Salon Uñas,Ñemby,,"111212, Ñemby 2540, Paraguay",-25.398312,-57.5487808,0983 471975,https://www.instagram.com/invites/contact/?i=1pcbggj4bknfr&utm_content=cify0r9,5.0,12,True,65,B,establishment|hair_care|point_of_interest
Yessica Martinez cejas y pestañas,Pestañas/Cejas,General,Limpio,,"Avda. Remansito casi, Limpio 110824, Paraguay",-25.1876757,-57.463145,0986 892651,,5.0,3,False,65,B,establishment|point_of_interest
Samurai Barber Shop,Barberia,Barberia Moderna,Encarnación,,"M4CQ+MX2, 25 de Mayo 855, Encarnación 070109, Paraguay",-27.3283982,-55.8600845,0986 653753,https://reservarturno.setmore.com/sam,5.0,86,True,65,B,establishment|hair_care|health|point_of_interest
Beauty Salón Liz,Peluqueria,General,Piribebuy,,"GXV3+6XG, Paz y Justicia, Piribebuy 031401, Paraguay",-25.4569482,-57.04504799999999,0985 638995,,3.8,4,False,65,B,establishment|hair_care|health|point_of_interest
Francis Nails Manos y Pies,Uñas/Nails,Salon Uñas,Ñemby,,"JF42+F3C 111212, Ñemby 111212, Paraguay",-25.3938071,-57.5498686,0982 673023,,5.0,1,False,65,B,beauty_salon|establishment|point_of_interest
ReCoquetas Nails,Uñas/Nails,Salon Uñas,Ñemby,,"10 de agosto entre Santa Rosa y, Defensores del Chaco 2540, Ñemby 111212, Paraguay",-25.3945206,-57.5493593,0983 025633,,5.0,1,False,65,B,beauty_salon|establishment|point_of_interest
Coccole Adorno,Otros,General,Areguá,,"Jazmin y, Areguá 110115, Paraguay",-25.3074709,-57.4164292,0982 119894,,4.5,4,False,65,B,establishment|point_of_interest
Nadia Mora Nails & Beauty,Uñas/Nails,Salon Uñas,Ñemby,,"P.º del Rey, Ñemby 111206, Paraguay",-25.3833723,-57.5406552,0982 151058,,5.0,2,False,65,B,beauty_salon|establishment|point_of_interest|spa
Baddie Nails,Uñas/Nails,Salon Uñas,Ñemby,,"San Francisco, Ñemby 111213, Paraguay",-25.404274,-57.55097199999999,0972 215000,,5.0,1,False,65,B,beauty_salon|establishment|point_of_interest
MyA Nails,Uñas/Nails,Salon Uñas,Ñemby,,"29 de Septiembre y, Ñemby 111209, Paraguay",-25.3842117,-57.55898910000001,,,5.0,19,False,65,B,beauty_salon|establishment|point_of_interest
Serenity -Belleza y Estética-,Spa/Wellness,General,Ñemby,,"JFCC+V9Q, Av. Moisés Bertoni, Ñemby 111459, Paraguay",-25.3778063,-57.52896639999999,0981 201060,https://www.instagram.com/serenityypy?igsh=MXRqZmMwMDFkZ253ag%3D%3D&utm_source=qr,5.0,3,True,65,B,establishment|point_of_interest|spa
Siempre Viva,Spa/Wellness,General,Ñemby,,"JF25+C46, Primer Presidente- Desvío a San Antonio, Ñemby 111216, Paraguay",-25.3989688,-57.54223500000001,,,5.0,1,False,65,B,establishment|point_of_interest|spa
Bella Nails Spa Py,Spa/Wellness,Spa,Luque,,"Benjamín Aceval, Luque 110933, Paraguay",-25.2705842,-57.5000656,0981 993074,https://www.instagram.com/bella_nailspapy?igsh=bWQzdmh5ZHV2Znpx,4.5,4,True,65,B,beauty_salon|establishment|point_of_interest
LUXURY NAILS STUDIO,Uñas/Nails,Salon Uñas,Luque,,"Héroes del Chaco, Luque 110930, Paraguay",-25.273151,-57.48686679999999,0983 445177,,5.0,4,False,65,B,beauty_salon|establishment|point_of_interest
Blend Studio Nails,Uñas/Nails,Salon Uñas,Luque,,"546, Luque 110921, Paraguay",-25.2663457,-57.48706989999999,0984 491829,,5.0,2,False,65,B,beauty_salon|establishment|point_of_interest
Tattoo Mohamed,Tatuajes/Piercing,General,Yaguarón,,"CPRC+C7H, Yaguarón 091502, Paraguay",-25.5589089,-57.279346,0982 667048,,5.0,2,False,65,B,establishment|point_of_interest|store
Aron-Gym,Gimnasio/Fitness,Gimnasio,Yaguarón,,"CPM7+JVX, Yaguarón 091503, Paraguay",-25.5660039,-57.2852743,,,5.0,4,False,65,B,establishment|gym|health|point_of_interest
Carla Beauty Spa,Spa/Wellness,Spa,Yaguarón,,"CPP8+M3P, Mcal. José Félix Estigarribia 745, Yaguarón 091502, Paraguay",-25.563276,-57.2849185,,,5.0,1,False,65,B,establishment|point_of_interest
NB Centro de Estética Integral,Otros,General,Ñemby,,"HFPF+WWG, Ñemby 111223, Paraguay",-25.4125906,-57.52511329999999,0982 138108,,5.0,2,False,65,B,establishment|point_of_interest
OVERO Lodge & Selva,Otros,General,Puerto Iguazú,,"RN12 km. 5, N3370 Puerto Iguazú, Misiones, Argentina",-25.6259021,-54.5495185,03757 42-4224,https://www.overoiguazu.com/,4.6,113,True,65,B,establishment|lodging|point_of_interest
Parque de Calistenia Puerto Iguazu,Gimnasio/Fitness,General,Puerto Iguazú,,"1290,, Av. Victoria Aguirre 1244, N3378 Puerto Iguazú, Misiones, Argentina",-25.6081521,-54.56565560000001,,,4.8,4,False,65,B,establishment|gym|health|point_of_interest
Atlas Gym Iguazú,Gimnasio/Fitness,Gimnasio,Puerto Iguazú,,"Julio Silveira 360, N3370 Puerto Iguazú, Misiones, Argentina",-25.6112805,-54.5707745,03757 51-3324,https://www.instagram.com/atlas_gym_iguazu,5.0,2,True,65,B,establishment|gym|health|point_of_interest
Gimnasio BYS Bienestar y Salud,Gimnasio/Fitness,Gimnasio,Puerto Iguazú,,"Ernesto Sabato, Gabriela Mistral, N3370 Puerto Iguazú, Misiones, Argentina",-25.6283028,-54.5872356,03757 44-5005,https://www.instagram.com/gimnasiobys/,5.0,3,True,65,B,establishment|gym|health|point_of_interest
WF8 Training Funtional,Gimnasio/Fitness,General,San Ignacio Guazú,,"4X9R+HRC, San Ignacio Guazú 080301, Paraguay",-26.8810626,-57.00797379999999,,,5.0,1,False,65,B,establishment|gym|health|point_of_interest
Espacio Fitness,Spa/Wellness,Spa,San Ignacio Guazú,,"Av. Estero Bellaco 1225, San Ignacio Guazú 080304, Paraguay",-26.8840694,-57.0272154,,,5.0,4,False,65,B,establishment|gym|health|point_of_interest
Indara Beauty & Spa - Sucursal Bo. Kennedy,Spa/Wellness,Spa,Lambaré,,"Silvio Pettirossi 552, Lambaré 110725, Paraguay",-25.3440349,-57.6306788,0982 229380,https://instagram.com/indaraspa?igshid=YmMyMTA2M2Y=,5.0,1,True,65,B,establishment|point_of_interest|spa
Barbería IL BARBUTO CDE,Barberia,General,Ciudad del Este,,"Lomas Valentinas, Cd. del Este 7000, Paraguay",-25.5249537,-54.618457,0973 445208,https://beacons.ai/ilbarbutobarberiacde,4.8,77,True,65,B,establishment|hair_care|point_of_interest
K Beauty Paraguay,Otros,General,Ciudad del Este,,"Galeria Eldorado, Av. Luis Maria Argaña, Cd. del Este 7000, Paraguay",-25.5112029,-54.6071258,0993 280685,https://www.instagram.com/kbeautyparaguay,4.9,13,True,65,B,establishment|point_of_interest|store
Masaje para todos tipo de lesiones,Spa/Wellness,General,Itauguá,,"JJ94+MVX, Itauguá 110613, Paraguay",-25.3807537,-57.392779,,,5.0,1,False,65,B,establishment|point_of_interest
PJ Cejas y Pestañas,Pestañas/Cejas,General,Itaugua,,"Itaugua 110603, Paraguay",-25.3801494,-57.3585463,0975 384608,,5.0,4,False,65,B,beauty_salon|establishment|point_of_interest
Sonia Beauty Stethic,Otros,General,San Ignacio Guazú,,"San Ignacio Guazú 080306, Paraguay",-26.8948015,-57.0365508,0986 610871,,4.7,3,False,65,B,establishment|point_of_interest
Gema Comercial,Otros,General,San Ignacio Guazú,,"Gral. Bernardino Caballero n° 802 c, San Ignacio Guazú 080306, Paraguay",-26.8890856,-57.0277763,0987 334776,,5.0,1,False,65,B,establishment|point_of_interest|store
Kavara Tattoo,Tatuajes/Piercing,General,San Ignacio Guazú,,"4X6H+VQ4, Ruta Departamental D027, San Ignacio Guazú 080303, Paraguay",-26.887852,-57.0205412,0983 420794,,5.0,2,False,65,B,establishment|point_of_interest
Spa Mascotitas Chic,Spa/Wellness,Spa,San Ignacio Guazú,,"4X7F+6GX, Av. Mcal. Estigarribia, San Ignacio Guazú 080304, Paraguay",-26.8868823,-57.0261352,,,4.7,3,False,65,B,establishment|point_of_interest|veterinary_care
Vital Clinica Integral,Otros,General,Asunción,,"Edificio ABIBA, Alcorta 360 casi, Asunción 1609, Paraguay",-25.3108381,-57.59853889999999,0971 622111,,5.0,3,False,65,B,establishment|health|point_of_interest
Barbería Vintage Club,Barberia,General,Puerto Iguazú,,"Av. Victoria Aguirre 1311, N3370 Puerto Iguazú, Misiones, Argentina",-25.6066839,-54.5670703,03757 32-2715,https://vintageclub.site.agendapro.com/ar/sucursal/51611,4.5,62,True,65,B,establishment|hair_care|health|point_of_interest
Centro de Estética Heli,Uñas/Nails,General,Pilar,,"Jorgelina. R. de Alonso casi, Pilar 120109, Paraguay",-26.8801452,-58.3040574,0973 556351,,5.0,1,False,65,B,establishment|hair_care|point_of_interest
Fatii Nails ( Uñas Esculpidas),Uñas/Nails,Salon Uñas,Pilar,,"5P52+M2G, Pilar 120101, Paraguay",-26.8408112,-58.2999208,0971 292955,,5.0,1,False,65,B,establishment|hair_care|point_of_interest
Salón de uñas Eva Escalante,Uñas/Nails,Salon Uñas,Pilar,,"4MPX+PX8, Pilar 120107, Paraguay",-26.8632062,-58.3000362,0971 158647,,5.0,2,False,65,B,beauty_salon|establishment|point_of_interest
Daniela nails servicios en uñas a domicilio,Uñas/Nails,Salon Uñas,Areguá,,"13 de noviemre, Areguá 110117, Paraguay",-25.3158413,-57.4328962,0972 745084,,5.0,2,False,65,B,beauty_salon|establishment|point_of_interest
Yani Ruiz Diaz Nails,Uñas/Nails,Salon Uñas,Areguá,,"MH8R+HH9, Areguá 110120, Paraguay",-25.3335969,-57.40849100000001,0987 214482,,5.0,2,False,65,B,beauty_salon|establishment|point_of_interest
adrich nails,Uñas/Nails,Salon Uñas,Areguá,,"N° 148, Independencia Nacional, Areguá 110122, Paraguay",-25.3471942,-57.40922089999999,0981 291194,,5.0,2,False,65,B,beauty_salon|establishment|point_of_interest
Mindbody YR Pilates,Uñas/Nails,Yoga/Pilates,Fernando de la Mora,Fernando Zona Norte,"Angel Torres, Fernando de la Mora 110307, Paraguay",-25.3198673,-57.54629490000001,0984 193263,,5.0,3,False,65,B,establishment|gym|health|point_of_interest
Marina Estudio de Pilates,Gimnasio/Fitness,Yoga/Pilates,Fernando de la Mora,Fernando Zona Norte,"Bejarano casi, Fernando de la Mora 110304, Paraguay",-25.3090143,-57.5401123,0961 168208,https://www.instagram.com/energiaybienestarstudio?igsh=Z28yNWNmZGRzOWFq&utm_source=qr,5.0,2,True,65,B,establishment|gym|health|point_of_interest
Cinnia Pilates,Gimnasio/Fitness,Yoga/Pilates,Fernando de la Mora,Fernando Zona Sur,"MC5G+C59, Soldado Ovelar, Fernando de la Mora 110328, Paraguay",-25.3414659,-57.57453,0982 386868,https://www.instagram.com/cinniapilates/,4.8,4,True,65,B,establishment|gym|health|point_of_interest
Duende Tattoo,Tatuajes/Piercing,General,Pedro Juan Caballero,,"22.5447858 55, Pedro Juan Caballero 130109, Paraguay",-22.5476762,-55.7530459,0975 378729,,5.0,2,False,65,B,establishment|point_of_interest|store
Vidita Spa-Urbano,Spa/Wellness,Spa,Capiatá,,"Curupayty 1305, Capiatá 110218, Paraguay",-25.3509542,-57.4420113,0981 099142,https://www.facebook.com/profile.php?id=100077081528964&mibextid=2JQ9oc,5.0,2,True,65,B,establishment|point_of_interest|store
Uñas Con Estilo - Spa,Spa/Wellness,Spa,Capiatá,,"JHV5+GF9, Capiatá 110220, Paraguay",-25.3562045,-57.44128,,,5.0,1,False,65,B,establishment|point_of_interest|spa
Barber Studio 4K,Barberia,General,Capiatá,,"San José, Capiatá 110206, Paraguay",-25.3466068,-57.4458308,0991 906487,https://instagram.com/eydrian1947?igshid=OGQ5ZDc2ODk2ZA==&utm_source=qr,4.6,5,True,65,B,establishment|hair_care|health|point_of_interest
El spa de Jaz,Spa/Wellness,Spa,Capiatá,,"MGFR+QR3, San Ramón 13, Capiatá 110202, Paraguay",-25.325604,-57.45796139999999,,,5.0,1,False,65,B,establishment|point_of_interest|spa
Verónica's Make up Hair Salon,Salon de Belleza,General,Areguá,,"Ruta Aregua, Areguá 110121, Paraguay",-25.327702,-57.395577,0976 913360,,3.7,3,False,65,B,beauty_salon|establishment|point_of_interest
Patty Manicura y Pedicura,Uñas/Nails,Salon Uñas,Areguá,,"MH6P+HPM, Areguá 110120, Paraguay",-25.3382548,-57.4134786,0983 551487,,4.5,2,False,65,B,beauty_salon|establishment|point_of_interest
Andrea Nails,Uñas/Nails,Salon Uñas,Areguá,,"MHVW+6RR, Areguá 110104, Paraguay",-25.3068971,-57.4029982,0981 629770,,5.0,4,False,65,B,beauty_salon|establishment|point_of_interest
SPACEDM,Spa/Wellness,Spa,Caballero,,"14 de Mayo, Caballero 1708, Paraguay",-22.5483736,-55.744042,0973 883329,https://www.instagram.com/reel/CoDmb1NgFZm/?igshid=MDJmNzVkMjY=,5.0,1,True,65,B,beauty_salon|establishment|point_of_interest
ER TRAINING PY,Gimnasio/Fitness,General,Areguá,,"Av. Las Residentas, Areguá 110114, Paraguay",-25.3003064,-57.4079678,,,5.0,2,False,65,B,establishment|gym|health|point_of_interest
Massoterapia Humanizada - Aregua,Otros,General,Areguá,,"PH3C+XWQ, Av. Las Residentas, Areguá 110111, Paraguay",-25.2950367,-57.4276547,0986 963369,,5.0,3,False,65,B,establishment|point_of_interest
FISIODERMAT,Otros,General,Areguá,,"FISIODERMAT, Mariscal Francisco Solano López 1844, Areguá 110106, Paraguay",-25.2807177,-57.4015753,0986 240493,,5.0,2,False,65,B,establishment|health|point_of_interest
Centro de reflejoterapia Moravi,Otros,General,Areguá,,"MJJG+PP8, Areguá 2000, Paraguay",-25.318499,-57.374555,0974 510304,,5.0,4,False,65,B,establishment|health|point_of_interest
Masajes terapéuticos y descontracturantes,Spa/Wellness,General,Luque,,"PG6R+549, Luque 110926, Paraguay",-25.2895887,-57.45965589999999,,,5.0,2,False,65,B,establishment|point_of_interest
CHARLEENE,Uñas/Nails,General,Piribebuy,Virgen del Rosario,"Gral. Rogelio Benitez Ruta, Piribebuy 031404, Paraguay",-25.4750255,-57.0383029,0986 882734,,5.0,1,False,65,B,beauty_salon|establishment|point_of_interest
CENTRO LA LUZ,Otros,General,Yaguarón,,"CPQ7+6F4, Julia Miranda Cueto, Yaguarón 091501, Paraguay",-25.5619928,-57.2863114,0972 297421,,5.0,1,False,65,B,establishment|health|point_of_interest
Farmacia Santa Teresa,Otros,General,Yaguarón,,"Capitán Victor Rodriguez 851, Yaguarón 091501, Paraguay",-25.5665654,-57.28877439999999,0971 772437,,5.0,1,False,65,B,establishment|health|pharmacy|point_of_interest|store
Gorilla Fight Team Yaguaron,Gimnasio/Fitness,General,Yaguarón,,"PY01 667, Yaguarón 091501, Paraguay",-25.5598212,-57.2891597,,,5.0,1,False,65,B,establishment|gym|health|point_of_interest
Gimnasio,Gimnasio/Fitness,Gimnasio,Yaguarón,,"PY01 667, Yaguarón 091501, Paraguay",-25.5598425,-57.2891612,,,5.0,2,False,65,B,establishment|gym|health|point_of_interest
Instituto Cobra Kung Fu.,Gimnasio/Fitness,General,Yaguarón,,"CPQC+8G5, Yaguarón 091502, Paraguay",-25.5616843,-57.2790013,,,5.0,1,False,65,B,establishment|gym|health|point_of_interest
"V.R Fisioterapia, Entrenamiento Funcional",Gimnasio/Fitness,General,Yaguarón,,"CPQ6+46R, Yaguarón 091501, Paraguay",-25.562148,-57.2894703,,,5.0,1,False,65,B,establishment|gym|health|point_of_interest
MARU CAZAL NAILS PARAGUAY,Uñas/Nails,Salon Uñas,Mariano Roque Alonso,,"Gral. Jose María Bruguez Esquina, Mariano Roque Alonso 111008, Paraguay",-25.205592,-57.52057789999999,0981 815765,https://www.instagram.com/marucazalmaster?igsh=MXM0YW5qMmJscXlnYQ==&utm_source=qr,5.0,19,True,65,B,beauty_salon|establishment|point_of_interest
Mara Barbero Tattoo & Body Piercing,Barberia,Tattoo Studio,Mariano Roque Alonso,Caacupe Mi,"Pozo Favorito, Mariano Roque Alonso 111015, Paraguay",-25.2122167,-57.5416892,0991 874254,https://instagram.com/marabarberotattoo?utm_medium=copy_link,4.8,9,True,65,B,establishment|point_of_interest
Posada Sergio Pastor - Piribebuy,Otros,General,Piribebuy,Virgen del Rosario,"Capitan Fabriciano Cristaldo, Piribebuy 031404, Paraguay",-25.4705696,-57.04421079999999,0985 963017,http://www.portalpiribebuy.com/posada-sergio-pastor/,4.5,118,True,65,B,establishment|lodging|point_of_interest
Ego - Estetica & Cosmetologia,Estetica/Facial,General,Presidente Franco,,"C9RC+R43, CPF, Pdte. Franco 100212, Paraguay",-25.5579957,-54.6296909,0983 225042,,5.0,4,False,65,B,beauty_salon|establishment|point_of_interest
Cindy - Salón de Maquillaje,Maquillaje,General,Presidente Franco,,"frente a lá escuela Graduada Moises Bertoni Presidente Franco, Pdte. Franco 7700, Paraguay",-25.558978,-54.6121208,0984 916741,,5.0,4,False,65,B,beauty_salon|establishment|point_of_interest
Kinesioestetica Lic. Camila Sevilla,Estetica/Facial,General,Mariano Roque Alonso,,"Ruta departamental d 025 c, Mariano Roque Alonso 111003, Paraguay",-25.1883218,-57.5414955,0983 500049,,5.0,2,False,65,B,establishment|health|point_of_interest|spa
MP Belleza Estetica,Estetica/Facial,General,Limpio,,"RG7V+QHC, Limpio 110825, Paraguay",-25.1855667,-57.4560997,0992 336495,,5.0,1,False,65,B,beauty_salon|establishment|point_of_interest|store
Hermosillas-Fisiolab,Gimnasio/Fitness,General,Presidente Franco,,"100212 Ciudad Pdte. Franco, Pdte. Franco 1002, Paraguay",-25.5612388,-54.6102443,0985 259938,https://www.instagram.com/hermosillasfl/,5.0,1,True,65,B,establishment|gym|health|point_of_interest
TEIDE FITNESS CENTER,Gimnasio/Fitness,Gimnasio,Ciudad del Este,,"FC42+553, Cd. del Este 100143, Paraguay",-25.544624,-54.5995906,0985 467090,https://www.instagram.com/teide_fitnescenter?igsh=MXh6cXdkenpkM2gxZg==,5.0,2,True,65,B,establishment|gym|health|point_of_interest
Morena spa,Spa/Wellness,Spa,Mariano Roque Alonso,Caacupe Mi,"QFW8+573, Campo Vía, Mariano Roque Alonso 111011, Paraguay",-25.2043868,-57.53523269999999,,,5.0,1,False,65,B,establishment|point_of_interest|spa
Tulipani accesorios,Otros,General,Presidente Franco,,"0, Pdte. Franco 100214, Paraguay",-25.5512068,-54.6175924,0986 929858,https://www.instagram.com/tulipani_accesoriospy?igsh=MWo0ejJ6YWV6MW4zbQ==&utm_source=qr,5.0,11,True,65,B,establishment|jewelry_store|point_of_interest|store
Le Studio,Gimnasio/Fitness,General,,Centro,"R. Alm. Barroso, 766 - Centro, Foz do Iguaçu - PR, 85851-010, Brazil",-25.5486493,-54.5851138,(45) 99932-1090,https://www.instagram.com/lestudiopf/,5.0,2,True,65,B,establishment|gym|health|point_of_interest
Nayr,Spa/Wellness,General,Ñemby,,"Sta. Rosa 1298, Ñemby 111214, Paraguay",-25.3936501,-57.54988119999999,0987 257866,https://wa.me/595987257866,5.0,3,True,65,B,establishment|health|point_of_interest|spa
Punto Estetica,Estetica/Facial,General,Fernando de la Mora,Fernando Zona Norte,"095, Fernando de la Mora 110304, Paraguay",-25.3093379,-57.5413971,0981 736786,,5.0,1,False,65,B,establishment|point_of_interest|spa
Estética Romi Montiel,Spa/Wellness,General,Fernando de la Mora,Fernando Zona Sur,"Herminio Giménez, Fernando de la Mora 110329, Paraguay",-25.3409326,-57.57933449999999,0972 992581,https://www.instagram.com/romimontielesteticaintegral/profilecard/?igsh=MWhmNmV2YWw5M2c5Ng==,5.0,1,True,65,B,establishment|point_of_interest|spa
Pikoro Barber Shop,Barberia,Barberia Moderna,Piribebuy,Virgen del Rosario,"GXH8+39C, Unnamed Road, Piribebuy 031404, Paraguay",-25.4723158,-57.0341241,,,4.9,8,False,65,B,establishment|hair_care|point_of_interest
Nails taty Cáceres suc 2,Uñas/Nails,Salon Uñas,Mariano Roque Alonso,,"Jazmin, Mariano Roque Alonso 111006, Paraguay",-25.1979143,-57.5073847,0986 508076,,5.0,2,False,65,B,establishment|point_of_interest|spa
Nutrición y Estética Paloma Solís,Otros,General,Ponta Porã,Vila Militar II,"F777+62J, C. Acosta Ñu, Ponta Porã 130104, Paraguay",-22.536908,-55.737481,0971 885056,,5.0,1,False,65,B,establishment|health|point_of_interest
MedClin - Medicina estética,Otros,General,Caballero,Vila Militar II,"Eliza Alicia Lynch, Teniente Herrero, Caballero 8500, Paraguay",-22.5557787,-55.72616379999999,0972 938999,,5.0,3,False,65,B,establishment|health|point_of_interest
Barberia Amilcar,Barberia,General,Ñemby,,"Carlos Antonio Lopez, Ñemby 2540, Paraguay",-25.387697,-57.53703480000001,0985 456788,https://instagram.com/barberia_amilcar?igshid=YmMyMTA2M2Y=,4.9,9,True,65,B,establishment|hair_care|health|point_of_interest
Barbería Flacobarber_py,Barberia,General,Ñemby,,"HFX5+G9V, Ñemby 111216, Paraguay",-25.4009246,-57.5417529,0992 307659,https://instagram.com/flacobarber_py?igshid=MzNlNGNkZWQ4Mg==,5.0,6,True,65,B,establishment|hair_care|health|point_of_interest
DC Centro Integral de Masaje Terapéutico Lic. Dolly Cabrera,Spa/Wellness,General,Piribebuy,Virgen del Rosario,"GXG7+QQQ, Uruguay, Piribebuy 031410, Paraguay",-25.4726897,-57.0358899,,,5.0,4,False,65,B,establishment|health|physiotherapist|point_of_interest
AM Pilates Studio,Gimnasio/Fitness,Yoga/Pilates,San Lorenzo,,"29 de Septiembre casi, San Lorenzo 111461, Paraguay",-25.3692809,-57.5117249,0971 874747,https://www.instagram.com/ampilatestudio_?igsh=MXE0ZWo0MDRmdWZzMg==&utm_source=qr,4.8,4,True,65,B,establishment|gym|health|point_of_interest
HEYAS CENTRO ESTETICO,Otros,General,Piribebuy,,"GXJ9+GW7, Empedrado de Itacurubi a Piribebuy, Piribebuy 031408, Paraguay",-25.4687096,-57.0301898,0992 694625,,5.0,1,False,65,B,establishment|point_of_interest
Macho’s Barberia Py,Barberia,General,Luque,,"C. Coronel Martínez, Luque 110927, Paraguay",-25.2856208,-57.48307859999999,,https://instagram.com/machosbarberiapy?igshid=YTQwZjQ0NmI0OA==,4.8,24,True,65,B,establishment|hair_care|health|point_of_interest
Clínica Bella Vita,Otros,General,Villarrica,,"Ruy Diaz De Melgarejo, Villarrica 5000, Paraguay",-25.7792953,-56.4414189,0983 548097,,5.0,1,False,65,B,doctor|establishment|health|point_of_interest
Pretty Nails by Liz Espinola,Uñas/Nails,Salon Uñas,Mariano Roque Alonso,Caacupe Mi,"10, Mariano Roque Alonso 2040, Paraguay",-25.2110684,-57.5328557,0994 999198,,4.5,4,False,65,B,beauty_salon|establishment|point_of_interest
Nails by Daya - Uñas acrílicas,Uñas/Nails,Salon Uñas,Mariano Roque Alonso,Caacupe Mi,"Fernando Galeano esq, Mariano Roque Alonso 111018, Paraguay",-25.2170503,-57.5425169,0994 417317,,5.0,4,False,65,B,beauty_salon|establishment|point_of_interest
Josi Barbershop,Barberia,General,Presidente Franco,,"C8VH+XJ2, Pdte. Franco 100227, Paraguay",-25.5551026,-54.670994,0983 941943,https://www.instagram.com/josi__barber?igsh=MWh1d2EzdmVudThsNQ==,5.0,6,True,65,B,establishment|hair_care|health|point_of_interest
Nails asu_adorno,Uñas/Nails,Salon Uñas,Areguá,,"0000, Areguá 0000, Paraguay",-25.2825512,-57.4347456,0972 452334,,5.0,2,False,65,B,beauty_salon|establishment|point_of_interest|spa
Spa de uñas Vero,Spa/Wellness,Spa,Areguá,,"25.309731,-57.409885, Areguá 110115, Paraguay",-25.3096931,-57.4098134,0993 376898,,3.0,1,False,65,B,beauty_salon|establishment|point_of_interest
GloColmanMakeUp,Maquillaje,General,Areguá,,"Areguá 110113, Paraguay",-25.2988713,-57.41183929999999,0992 443068,,5.0,2,False,65,B,establishment|point_of_interest|store
Go Pilates San Lorenzo,Gimnasio/Fitness,Yoga/Pilates,San Lorenzo,,"MFFM+6F3, Lucero, San Lorenzo 111420, Paraguay",-25.3269983,-57.5163306,,,5.0,2,False,65,B,establishment|health|physiotherapist|point_of_interest
Pilates Fitness Studio,Gimnasio/Fitness,Yoga/Pilates,San Lorenzo,,"MG76+6W6, Dr. Paiva, San Lorenzo 111426, Paraguay",-25.3369664,-57.4877452,,,5.0,2,False,65,B,establishment|gym|health|point_of_interest
Angie Nails,Uñas/Nails,Salon Uñas,Mariano Roque Alonso,Caacupe Mi,"Asunción, Mariano Roque Alonso 111016, Paraguay",-25.2185825,-57.5575602,0982 526118,,5.0,1,False,65,B,beauty_salon|establishment|point_of_interest
Chely Nails,Uñas/Nails,Salon Uñas,Mariano Roque Alonso,Caacupe Mi,"QCGV+WJQ, El Tropero, Mariano Roque Alonso 111016, Paraguay",-25.2226097,-57.55614789999999,0985 485813,,5.0,3,False,65,B,beauty_salon|establishment|point_of_interest
Angel’s Nail's by Lorena,Uñas/Nails,General,Mariano Roque Alonso,Caacupe Mi,"Arce 673 casi, Mariano Roque Alonso 111010, Paraguay",-25.2113682,-57.5418647,0982 497121,,5.0,1,False,65,B,establishment|point_of_interest|spa
Nancy Villalba - Maquillista,Otros,General,Presidente Franco,,"C9GV+2R6, Presidente Franco 100224, Paraguay",-25.5749564,-54.6054825,,,4.8,15,False,65,B,establishment|point_of_interest
BARBERIA DEL BARRIO,Barberia,General,Piribebuy,,"Mariscal Estigarribia 767, Piribebuy 031403, Paraguay",-25.4641546,-57.0420245,0972 511552,https://instagram.com/barberia_del_barrio_py?igshid=MzRlODBiNWFlZA==,5.0,9,True,65,B,establishment|hair_care|health|point_of_interest
SOI PARAGUAY CLÍNICA INTEGRAL,Otros,General,Fernando de la Mora,Fernando Zona Sur,"MC7G+4H3, Fernando de la Mora 110327, Paraguay",-25.3369682,-57.5735845,0993 359074,,5.0,1,False,65,B,establishment|health|point_of_interest
Sonia Sanchez Salón de Belleza,Otros,General,Villarrica,,"6GFX+WHR, Villarrica 040103, Paraguay",-25.7751401,-56.4510969,0983 996676,,5.0,2,False,65,B,establishment|point_of_interest|shopping_mall
KAIZEN BARBERIA,Barberia,General,Areguá,,"Av. Las Residentas 753, Areguá 110113, Paraguay",-25.2974849,-57.4209053,,,4.7,6,False,65,B,establishment|hair_care|health|point_of_interest
Viflornails,Uñas/Nails,Salon Uñas,Areguá,,"Caacupemi, Areguá 110103, Paraguay",-25.3008209,-57.40690439999999,0994 383018,,5.0,2,False,65,B,establishment|point_of_interest|spa
Alvarenga Clinica & Luve SPA,Spa/Wellness,Spa,Areguá,,"110101, Areguá 3190, Paraguay",-25.3206831,-57.36996639999999,0994 348625,https://www.facebook.com/alvarengaclinica/,5.0,1,True,65,B,establishment|health|point_of_interest
RUBEN TATTOO STUDIO,Tatuajes/Piercing,Tattoo Studio,Ciudad del Este,,"F8RF+GV4, Ciudad del Este 100169, Paraguay",-25.5087422,-54.6752972,0985 438186,,5.0,1,False,65,B,establishment|point_of_interest
Anahí Nails,Uñas/Nails,Salon Uñas,Itaugua,,"JM2G+3XM, Itaugua 110606, Paraguay",-25.3997857,-57.32256710000001,0984 165661,,5.0,2,False,65,B,beauty_salon|establishment|point_of_interest
Clari Nails,Uñas/Nails,Salon Uñas,Itaugua,,"HJXH+8VM, Itaugua 110616, Paraguay",-25.4016688,-57.3703173,0971 670704,,5.0,1,False,65,B,beauty_salon|establishment|point_of_interest
Esencia Centro Estético,Spa/Wellness,General,Itauguá,,"C. Patiño, Itauguá 110605, Paraguay",-25.3922596,-57.3524803,0983 164628,https://www.instagram.com/esencia_centroestetico?igsh=MW0xZ2c2bGJ3cDZlbA==&utm_source=qr,5.0,2,True,65,B,establishment|point_of_interest|spa
Golden Nails,Uñas/Nails,Salon Uñas,Itauguá,,"UTC-3, Itauguá 2740, Paraguay",-25.3784764,-57.3770722,0991 311417,,5.0,1,False,65,B,establishment|point_of_interest|spa
Gabi Nails Salón,Uñas/Nails,Salon Uñas,Itauguá,,"Paí Pérez &, Gral. Caballero, Itauguá 110611, Paraguay",-25.3954985,-57.352549,0991 974486,,5.0,2,False,65,B,beauty_salon|establishment|point_of_interest
Kathi Coronel nails,Uñas/Nails,Salon Uñas,Itaugua,,"JM46+QM6, Itaugua 110607, Paraguay",-25.3929533,-57.3390094,0971 552465,,5.0,2,False,65,B,beauty_salon|establishment|point_of_interest
Rocio Morinigo - Beauty & Nails Art,Uñas/Nails,Salon Uñas,Ciudad del Este,,"Km 7 Ciudad Nueva R.I.3 CORRALES EL PARAGUAYO INDEPENDIENTE Ciudad del este, Cd. del Este 2930, Paraguay",-25.4993514,-54.66744610000001,0993 518461,,5.0,3,False,65,B,establishment|point_of_interest|store
Vanity WM Estética,Otros,General,Ciudad del Este,,"Av. los Yerbales lado sanatorio Galenos, Barrio Boquerón Ciudad del Este, Cd. del Este 0000, Paraguay",-25.5173552,-54.6256717,0993 426303,,5.0,2,False,65,B,establishment|point_of_interest
Shoshana Nailss,Uñas/Nails,Salon Uñas,Ciudad del Este,,"Estrella, Ciudad del Este 100166, Paraguay",-25.5087189,-54.6603946,0987 114013,,5.0,1,False,65,B,beauty_salon|establishment|point_of_interest
Tamy Díaz - Beauty & Makeup,Maquillaje,General,Paraguarí,,"9VQ3+M64 Serranías de Paraguarí, Paraguarí 090101, Paraguay",-25.6108533,-57.1469269,0971 765775,,5.0,1,False,65,B,beauty_salon|establishment|point_of_interest
Minina Nails & Co,Uñas/Nails,Salon Uñas,Asunción,,"Av. Dr. Fernando de la Mora, Asunción 001312, Paraguay",-25.323398,-57.6020127,0987 208271,,5.0,3,False,65,B,beauty_salon|establishment|point_of_interest
Ruth Nails-Salón,Uñas/Nails,Salon Uñas,Pilar,,"5M7V+HQ, Pilar 120101, Paraguay",-26.8364625,-58.3058152,0975 682619,,5.0,4,False,65,B,beauty_salon|establishment|point_of_interest
TRIFORCE GYM,Gimnasio/Fitness,Gimnasio,Pilar,,"Choferes del Chaco, entre Tacuary y, Pilar 1201, Paraguay",-26.8607206,-58.29608129999999,,,5.0,2,False,65,B,establishment|gym|health|point_of_interest
Zenjoy Piercing Studio,Tatuajes/Piercing,Piercing Studio,Asunción,,"PC5C+CR2, Senador Huey Pierce Long, Asunción 001411, Paraguay",-25.2914932,-57.5779892,0982 285552,,5.0,2,False,65,B,establishment|jewelry_store|point_of_interest|store
Dra. Roxana Maciel,Otros,General,Asunción,,"Julián Alarcon, Asunción 001528, Paraguay",-25.2734317,-57.5727096,0984 197669,,5.0,4,False,65,B,doctor|establishment|health|point_of_interest
BotoClubPy,Otros,General,Asunción,,"Avenida Molas Lopez 687 casi Prof, Dr. Cirilo Caceres Zorrilla, Asunción 001527, Paraguay",-25.2769434,-57.5653131,0981 242440,,5.0,1,False,65,B,establishment|health|point_of_interest
Consultorio Médico y Estético,Spa/Wellness,General,Asunción,,"Dr. Carlos Centurion 353 casi, Asunción 001232, Paraguay",-25.3118125,-57.59768589999999,0984 434449,http://facebook.com/medicoyestetico,5.0,1,True,65,B,establishment|health|point_of_interest|spa
Corpo Sanno,Otros,General,Wanda,,"2 de Abril 281, N3376 Wanda, Misiones, Argentina",-25.973682,-54.5656228,03757 62-7071,,5.0,3,False,65,B,establishment|health|point_of_interest
DG Estilo y Belleza en uñas,Uñas/Nails,Salon Uñas,Presidente Franco,,"C9QQ+RGV, Chile, Presidente Franco 100219, Paraguay",-25.5603883,-54.6111891,0973 599450,,5.0,1,False,65,B,beauty_salon|establishment|point_of_interest
Salón de Belleza & Barbería RITA,Barberia,General,Santa Rita,,"6W26+HMM, Santa Rita 101301, Paraguay",-25.8050954,-55.102839,0984 359533,https://instagram.com/salaoritapimentel?igshid=ZDdkNTZiNTM=,5.0,5,True,65,B,beauty_salon|establishment|point_of_interest
A tu lado estetica y salud,Estetica/Facial,General,Santa Rita,,"Fraccion Shultz, Santa Rita 101301, Paraguay",-25.8029586,-55.09720429999999,0982 617997,,5.0,2,False,65,B,beauty_salon|establishment|hair_care|health|point_of_interest|spa|store
Academia de Danzas Esencias de Mi Tierra,Spa/Wellness,General,Piribebuy,,"Dr. Gaspar Rodriguez de Francia, Piribebuy 031401, Paraguay",-25.4563177,-57.0442045,0992 283146,https://m.facebook.com/GrupoEsenciasDeMiTierra/,4.8,4,True,65,B,establishment|point_of_interest
Fisio Kinesis. Consultorio de Rehabilitación,Otros,General,Piribebuy,,"Lomas Valentinas, Piribebuy 031401, Paraguay",-25.4590212,-57.0410388,0971 614698,,5.0,2,False,65,B,establishment|health|point_of_interest
Mate_Entrenamiento funcional,Otros,General,Piribebuy,,"GXP7+W5H, Cerro Leon, Piribebuy 031403, Paraguay",-25.4626943,-57.0370073,0971 288243,,5.0,2,False,65,B,establishment|health|point_of_interest
fisio.zehle.international / Physiotherapie / Villarrica,Otros,General,Villarrica,,"Blvd. Rio Apa 5000, Villarrica 040102, Paraguay",-25.7665387,-56.4431099,0982 004000,https://instagram.com/physio.zehle.international?igshid=OGQ5ZDc2ODk2ZA%3D%3D&utm_source=qr,5.0,14,True,65,B,establishment|health|physiotherapist|point_of_interest
Sonia Sosa makeup Studio,Maquillaje,General,Presidente Franco,,"km 1, Av Monday, Pdte. Franco 100219, Paraguay",-25.5601798,-54.60795479999999,0993 328911,,5.0,4,False,65,B,beauty_salon|establishment|point_of_interest
Atelier de las uñas,Uñas/Nails,Salon Uñas,Presidente Franco,,"F93J+WCF, Presidente Franco 100216, Paraguay",-25.5451822,-54.6190098,0984 502514,,5.0,1,False,65,B,beauty_salon|establishment|point_of_interest
Karen Bareiro Nails,Uñas/Nails,Salon Uñas,Presidente Franco,,"133, Pdte. Franco 100208, Paraguay",-25.5514378,-54.6442893,0994 521318,,5.0,1,False,65,B,beauty_salon|establishment|point_of_interest
Lorena Baez Nails,Uñas/Nails,Salon Uñas,Presidente Franco,,"F92F+M84, Presidente Franco 100214, Paraguay",-25.5483718,-54.6266689,0993 501558,,5.0,1,False,65,B,beauty_salon|establishment|point_of_interest
Cronos Tattoo Studio,Tatuajes/Piercing,Tattoo Studio,Presidente Franco,,"100219, Pdte. Franco 100219, Paraguay",-25.5582826,-54.6074067,0973 160522,,5.0,4,False,65,B,establishment|point_of_interest|store
Wonder Gym,Gimnasio/Fitness,Gimnasio,Mariano Roque Alonso,,"Gral. Elizardo Aquino, Mariano Roque Alonso 111005, Paraguay",-25.1975858,-57.514974,0993 544834,https://www.instagram.com/wondergym_w.o/,5.0,4,True,65,B,establishment|gym|health|point_of_interest
Estética corporal y belleza,Otros,General,Presidente Franco,,"12 de Junio, Presidente Franco 100218, Paraguay",-25.5552466,-54.60435469999999,0975 317654,,5.0,1,False,65,B,establishment|point_of_interest
Gabinete Estético Dammy Del Puerto,Otros,General,Presidente Franco,,"C9XW+42M, Presidente Franco 100218, Paraguay",-25.5515687,-54.6067037,0973 232523,,5.0,2,False,65,B,establishment|point_of_interest
STRONGMIND,Gimnasio/Fitness,General,Fernando de la Mora,Fernando Zona Norte,"MFH5+79F, Fernando de la Mora 110309, Paraguay",-25.3218066,-57.5415872,,,5.0,1,False,65,B,establishment|gym|health|point_of_interest
Barber Shop Benjamin,Barberia,Barberia Moderna,Villarrica,,"Calle Chile/Concepción, Villarrica 040106, Paraguay",-25.7790169,-56.4279619,0985 296370,https://instagram.com/barber_shop_benjamin?igshid=ZmVmZTY5ZGE=,5.0,7,True,65,B,establishment|hair_care|health|point_of_interest
Roxy Fitness,Gimnasio/Fitness,General,Villarrica,,"040104, Villarrica 040104, Paraguay",-25.7746728,-56.4397496,0982 862548,https://instagram.com/_roxy_fitness?igshid=NGVhN2U2NjQ0Yg==,5.0,1,True,65,B,establishment|gym|health|point_of_interest
Gimnasio de Taekwondo Tigre Audaz.,Gimnasio/Fitness,Gimnasio,Villarrica,,"6HQ4+4XM, Villarrica 040115, Paraguay",-25.7616678,-56.4425299,0975 263883,https://www.instagram.com/tigre_audaz_tkd?igsh=ZTdnbjM0Nm1xbmZw,5.0,1,True,65,B,establishment|gym|health|point_of_interest
Top Gim,Gimnasio/Fitness,General,Villarrica,,"Bv. Bicentenario 8, Villarrica 040104, Paraguay",-25.774702,-56.4397472,,,5.0,1,False,65,B,establishment|gym|health|point_of_interest
Wolf Barberia,Barberia,General,Santa Rita,,"6WXQ+G33, Santa Rita 101308, Paraguay",-25.7512348,-55.0623339,,,5.0,9,False,65,B,establishment|hair_care|health|point_of_interest
Diego Waldow Barbería,Barberia,General,Santa Rita,,"Fulgencio R. Moreno, Santa Rita 101302, Paraguay",-25.7988797,-55.0888463,0984 755749,https://instagram.com/barber_diegowaldow?igshid=YmMyMTA2M2Y=,5.0,5,True,65,B,establishment|hair_care|health|point_of_interest
Encantadas_Nails_vca,Uñas/Nails,Salon Uñas,Villarrica,,"San Miguel, Villarrica 040103, Paraguay",-25.7728916,-56.4401534,0986 422059,,5.0,1,False,65,B,beauty_salon|establishment|point_of_interest
Sol Nails,Uñas/Nails,Salon Uñas,Villarrica,,"Fundadores del Surco y Ruta 8 Blas Garay, Villarrica 040106, Paraguay",-25.7771269,-56.439213,,,4.9,13,False,65,B,beauty_salon|establishment|point_of_interest
Yaninails vca,Uñas/Nails,Salon Uñas,Villarrica,,"Dr.Bottrel &, Carlos Antonio López, Villarrica 040103, Paraguay",-25.7763597,-56.4467183,0992 967792,,4.8,4,False,65,B,beauty_salon|establishment|point_of_interest
Magui Estetica Spa,Spa/Wellness,Spa,Villarrica,,"6HG3+43G, Villarrica 040103, Paraguay",-25.7746888,-56.4472825,,,5.0,2,False,65,B,establishment|point_of_interest|spa
Esencia Vital Spa,Spa/Wellness,Spa,Villarrica,,"6HF8+PMQ, Villarrica 040105, Paraguay",-25.7759295,-56.4326617,0984 247979,https://www.instagram.com/spaesencia_vital?utm_source=qr&igsh=YXl6aTJtZHFyMHA5,5.0,1,True,65,B,establishment|point_of_interest|spa
Yanine Eckert Salón de Belleza Spa de Uñas,Spa/Wellness,Spa,Presidente Franco,,"Fulgencio Yegros 112, Presidente Franco 100223, Paraguay",-25.5605724,-54.6031027,,,5.0,1,False,65,B,beauty_salon|establishment|point_of_interest
Masajes don Luis,Spa/Wellness,General,Santa Rita,,"5WQ4+VG Plaza bajo, Santa Rita 101309, Paraguay",-25.8096469,-55.0922406,,,5.0,2,False,65,B,establishment|point_of_interest
Ucra Nails Art- Nails Designer,Uñas/Nails,Salon Uñas,Santa Rita,,"Calle 5 de julio, Santa Rita 2580, Paraguay",-25.7506092,-55.0585312,0983 401883,,5.0,1,False,65,B,beauty_salon|establishment|point_of_interest
Massagista KARINA,Otros,General,Santa Rita,,"5VHP+4J5, Calle de Servicio de la Ruta 6ta. - Tramo Norte, Santa Rita 101305, Paraguay",-25.8230049,-55.1133191,0985 717800,,5.0,1,False,65,B,establishment|point_of_interest
Delia Rivas - Nail Art,Uñas/Nails,General,Santa Rita,,"12 de junio, Santa Rita 101304, Paraguay",-25.7995272,-55.0877194,0975 131401,,5.0,2,False,65,B,beauty_salon|establishment|point_of_interest
Piscinas Santa Rita,Otros,General,Cerro Largo,,"Sobre ruta 6 cerca de la doble avenida de la expo, Cerro Largo 101307, Paraguay",-25.7632214,-55.065735,0984 587085,https://instagram.com/piscinassantarita?utm_medium=copy_link,4.7,15,True,65,B,establishment|point_of_interest|store
Clínica Essentially Salud y Estética,Otros,General,Santa Rita,,"Detras de Farmavida, General Elizardo Aquino, Santa Rita 7540, Paraguay",-25.7978473,-55.0907492,0983 304688,,5.0,1,False,65,B,establishment|point_of_interest|store
CezTattoo,Tatuajes/Piercing,General,Mariano Roque Alonso,Caacupe Mi,"3310, Mariano Roque Alonso 3310, Paraguay",-25.2248349,-57.55913029999999,0991 802801,,5.0,1,False,65,B,establishment|point_of_interest|store
Gimnasio Machamp,Gimnasio/Fitness,Gimnasio,Mariano Roque Alonso,Caacupe Mi,"QCJV+266, Av. Gral. Eugenio Alejandrino Garay, Mariano Roque Alonso 111016, Paraguay",-25.2198756,-57.5570683,,,5.0,1,False,65,B,establishment|gym|health|point_of_interest
Vivi Nails py,Uñas/Nails,Salon Uñas,Mariano Roque Alonso,Caacupe Mi,"Mariano Roque Alonso 111017, Paraguay",-25.2209751,-57.55233789999999,0981 331685,,4.8,4,False,65,B,establishment|home_goods_store|point_of_interest|store
Brady_Tattoo,Tatuajes/Piercing,General,Mariano Roque Alonso,Caacupe Mi,"Gral Garay, Mariano Roque Alonso 111016, Paraguay",-25.2192976,-57.5585868,0992 574500,,5.0,1,False,65,B,establishment|point_of_interest
Taniafernandeznails,Uñas/Nails,Salon Uñas,Presidente Franco,,"km 5 Monday, Pdte. Franco 7000, Paraguay",-25.5524549,-54.6463577,0984 349802,,5.0,3,False,65,B,beauty_salon|establishment|point_of_interest
ANCA NAILS,Uñas/Nails,Salon Uñas,Capiatá,Posta Ybycua,"JG8P+H8G, Carlos Antonio López, Capiatá 110239, Paraguay",-25.3835631,-57.4641589,,,5.0,12,False,65,B,beauty_salon|establishment|point_of_interest
Sea Soul Yoga Studio,Gimnasio/Fitness,Yoga/Pilates,Asunción,,"Caaguazú 1934, Asunción 110101, Paraguay",-25.322069,-57.5974726,0986 445617,https://www.instagram.com/seasoulyoga_?igsh=MWR2dnRkMjZvMDQ1eg==&utm_source=qr,4.7,3,True,65,B,establishment|point_of_interest
Espacio de fisioterapia y belleza,Spa/Wellness,Spa,Santa Rita,,"Espacio de fisioterapia y belleza Cerca del Barrio, Fulgencio R. Moreno, Santa Rita 101307, Paraguay",-25.8029713,-55.09326160000001,,,5.0,2,False,65,B,beauty_salon|establishment|health|physiotherapist|point_of_interest
Podologia & Esmaltação em Gel- Jacqueline Pompeu,Uñas/Nails,General,Santa Rita,,"Fracción olbermann, Santa Rita 101304, Paraguay",-25.797493,-55.0807815,0983 771556,,5.0,3,False,65,B,doctor|establishment|health|point_of_interest
Clinica de estética Yennifer Leopoldo,Otros,General,Santa Rita,,"101302, Avenida 14 de mayo, Santa Rita 101302, Paraguay",-25.7992146,-55.09291839999999,0983 275682,,4.7,3,False,65,B,establishment|point_of_interest|store
K-bala piercing,Tatuajes/Piercing,Piercing Studio,Villarrica,,"Gral. José Eduvigis Díaz y, Villarrica 5000, Paraguay",-25.7772195,-56.44735559999999,0982 576976,,5.0,1,False,65,B,clothing_store|establishment|point_of_interest|store
Punto G tattoo& piercing,Tatuajes/Piercing,Piercing Studio,Villarrica,,"6H82+VMM, Beato Roque Gonzalez, Villarrica 040108, Paraguay",-25.7832354,-56.4483098,0975 490871,,5.0,1,False,65,B,establishment|point_of_interest
Nails Artis,Uñas/Nails,Salon Uñas,Villarrica,,"6GHR+FRF, Rio Aquidaban, Villarrica 040101, Paraguay",-25.7713157,-56.4579665,0985 683132,,5.0,2,False,65,B,beauty_salon|establishment|point_of_interest
Liz nails_estética y belleza,Uñas/Nails,Salon Uñas,Villarrica,,"Blvd. Bicentenario, Villarrica 040101, Paraguay",-25.7736831,-56.46102459999999,0982 466198,,5.0,1,False,65,B,beauty_salon|establishment|point_of_interest
Fucsia Nails Cursos,Uñas/Nails,Salon Uñas,Capiatá,,"14 de mayo 219 esquina, Capiatá 110243, Paraguay",-25.369166,-57.4817676,0972 276108,,4.7,3,False,65,B,establishment|point_of_interest
MON Nails spa de uñas,Spa/Wellness,Spa,Capiatá,,"Teniente Primero Riquelme, Capiatá 110206, Paraguay",-25.3511399,-57.4437049,0976 665493,https://instagram.com/agueromon_nails?igshid=MjEwN2IyYWYwYw==,5.0,1,True,65,B,beauty_salon|establishment|point_of_interest
Mainumby,Otros,General,Ciudad del Este,,"F7MF+J4C, Ciudad del Este 100185, Paraguay",-25.515935,-54.7272287,0983 402054,,5.0,2,False,65,B,establishment|point_of_interest|store
Andrea Cejas y Pestañas,Pestañas/Cejas,General,Yguazú,,"HX28+HGQ, Yguazú 100904, Paraguay",-25.4478074,-55.034782,0986 671648,,5.0,2,False,65,B,beauty_salon|establishment|point_of_interest
Anabel,Otros,General,Ciudad del Este,,"F9X6+WP9, Buenos Aires, Cd. del Este 100128, Paraguay",-25.5002074,-54.638152,0984 470079,,5.0,2,False,65,B,establishment|point_of_interest
Masaje Express Paraguay,Spa/Wellness,General,Ciudad del Este,,"C. Arcadio Garay Vera 5, Cd. del Este 100166, Paraguay",-25.5090762,-54.6626861,,,5.0,3,False,65,B,establishment|point_of_interest
Calavera Tatto,Otros,General,Ciudad del Este,,"F9Q6+X7P, Ciudad del Este 7000, Paraguay",-25.5100754,-54.6392111,0973 613193,,5.0,1,False,65,B,establishment|point_of_interest
NIBO BARBER,Barberia,General,Itaugua,,"Itaugua 2740, Paraguay",-25.3999645,-57.33768850000001,0971 595975,https://instagram.com/nibobarber?utm_medium=copy_link,5.0,5,True,65,B,establishment|hair_care|point_of_interest
Luna Piercing,Tatuajes/Piercing,Piercing Studio,Asunción,,"Independencia Nacional 317, Asunción 001101, Paraguay",-25.2829097,-57.63386849999999,0994 202024,,5.0,3,False,65,B,establishment|point_of_interest|store
Yamila Almirón Nail Artist,Uñas/Nails,General,Itauguá,,"JJ4W+J3H, Tte Esteban Martínez, Itauguá 110611, Paraguay",-25.3933528,-57.35476740000001,0983 988781,https://instagram.com/yamilaalmiron_nails?igshid=MzRlODBiNWFlZA==,4.9,15,True,65,B,beauty_salon|establishment|point_of_interest
NU Pilates Studio Villa Elisa,Gimnasio/Fitness,Yoga/Pilates,Villa Elisa,,"Colombia entre, Jamaica y, Villa Elisa 111507, Paraguay",-25.3645003,-57.5834181,0972 677200,https://www.instagram.com/nupilates.py/,5.0,1,True,65,B,establishment|gym|health|point_of_interest
Yoga Shala,Gimnasio/Fitness,Yoga/Pilates,Asunción,,"Presbítero Marcelino Noutz 872 c, Asunción 001207, Paraguay",-25.2829723,-57.59634200000001,0981 492424,http://instagram.com/yogashalapy,5.0,2,True,65,B,establishment|gym|health|point_of_interest
Andrea Nails,Uñas/Nails,Salon Uñas,Asunción,,"Av. Dr. Fernando de la Mora 2480, Asunción 001314, Paraguay",-25.3281003,-57.59529670000001,0961 536767,https://www.instagram.com/andreaa_nailsss?igsh=NHJqbnEyb20ydHZh,4.9,11,True,65,B,beauty_salon|establishment|point_of_interest
Dynamis Fitness Gym,Gimnasio/Fitness,Gimnasio,Asunción,,"PCQ5+MRQ, Av. Gral. José Gervasio Artigas 3375, Asunción 001517, Paraguay",-25.26084,-57.590395,,,5.0,2,False,65,B,establishment|gym|health|point_of_interest
Aroma Store Paraguay,Otros,General,Ciudad del Este,,"F9QR+Q6 Cidade do Leste, Paraguai Galeria Jebai Center -1º Piso, Entrada 06, Sala 3060, Cd. del Este 100136, Paraguay",-25.5106757,-54.6093082,0985 506010,http://www.aromastore.com.py/,4.5,107,True,65,B,clothing_store|establishment|point_of_interest|store
LZ Studio Pilates,Gimnasio/Fitness,Yoga/Pilates,Villa Elisa,,"Von Poleski, Villa Elisa 111506, Paraguay",-25.3630543,-57.5910871,,,5.0,1,False,65,B,establishment|gym|health|point_of_interest
Luna Pilates,Gimnasio/Fitness,Yoga/Pilates,Villa Elisa,,"JCQ4+JPV, Av. Enrique Von Poleski, Villa Elisa 111505, Paraguay",-25.3606151,-57.5934162,,,5.0,2,False,65,B,establishment|gym|health|point_of_interest
Pilates Fit Asunción,Gimnasio/Fitness,Yoga/Pilates,Asunción,,"Amistad esq, Asunción 1429, Paraguay",-25.280508,-57.60156629999999,,,5.0,1,False,65,B,establishment|gym|health|point_of_interest
Fitness Center,Gimnasio/Fitness,Gimnasio,Naranjal,,"Naranjal 7570, Paraguay",-25.972684,-55.1772279,0983 738745,https://www.facebook.com/Fitness-Center-Naranjal-113418796767314,4.8,4,True,65,B,establishment|gym|health|point_of_interest
Aressa Fitness Center,Gimnasio/Fitness,Gimnasio,Concepción,Barrio Inmaculada,"HHX5+47F, Av. Capitán Herminio Mendoza, Concepción 010106, Paraguay",-23.4021885,-57.4418325,,,5.0,4,False,65,B,establishment|gym|health|point_of_interest
Sukra Yoga,Gimnasio/Fitness,Yoga/Pilates,Concepción,,"Av. Chacabuco 609, Oficina 203, 4070246 Concepción, Bío Bío, Chile",-36.8306526,-73.0486031,,https://www.facebook.com/rayensukrayoga/,5.0,17,True,65,B,establishment|gym|health|point_of_interest
FISIOFIT fisioterapia clínica y deportiva.,Otros,General,Concepción,,"JH28+QQV, Pro. Juan Carlos García, Concepción 010105, Paraguay",-23.3980054,-57.43307129999999,0973 701634,,5.0,1,False,65,B,establishment|health|point_of_interest
"VIP Spa Carapeguá, Paraguay",Spa/Wellness,Spa,Carapeguá,,"PY01, Mcal López, Carapeguá 090502, Paraguay",-25.7674022,-57.2393126,,,5.0,1,False,65,B,establishment|health|point_of_interest|spa
Katherine MakeUp & Nails,Uñas/Nails,Salon Uñas,Mariano Roque Alonso,Caacupe Mi,"Gondra 338 e, Nanawa y, Mariano Roque Alonso 2040, Paraguay",-25.2095644,-57.53248840000001,0991 221226,,5.0,2,False,65,B,beauty_salon|establishment|point_of_interest
Fashion Cosméticos,Otros,General,Santa Rita,,"6W26+743, Alejo García, Santa Rita 101302, Paraguay",-25.7993509,-55.0897047,0986 725663,,5.0,4,False,65,B,establishment|point_of_interest|store
Carolina Lazzarotto makeup,Maquillaje,General,Santa Rita,,"Santa Rita 101301, Paraguay",-25.7969598,-55.0967128,0983 224909,,5.0,2,False,65,B,establishment|hair_care|point_of_interest
GYM Ferrari,Gimnasio/Fitness,Gimnasio,Villa Hayes,,"WF69+59M, PY09, Villa Hayes 150401, Paraguay",-25.0895463,-57.5316019,,,5.0,1,False,65,B,establishment|gym|health|point_of_interest
Training center,Gimnasio/Fitness,General,Villarrica,,"6HF7+XRC, Villarrica 040104, Paraguay",-25.7750552,-56.4354761,,,4.7,3,False,65,B,establishment|gym|health|point_of_interest
Miranda Boxing Team Gym,Gimnasio/Fitness,Gimnasio,Villarrica,,"6H94+8FV, Gral. Caballero, Villarrica 040109, Paraguay",-25.7816493,-56.4438407,0986 686440,,3.0,2,False,65,B,establishment|gym|health|point_of_interest
Martinez barber shop,Barberia,Barberia Moderna,Villarrica,,"Chile, Villarrica 040107, Paraguay",-25.7794571,-56.4298744,,,4.8,6,False,65,B,establishment|hair_care|point_of_interest
Odonto Excellence Villa Hayes,Otros,General,Villa Hayes,,"OROPAR, PY09, Villa Hayes 9900, Paraguay",-25.0887773,-57.530525,0982 223064,,5.0,1,False,65,B,establishment|health|point_of_interest
CLÍNICA VITALIZA,Otros,General,Santa Rita,,"Fracción Schultz Al lado del Edificio Alpha, 8 de diciembre, Santa Rita 101301, Paraguay",-25.797017,-55.0962828,0983 844451,,5.0,3,False,65,B,establishment|health|point_of_interest
Clinic_Cuidar,Gimnasio/Fitness,General,Santa Rita,,"Atras do Poliesportivo Quatro Hermanos, Calle de Servicio de la Ruta 6ta. - Tramo Norte 43, Santa Rita 101305, Paraguay",-25.8180836,-55.1076563,(96) 98801-1722,https://www.instagram.com/cuidar_clinic?utm_source=qr&igsh=MWJreG16NnU0YnF6dw==,5.0,2,True,65,B,establishment|point_of_interest|store
SMP MEDICINA S.A,Otros,General,Asunción,,"Mcal Estigarribia, Asunción 001416, Paraguay",-25.3056462,-57.5667916,0971 227062,,5.0,2,False,65,B,establishment|health|point_of_interest
Estética Deparisis,Otros,General,Santa Rita,,"6W33+2XF, Santa Rita 101301, Paraguay",-25.7974452,-55.09508409999999,0986 414677,,5.0,2,False,65,B,establishment|point_of_interest|store
Tattoo,Tatuajes/Piercing,General,Santa Rita,,"Santa Rita 101302, Paraguay",-25.794606,-55.092273,0973 876468,,5.0,3,False,65,B,establishment|point_of_interest
Extreme GYM,Gimnasio/Fitness,Gimnasio,Santa Rita,,"6WGH+QF6, Calle de Servicio de la Ruta 6ta. - Tramo Norte, Santa Rita 101303, Paraguay",-25.773057,-55.07135539999999,0982 300112,,3.0,2,False,65,B,establishment|gym|health|point_of_interest
Studio Neofitness,Gimnasio/Fitness,General,Santa Rita,,"14 de Mayo, Santa Rita 101301, Paraguay",-25.7971097,-55.0954065,0981 828716,https://instagram.com/studioneofitnesspy?igshid=MzRlODBiNWFlZA==,4.7,3,True,65,B,establishment|gym|health|point_of_interest
MC CLINIC SPA,Spa/Wellness,Spa,Presidente Franco,,"F92J+R43, Presidente Franco 100214, Paraguay",-25.547985,-54.6196985,,,5.0,1,False,65,B,establishment|point_of_interest|spa
Lord Spa CDE Santa Ana,Spa/Wellness,Spa,Presidente Franco,,"F934+HW7, Pdte. Franco 100209, Paraguay",-25.5460969,-54.6427035,,,5.0,2,False,65,B,establishment|point_of_interest|spa
Ruth Jara Makeup,Maquillaje,General,Mariano Roque Alonso,,"Paseo de Fátima casi, Mariano Roque Alonso 111014, Paraguay",-25.1898963,-57.5461987,0995 687588,,5.0,2,False,65,B,beauty_salon|establishment|point_of_interest
YogaThai Paraguay,Gimnasio/Fitness,Yoga/Pilates,San Lorenzo,,"San Felipe, San Lorenzo 111448, Paraguay",-25.3575081,-57.5184145,,,5.0,1,False,65,B,establishment|gym|health|point_of_interest
Dra. Vanesa Pigosso,Otros,General,Santa Rita,,"Mariscal José Félix Estigarribia, Santa Rita 101301, Paraguay",-25.8016302,-55.1025302,0983 102529,,5.0,3,False,65,B,doctor|establishment|health|point_of_interest
"Sanatorio Santa Rita, SANTA RITA ALTO PARANA",Otros,General,Santa Rita,,"6W26+G32, Calle de Servicio de la Ruta 6ta. - Tramo Norte, Santa Rita 101302, Paraguay",-25.7987303,-55.0898727,0673 220 002,,3.0,10,False,65,B,establishment|health|hospital|point_of_interest
Meraki Estudio,Otros,General,Santa Rita,,"Bernardino Caballero, Santa Rita 101305, Paraguay",-25.8052192,-55.092828,0982 685737,,5.0,1,False,65,B,establishment|health|point_of_interest
Vania Makeup,Maquillaje,General,Minga Guazú,,"7420, Minga Guazú 7420, Paraguay",-25.4891962,-54.7654261,0981 251401,,5.0,1,False,65,B,establishment|point_of_interest
Distribuidora Natura Charme e Beleza,Otros,General,Minga Guazú,,"km14 Monday, Minga Guazú 101119, Paraguay",-25.5022187,-54.7404234,0973 881200,,5.0,1,False,65,B,establishment|point_of_interest|store
masaje,Spa/Wellness,General,Capiatá,Posta Ybycua,"JG7Q+P99, Capiatá 110239, Paraguay",-25.3858692,-57.4611508,,,5.0,2,False,65,B,establishment|lodging|point_of_interest
Estudio de tatuajes Oba,Tatuajes/Piercing,General,Capiatá,,"MH22+8RC, 1º de Noviembre, Capiatá 110207, Paraguay",-25.3491968,-57.4479972,0986 909390,,4.5,2,False,65,B,establishment|point_of_interest
Carmenpromakeup,Maquillaje,General,Ciudad del Este,,"F8FC+R2J, Ciudad del Este 100175, Paraguay",-25.5255546,-54.680725,0984 171531,,5.0,2,False,65,B,beauty_salon|establishment|point_of_interest
Clínica Magnificat Minga Guazu,Otros,General,Minga Guazú,,"G726+72R, Ruta Cedrales, Minga Guazú 101106, Paraguay",-25.4992583,-54.7399754,0985 408023,,4.5,2,False,65,B,establishment|health|point_of_interest
Fany Piercing,Tatuajes/Piercing,Piercing Studio,Ciudad del Este,,"Av Dr Ignacio Alberto Pane, Cd. del Este 100172, Paraguay",-25.5134385,-54.6573714,0983 826695,,5.0,1,False,65,B,establishment|point_of_interest
JCAUTOMOTRIZPROG,Gimnasio/Fitness,General,Ciudad del Este,,"C. km 9 Lado Acaray 555, Cd. del Este 100105, Paraguay",-25.4818887,-54.6883034,,,5.0,1,False,65,B,establishment|gym|health|point_of_interest
MarVer Cosmético,Otros,General,Villarrica,,"Maelo Gómez, Villarrica 5555, Paraguay",-25.7798441,-56.4431252,0986 821950,,5.0,4,False,65,B,establishment|point_of_interest|store
BEX fashion & makeup,Maquillaje,General,Villarrica,,"Spezzini Y, Villarrica 5000, Paraguay",-25.7771178,-56.4559717,0985 655183,,5.0,2,False,65,B,establishment|point_of_interest
BELLANATURA,Otros,General,Villarrica,,"Blvd. Caballero, Villarrica 040110, Paraguay",-25.7752617,-56.4546663,0983 245343,,5.0,3,False,65,B,establishment|point_of_interest
Encantadas Cosmeticos,Estetica/Facial,Perfumeria,Villarrica,,"Mcal.Estigarribia, Villarrica 040109, Paraguay",-25.7812562,-56.4441889,0983 624146,,5.0,1,False,65,B,establishment|point_of_interest|store
Gisse Studio,Salon de Belleza,General,Villarrica,,"calle san Juan, Villarrica 041104, Paraguay",-25.7412056,-56.2975552,0976 406447,,3.7,3,False,65,B,beauty_salon|establishment|point_of_interest
RoxiBella Perfumes y Cosmeticos,Estetica/Facial,Perfumeria,Villarrica,,"Tte.Guillermo Arias casi, Villarrica 040103, Paraguay",-25.7741406,-56.4464371,0983 007944,,5.0,1,False,65,B,clothing_store|establishment|point_of_interest|store
Espacio Belleza L,Spa/Wellness,Spa,Ciudad del Este,,"a tres cuadras sobre la calle paraiso, Av. República del Perú, Cd. del Este 1056, Paraguay",-25.4764889,-54.64663609999999,0985 477856,https://wa.me/595975179498,5.0,4,True,65,B,establishment|point_of_interest
JEAD cosmeticos,Estetica/Facial,Perfumeria,Presidente Franco,,"Santo Tomas, Pdte. Franco 100214, Paraguay",-25.5465204,-54.6272865,0981 957102,,5.0,1,False,65,B,establishment|point_of_interest
Corppilates,Gimnasio/Fitness,Yoga/Pilates,Asunción,,"PCVF+V4F, Asunción 001519, Paraguay",-25.2553273,-57.5772415,0994 650322,https://www.instagram.com/corppilatespy/,5.0,1,True,65,B,establishment|gym|health|point_of_interest
Pilates CASA MIA,Gimnasio/Fitness,Yoga/Pilates,Asunción,,"PCMG+79W, Capitán de Marina Domingo Antonio Ortíz, Asunción 001520, Paraguay",-25.2668889,-57.57397219999999,,,5.0,1,False,65,B,establishment|gym|health|point_of_interest
Vitalis_Studio,Otros,General,Capiatá,,"JGVH+QX3, Villa Constitución, Capiatá 110212, Paraguay",-25.3556003,-57.47008559999999,0984 133267,,5.0,2,False,65,B,establishment|point_of_interest
Boquitas Odontología y Estética Facial,Estetica/Facial,General,Capiatá,,"San José 220 Casi, Capiatá 110206, Paraguay",-25.3461754,-57.445058,0984 333636,,5.0,1,False,65,B,establishment|health|point_of_interest
Tattoo studio Paraguari (Hugo Flores),Tatuajes/Piercing,Tattoo Studio,Paraguarí,,"9R9X+XQ3, Ruta Ciudad Villarrica - Felix Perez Cardozo, Paraguarí 090102, Paraguay",-25.6301156,-57.1505841,0972 651578,,5.0,1,False,65,B,establishment|food|grocery_or_supermarket|point_of_interest|store
Gisse Acuña Salón de Uñas,Uñas/Nails,Salon Uñas,Paraguarí,,"Tte. Herreros casi, Paraguarí 090101, Paraguay",-25.6187107,-57.14401909999999,0972 499587,,5.0,2,False,65,B,beauty_salon|establishment|point_of_interest
Makeupbygisel,Maquillaje,General,Villa Elisa,,"Ypané, Villa Elisa 111506, Paraguay",-25.3684435,-57.5923066,0982 251989,,5.0,1,False,65,B,establishment|point_of_interest
Fatima Make Up,Maquillaje,General,Bella Vista Sur,,"XC59+RVG, Bella Vista Sur 070201, Paraguay",-27.0404352,-55.5803014,0981 855043,,5.0,1,False,65,B,establishment|point_of_interest
Arte Dental Lambare,Otros,General,Lambaré,,"arte dental, Lambaré 110728, Paraguay",-25.3537092,-57.6218247,0983 021454,,5.0,1,False,65,B,doctor|establishment|health|point_of_interest
Triplex Dea,Otros,General,Concepción,,"De la cancha de santo domingo de Guzman, Casi 4 cuadras de norte publicidad, Concepción 010111, Paraguay",-23.4315193,-57.425748,0975 295114,,5.0,1,False,65,B,establishment|point_of_interest
LILI MASAJES,Spa/Wellness,General,Carapeguá,,"4050, Carapeguá 090501, Paraguay",-25.7656913,-57.2517149,0987 206496,https://www.facebook.com/profile.php?id=100087251935420,5.0,1,True,65,B,establishment|point_of_interest|spa
Johaniitanails,Uñas/Nails,Salon Uñas,Villa Elisa,,"Teodoro S. Mongelós, Villa Elisa 111503, Paraguay",-25.3574965,-57.5731641,0972 280822,,5.0,3,False,65,B,establishment|hair_care|point_of_interest
Little-tuespacio,Spa/Wellness,Spa,Villa Elisa,,"Virgen del Rosario, Villa Elisa 111512, Paraguay",-25.374912,-57.5944018,,,5.0,4,False,65,B,establishment|hair_care|point_of_interest
Maypecejasymas,Pestañas/Cejas,General,Villa Elisa,,"Teniente Américo picco Casi nanawa Villa Elisa ⅞, Villa Elisa 111511, Paraguay",-25.3763257,-57.5828603,0992 746243,,5.0,1,False,65,B,establishment|point_of_interest
Tu Espacio de Belleza,Spa/Wellness,Spa,Ciudad del Este,,"F8MM+RW7, Ciudad del Este 100171, Paraguay",-25.5154707,-54.66519330000001,0982 887765,https://www.instagram.com/invites/contact/?i=13lpoxzj4ncwp&utm_content=kf3on3h,5.0,2,True,65,B,beauty_salon|establishment|point_of_interest
Spa Spatti,Spa/Wellness,Spa,San Lorenzo,,"Av. Dr. Gabriel Pellón, San Lorenzo 111410, Paraguay",-25.3245855,-57.5005859,0992 396462,https://www.instagram.com/spatti_spa/?igshid=ZDdkNTZiNTM%3D,5.0,1,True,65,B,establishment|point_of_interest|spa
Clínica Estética Dr Berni,Otros,General,ycua mandiyu,,"Ingavi esquina, ycua mandiyu 110310, Paraguay",-25.3203853,-57.5279029,0986 289260,https://instagram.com/clinica_estetica_berni_2?utm_medium=copy_link,4.6,18,True,65,B,establishment|health|point_of_interest
Aloe Tratamientos Estéticos,Otros,General,Fernando de la Mora,Fernando Zona Sur,"1 de Mayo & Sta Cruz Fernando de la Mora, Fernando de la Mora 2300, Paraguay",-25.337649,-57.5452856,0986 274945,,5.0,4,False,65,B,establishment|point_of_interest
Dr Juan Eulogio Estigarribia,Otros,General,Doctor Juan Eulogio Estigarribia,,"J8C5+7P4, Doctor Juan Eulogio Estigarribia 051204, Paraguay",-25.3793591,-55.6906726,,,4.7,14,False,65,B,establishment|point_of_interest|shopping_mall
Laboratorio Clínico Bethesda,Otros,General,Doctor Juan Eulogio Estigarribia,,"Boquerón entre Las Residentas y Mcal. Estigarribia Barrio San Jorge Dr. J. E. Estigarribia, Dr Juan Eulogio Estigarribia 3660, Paraguay",-25.3715315,-55.6965577,0986 340652,,5.0,2,False,65,B,establishment|health|point_of_interest
Femenina Ana Galván,Spa/Wellness,General,Minga Guazú,,"G69M+9PF, Minga Guazú 101102, Paraguay",-25.4815111,-54.7657046,,,5.0,1,False,65,B,establishment|point_of_interest|spa
Ananda Yoga,Spa/Wellness,Yoga/Pilates,Villarrica,,"Av. Espana y, Villarrica 040111, Paraguay",-25.7831066,-56.4606667,,,5.0,1,False,65,B,establishment|gym|health|point_of_interest
Paradise Nails & Spa,Spa/Wellness,Spa,Caaguazú,Barrio San Francisco,"GXXH+XWF, Caaguazú 050203, Paraguay",-25.4500706,-56.0201852,0975 336065,https://www.instagram.com/_paradisenails_spa?igsh=a201ajVpN2h6YWUx,5.0,1,True,65,B,beauty_salon|establishment|point_of_interest
Liz Nails & Beauty Studio,Uñas/Nails,Salon Uñas,Mariano Roque Alonso,,"Gral. Bernardino Caballero, Mariano Roque Alonso 2020, Paraguay",-25.1981128,-57.5029601,0984 278806,,5.0,2,False,65,B,beauty_salon|establishment|hair_care|point_of_interest|spa
Mk Funcional Training,Gimnasio/Fitness,General,Minga Guazú,,"Km 20, Minga Guazú 101116, Paraguay",-25.4854015,-54.7925362,0982 498376,https://www.instagram.com/mk_funcionaltraining?igsh=amdqZ2c2bXB0bW9k,5.0,1,True,65,B,establishment|gym|health|point_of_interest
Dra. Amalia Escobar Medicina Estética,Otros,General,Fernando de la Mora,Fernando Zona Norte,"Sargento V. Gonzalez entre, Aca Caraya y, Fernando de la Mora 110312, Paraguay",-25.3253899,-57.5388158,0972 796322,,5.0,1,False,65,B,establishment|point_of_interest
Alvareztattoo,Tatuajes/Piercing,General,Capiatá,,"JH9H+6MM, Capiatá 110229, Paraguay",-25.3819215,-57.4208309,0982 885266,,5.0,2,False,65,B,establishment|point_of_interest
Huguito tatuajes,Tatuajes/Piercing,General,Kapi'atã,,"JGGH+W9J, Villarrica, Kapi'atã 110240, Paraguay",-25.3726538,-57.47159519999999,0991 868177,,5.0,3,False,65,B,establishment|point_of_interest
Marina Makeup Studio,Maquillaje,General,Fernando de la Mora,,"PF26+MGC, Fernando de la Mora 110302, Paraguay",-25.2983188,-57.538733,0981 578966,http://www.facebook.com/MarinaMakeUp/,4.7,12,True,65,B,beauty_salon|establishment|point_of_interest
YaniFlor Makeup & Novedades,Maquillaje,General,Fernando de la Mora,Fernando Zona Norte,"Rio Ypane esq, Fernando de la Mora 110307, Paraguay",-25.3219272,-57.55026119999999,0986 251009,,5.0,2,False,65,B,beauty_salon|establishment|point_of_interest
Sakura Make Up,Maquillaje,General,Fernando de la Mora,Fernando Zona Norte,"Aca Yuasa, Fernando de la Mora 2300, Paraguay",-25.3217894,-57.5415291,0992 739047,,5.0,1,False,65,B,beauty_salon|establishment|point_of_interest
Bodrüm Nails & Beauty Bar.,Uñas/Nails,Salon Uñas,Zona Norte,,"Ingavi 1533 c/ Ycuamandyju Fernando de la Mora, Zona Norte 2300, Paraguay",-25.3200731,-57.5277154,0985 493092,,5.0,2,False,65,B,beauty_salon|establishment|point_of_interest
Thalia Rivas Make Up,Maquillaje,General,Fernando de la Mora,Fernando Zona Sur,"Natalicio gonzalez casi calle segunda Fernando de la Mora, Fernando de la Mora 2300, Paraguay",-25.3504672,-57.5587235,0984 320090,,5.0,4,False,65,B,establishment|point_of_interest
EZ Makeup Studio,Maquillaje,General,Fernando de la Mora,Fernando Zona Norte,"Mainumby, Fernando de la Mora 110309, Paraguay",-25.3177636,-57.5422979,0994 383404,,4.5,2,False,65,B,establishment|point_of_interest
Bella donna Viviana Ocampos MakeUp,Maquillaje,General,Minga Guazú,,"G68P+XCV, Minga Guazú 101102, Paraguay",-25.4825245,-54.7639564,0973 191636,,4.8,4,False,65,B,establishment|point_of_interest
Estética Fátima,Otros,General,Minga Guazú,,"Km 20 Acaray, Minga Guazú 101115, Paraguay",-25.4808466,-54.7932794,0983 649845,,5.0,2,False,65,B,establishment|point_of_interest|store
Divina Estética Spa,Spa/Wellness,Spa,Doctor Juan Eulogio Estigarribia,,"J7GW+PJ5, Proceres de Mayo, Dr Juan Eulogio Estigarribia 051202, Paraguay",-25.373243,-55.7033972,0986 527945,,3.0,2,False,65,B,beauty_salon|establishment|point_of_interest|spa
Consultorio de kinesiología y fisioterapia Kinesant,Otros,General,Doctor Juan Eulogio Estigarribia,,"J8G4+FVV, Doctor Juan Eulogio Estigarribia 051203, Paraguay",-25.3733563,-55.69246529999999,0982 906650,,5.0,2,False,65,B,establishment|health|point_of_interest
Salón de Belleza Patto,Otros,General,Doctor Juan Eulogio Estigarribia,,"J7HV+5F8, Doctor Juan Eulogio Estigarribia 051202, Paraguay",-25.3720927,-55.7063117,0992 705468,,5.0,1,False,65,B,establishment|point_of_interest
MabelBarriosStudio,Otros,General,Doctor Juan Eulogio Estigarribia,,"Virgen serrana Dr J.E.Estigarribia, Dr Juan Eulogio Estigarribia 1102, Paraguay",-25.372278,-55.7087782,0975 867548,,5.0,1,False,65,B,establishment|point_of_interest
Melko Tattoo,Tatuajes/Piercing,General,Capiatá,Posta Ybycua,"JH63+FPF, Capiatá 110233, Paraguay",-25.3891041,-57.44631269999999,0987 179999,,5.0,3,False,65,B,establishment|hair_care|health|point_of_interest
Rod_dbarber STUDIO,Barberia,General,Coronel Bogado,,"San Cosme 367, Cnel. Bogado 070803, Paraguay",-27.1705202,-56.2329532,,,5.0,5,False,65,B,establishment|hair_care|health|point_of_interest
Arselia Beauty Center,Otros,General,Coronel Bogado,,"Gral. Diaz 745 casi, Cnel. Bogado 070802, Paraguay",-27.1582055,-56.2366669,0981 740093,,5.0,1,False,65,B,establishment|point_of_interest
Yizel Nails Art,Uñas/Nails,Salon Uñas,Fernando de la Mora,Fernando Zona Sur,"Dr. Sosa, Fernando de la Mora 110318, Paraguay",-25.3340263,-57.5502706,0983 395413,,5.0,2,False,65,B,beauty_salon|establishment|point_of_interest
Fisioterapia y Kinesiologia Maybe,Otros,General,Mariano Roque Alonso,Caacupe Mi,"111021, Mariano Roque Alonso 2040, Paraguay",-25.2072873,-57.54049279999999,0983 826768,,5.0,2,False,65,B,establishment|health|physiotherapist|point_of_interest
Cinthia Cardozo Nails-Spa,Spa/Wellness,Spa,Caaguazú,,"45902, +99, Caaguazú 050211, Paraguay",-25.4759501,-56.0351388,0986 961298,https://www.instagram.com/cinthiacardozo_nails?igsh=MTl0Z25xc2UzazlsMA==,5.0,3,True,65,B,beauty_salon|establishment|point_of_interest
Gym X,Gimnasio/Fitness,Gimnasio,Fernando de la Mora,,"MFMF+XCV, Fernando de la Mora 110311, Paraguay",-25.3150186,-57.5264625,,,4.7,3,False,65,B,establishment|gym|health|point_of_interest
Cindy López Nails,Uñas/Nails,Salon Uñas,Villa Hayes,,"WF58+JCF, Curupayty, Villa Hayes 150402, Paraguay",-25.0909394,-57.5339551,0992 686835,,5.0,2,False,65,B,beauty_salon|establishment|point_of_interest
Libera tu Alma Spa,Spa/Wellness,Spa,Villa Hayes,,"WF3H+9FM, Dr. José Gaspar Rodríguez de Francia, Villa Hayes 150404, Paraguay",-25.0965287,-57.5213378,,,5.0,1,False,65,B,establishment|point_of_interest|spa
Sonia Santacruz Makeup Store,Maquillaje,General,Doctor Juan Eulogio Estigarribia,,"Emiliano R. Fernandez esq, Dr Juan Eulogio Estigarribia 051202, Paraguay",-25.3675692,-55.7009713,0981 908794,,5.0,1,False,65,B,establishment|point_of_interest|store
PABLITO Y MIRIAN DISTRIBUIDORA.CAMPO 9,Otros,General,Doctor Juan Eulogio Estigarribia,,"J7GW+JV9, Proceres de Mayo, Dr Juan Eulogio Estigarribia 051204, Paraguay",-25.3734148,-55.7028836,0981 898387,,5.0,1,False,65,B,establishment|point_of_interest|store
Percat,Otros,General,Doctor Juan Eulogio Estigarribia,,"J7FR+2VW, Doctor Juan Eulogio Estigarribia 051204, Paraguay",-25.3773793,-55.707805,,,4.8,14,False,65,B,establishment|point_of_interest|store
Centro Estética y Fisioterapia,Otros,General,Doctor Juan Eulogio Estigarribia,,"Torin, Dr Juan Eulogio Estigarribia 5120, Paraguay",-25.4089044,-55.48931649999999,0983 123854,,5.0,1,False,65,B,establishment|health|point_of_interest
Isaacostanailsybeauty,Uñas/Nails,Salon Uñas,Asunción,,"Ruta transchaco, Teniente Villalba casi, Asunción 001510, Paraguay",-25.2502231,-57.55405219999999,0992 338628,https://wa.me/message/KLCNF3GY4LP7J1,4.9,11,True,65,B,beauty_salon|establishment|point_of_interest
Estética y tratamientos Zully,Spa/Wellness,General,Minga Guazú,,"G35X+HJW, Minga Guazú 101128, Paraguay",-25.49102,-54.90091049999999,,,5.0,3,False,65,B,establishment|point_of_interest|spa
Cejas y Pestañas,Pestañas/Cejas,General,Minga Guazú,,"Km14 Monday Ruta Cedrales, 1000m, Ruta Internacional, Laboratorio Vital, doblar la Esquerda a 50metros, Proximo Biovital, Laboratorio, Minga Guazú 101106, Paraguay",-25.499222,-54.7390544,0975 352024,https://www.facebook.com/cejamirna,4.6,10,True,65,B,beauty_salon|establishment|point_of_interest
Black Rose Tattoo - BlK Tatto,Tatuajes/Piercing,General,Minga Guazú,,"G69Q+RV9, Minga Guazú 101102, Paraguay",-25.4804571,-54.7602841,0991 973227,,5.0,1,False,65,B,establishment|point_of_interest
"Pomber- barbería, tatuajes y piercings",Barberia,Piercing Studio,Minga Guazú,,"Minga Guazú 101103, Paraguay",-25.4884577,-54.7594996,0971 968740,https://instagram.com/pomber_barber?igshid=OGQ5ZDc2ODk2ZA==,5.0,7,True,65,B,establishment|point_of_interest|store
Vidalia Barrios Studio Nail Arts,Uñas/Nails,General,Minga Guazú,,"Km 30 Piro'y Sub-Urbano Minga Guazu, Minga Guazú 7420, Paraguay",-25.4944483,-54.8969896,0992 608378,,5.0,1,False,65,B,establishment|hair_care|point_of_interest
María Solís salón de uñas,Uñas/Nails,Salon Uñas,Coronel Bogado,,"Av. Pedro Juan Caballero, Cnel. Bogado 070802, Paraguay",-27.1630412,-56.2358077,0981 891529,https://www.instagram.com/mariasolis_nails?igsh=MTBtcTE2amRoNDYyMQ==,4.9,11,True,65,B,beauty_salon|establishment|point_of_interest
Wapa's Salón de Belleza y Estetica By Mariana Gomez,Estetica/Facial,General,Coronel Bogado,,"Julia Cueto Casi, Cnel. Bogado 070803, Paraguay",-27.1690944,-56.2392651,0983 571461,,5.0,4,False,65,B,establishment|point_of_interest
LASHES Y NAILS,Uñas/Nails,Salon Uñas,San Lorenzo,,"Juan León mallorquín, San Lorenzo 111431, Paraguay",-25.3484613,-57.514987,0982 426264,,5.0,1,False,65,B,beauty_salon|establishment|point_of_interest
Bella Fiore spa,Spa/Wellness,Spa,San Lorenzo,,"JGR2+5Q5, San Lorenzo 111456, Paraguay",-25.3595842,-57.49800399999999,,,5.0,1,False,65,B,establishment|point_of_interest|spa
NM Spa,Spa/Wellness,Spa,San Lorenzo,,"Av. Dr. Gabriel Pellón 151, San Lorenzo 111419, Paraguay",-25.333509,-57.5085093,,,5.0,2,False,65,B,establishment|point_of_interest|spa
Ketlin Cosméticos,Otros,General,Naranjal,,"01, Naranjal 7705, Paraguay",-25.9713717,-55.1954341,0986 549266,,5.0,1,False,65,B,establishment|point_of_interest
Rafaela Benavenuto Nail Designer - Manicure & Pedicure,Uñas/Nails,General,Naranjal,,"Unnamed Road, Naranjal 101401, Paraguay",-25.9770844,-55.1866585,,,4.8,12,False,65,B,beauty_salon|establishment|point_of_interest
Tob Nails Uñas Esculpidas,Uñas/Nails,Salon Uñas,San Lorenzo,,"2160, San Lorenzo 2160, Paraguay",-25.303743,-57.5292291,0991 721815,https://instagram.com/tobnails_?utm_medium=copy_link,4.9,13,True,65,B,beauty_salon|establishment|point_of_interest
VEDREGAL - Estética- Limpieza facial profunda- Bioestimulador de colágeno- CIUDAD DEL ESTE,Estetica/Facial,General,Del este,,"a 2 cuadras de la cooperativa universitaria, Del este 100154, Paraguay",-25.5247916,-54.6381691,0986 628958,,5.0,1,False,65,B,establishment|point_of_interest
Luz Almirón Extensiones de Pestañas,Pestañas/Cejas,General,Ciudad del Este,,"Av. Fortin Toledo, G84R+HJ8, &, Cd. del Este 100122, Paraguay",-25.4935892,-54.6584067,0973 739086,,5.0,1,False,65,B,beauty_salon|establishment|point_of_interest
TRESBELLE SPA (Nancy Galeano),Spa/Wellness,Spa,San Lorenzo,,"Progreso 12 casi, San Lorenzo 111419, Paraguay",-25.3298707,-57.50427269999999,,,5.0,1,False,65,B,establishment|point_of_interest|spa
ORÉA NAILS,Uñas/Nails,Salon Uñas,San Lorenzo,,"Central 29, San Lorenzo 111429, Paraguay",-25.3416672,-57.4977811,0974 654259,https://www.instagram.com/oreanails_?igsh=ZTVtNnhhNDBoMXNt,5.0,16,True,65,B,beauty_salon|establishment|point_of_interest
Gabinete Estetico Ctra. Leticia Escobar,Spa/Wellness,General,Lambaré,,"Petereby, Lambaré 110705, Paraguay",-25.3303924,-57.6204938,0986 827372,https://www.facebook.com/CtraLetEscobar/,5.0,2,True,65,B,establishment|health|point_of_interest|spa
Cross Training cOMPLEX,Otros,General,Bella Vista,,"Bella Vista 070202, Paraguay",-27.046822,-55.57257689999999,0992 412308,,5.0,1,False,65,B,establishment|point_of_interest
Vitapilates Studio,Gimnasio/Fitness,Yoga/Pilates,Francisco Caballero A.,,"Cacique Canindeyu 905 General Francisco Alvarez- Puente Kyjha, Francisco Caballero A. 7980, Paraguay",-24.1586725,-54.66903869999999,0981 731893,https://www.instagram.com/vitapilatesstudio/,5.0,3,True,65,B,establishment|gym|health|point_of_interest
Melinails,Uñas/Nails,Salon Uñas,Bella Vista,,"Esquina, Mariscal José Félix Estigarribia y, Bella Vista 070202, Paraguay",-27.0471641,-55.5777627,0993 563128,,4.7,3,False,65,B,beauty_salon|establishment|point_of_interest
Mica Nails,Uñas/Nails,Salon Uñas,Bella Vista,,"Av. San Martín 2325, B1661 Bella Vista, Provincia de Buenos Aires, Argentina",-34.570173,-58.6943949,,,5.0,15,False,65,B,beauty_salon|establishment|point_of_interest
Lirios Cosméticos,Otros,General,Concepción,,"HHV4+7WH, Fulgencio Yegros, Concepción 010107, Paraguay",-23.4068132,-57.44263649999999,0981 298999,https://instagram.com/lirios_cosmeticospy?igshid=YmMyMTA2M2Y=,4.8,12,True,65,B,establishment|point_of_interest|store
JM Fitness,Gimnasio/Fitness,General,Concepción,Barrio Villa Oliva,"Soldado Desconocido, Concepción 010105, Paraguay",-23.4010459,-57.42884249999999,,,5.0,1,False,65,B,establishment|gym|health|point_of_interest
My Life Gym,Gimnasio/Fitness,Gimnasio,Concepción,,"8500, Concepción 010110, Paraguay",-23.4130664,-57.43728359999999,,,5.0,2,False,65,B,establishment|gym|health|point_of_interest
La Pelu Que Querías.,Peluqueria,General,Concepción,Barrio Inmaculada,"Concepción 010106, Paraguay",-23.4003987,-57.44324880000001,0971 826509,,3.8,4,False,65,B,establishment|hair_care|point_of_interest
Jei Pilates Sucursal Pueblo,Gimnasio/Fitness,Yoga/Pilates,Lambaré,,"Paz del Chaco casi, Lambaré 2420, Paraguay",-25.3313372,-57.6133551,0981 355356,https://www.instagram.com/jeipilatespy/,5.0,2,True,65,B,establishment|gym|health|point_of_interest
Sol Loeb Pilates Studio,Gimnasio/Fitness,Yoga/Pilates,Lambaré,,"Guaraníes, Lambaré 110722, Paraguay",-25.3433816,-57.6158138,,,5.0,1,False,65,B,establishment|gym|health|point_of_interest
Barberia tio Beto,Barberia,General,Minga Guazú,,"G6FW+3JF, Minga Guazú 101103, Paraguay",-25.4773165,-54.7534548,,,4.8,5,False,65,B,establishment|hair_care|health|point_of_interest
Andrü Nails Designer,Uñas/Nails,Salon Uñas,Minga Guazú,,"1234567, Minga Guazú 173940, Paraguay",-25.4822855,-54.7925854,0975 805190,,5.0,2,False,65,B,beauty_salon|establishment|point_of_interest
IMPERIO de las uñas,Uñas/Nails,Salon Uñas,Minga Guazú,,"Carlos Antonio López, Minga Guazú 7420, Paraguay",-25.481139,-54.7648278,0986 348429,,5.0,3,False,65,B,establishment|point_of_interest|spa
Dentalmas-Coronel Bogado,Otros,General,Coronel Bogado,,"RQV5+JWR Parada de Omnibus de, Julia Miranda Cueto de Estigarribia, Cnel. Bogado 070802, Paraguay",-27.1558824,-56.2402369,0985 500210,,5.0,2,False,65,B,establishment|health|point_of_interest
ACADEMIA DRAGÓN,Gimnasio/Fitness,General,Coronel Bogado,,"RQG8+8V, Coronel Bogado 070803, Paraguay",-27.1742122,-56.2328017,,,5.0,3,False,65,B,establishment|gym|health|point_of_interest
BioMed (fisiospa),Spa/Wellness,Spa,Hernandarias,,"H9PF+P4G, Colombia, Hernandarias 100511, Paraguay",-25.4133289,-54.6272892,0994 163044,https://www.instagram.com/biomed_fisiospa/,5.0,1,True,65,B,establishment|point_of_interest
Academia Aguilas Doradas Training,Gimnasio/Fitness,General,Hernandarias,,"J947+X3M, Estados Unidos, Hernandarias 100506, Paraguay",-25.3925432,-54.6373197,,,5.0,2,False,65,B,establishment|gym|health|point_of_interest
Yeni Coiffure,Salon de Belleza,General,Hernandarias,,"Calle Anahí, Hernandarias 100527, Paraguay",-25.4312286,-54.6415413,0985 984505,https://www.facebook.com/yeni.stumpfs,3.9,12,True,65,B,beauty_salon|establishment|point_of_interest
Nails La cubana,Uñas/Nails,Salon Uñas,Villa,,"Colonia Elisa, Villa Elisa, Paraguay 2610, Villa 2610, Paraguay",-25.3617129,-57.56924619999999,0994 149976,,5.0,3,False,65,B,beauty_salon|establishment|point_of_interest
Her Beauty Py,Peluqueria,General,San Lorenzo,,"JGC4+CMH, San Lorenzo 111467, Paraguay",-25.3789463,-57.49308319999999,0981 090609,,3.8,4,False,65,B,establishment|hair_care|point_of_interest
Luz Nail's Art,Uñas/Nails,General,Caaguazú,Barrio Centenario,"Caaguazú 050206, Paraguay",-25.4687292,-56.0072287,0994 725634,,5.0,1,False,65,B,beauty_salon|establishment|point_of_interest
Beauty Store,Otros,General,Villa Hayes,,"WF5H+HQ4, Gral. José Eduvigis Díaz, Villa Hayes 150405, Paraguay",-25.0911226,-57.5205409,0971 523204,,5.0,1,False,65,B,establishment|point_of_interest|store
Saharaim Colman Makeup Studio,Maquillaje,General,Villa Hayes,,"Laudo Hayes, Villa Hayes 150404, Paraguay",-25.0973914,-57.5265137,0981 210186,,5.0,1,False,65,B,beauty_salon|establishment|point_of_interest
Zeta Tattoo,Tatuajes/Piercing,General,Fernando de la Mora,,"Av. Mariscal López casi, Fernando de la Mora 110302, Paraguay",-25.3045044,-57.54219469999999,0961 912170,https://instagram.com/zetatattoopy?igshid=MzRlODBiNWFlZA==,4.5,19,True,65,B,establishment|point_of_interest
Belleza y Estetica Styles Aly,Estetica/Facial,General,Caaguazú,,"Caaguazú 050201, Paraguay",-25.453073,-56.042402,0991 731565,,5.0,1,False,65,B,establishment|hair_care|point_of_interest
Fusión tattoo & Publicidad,Tatuajes/Piercing,Tattoo Studio,Caaguazú,,"Av. Dr. Juan M. Frutos 1132 e, Caaguazú 0502, Paraguay",-25.4596668,-56.0252315,0976 464536,,5.0,1,False,65,B,establishment|point_of_interest
Jhady nails,Uñas/Nails,Salon Uñas,Caaguazú,,"GWGX+4J3, Caaguazú 050212, Paraguay",-25.4747371,-56.050956,0983 841090,,5.0,3,False,65,B,beauty_salon|establishment|point_of_interest
YANINA SAMUDIO NAILS,Uñas/Nails,Salon Uñas,Caaguazú,Barrio Centenario,"GXPR+2H5, Caaguazú 050206, Paraguay",-25.4662883,-56.008242,0983 637768,,4.8,4,False,65,B,beauty_salon|establishment|point_of_interest
Chin Lopez Nails,Uñas/Nails,Salon Uñas,Caaguazú,Barrio Bernardino Caballero,"Segunda Proyectada, Doctor Luis María Argaña, Caaguazú 3400, Paraguay",-25.4790317,-56.0150593,0981 992512,https://www.facebook.com/Chinlopeznails/,4.9,15,True,65,B,beauty_salon|establishment|point_of_interest
Lourdes Orue Nails,Uñas/Nails,Salon Uñas,Caaguazú,Barrio San Lorenzo,"Calle jhugua'i 9003, Caaguazú 050209, Paraguay",-25.4648597,-56.0356963,0984 540635,,5.0,1,False,65,B,beauty_salon|establishment|point_of_interest
Nise Nails Art y Make_up,Uñas/Nails,Salon Uñas,Caaguazú,,"Curupayty, Caaguazú 050201, Paraguay",-25.4596655,-56.0352651,0986 439466,,5.0,1,False,65,B,beauty_salon|establishment|point_of_interest
Consultorio Odontológico Dra. Sofía Recalde López,Otros,General,Paraguarí,,"Calle Capitán Brizuela entre, Félix Bogado y, Paraguarí 090101, Paraguay",-25.6210633,-57.1438613,0982 826435,,5.0,2,False,65,B,establishment|health|point_of_interest
Romi Perfumes y Cosméticos,Otros,General,Concepción,Barrio Inmaculada,"Av. Capitán Herminio Mendoza casi, Concepción 010107, Paraguay",-23.4026339,-57.4458087,0972 139657,,5.0,2,False,65,B,clothing_store|establishment|point_of_interest|store
Ambar Store,Otros,General,Concepción,,"HHX5+4R, Concepción 010105, Paraguay",-23.4021655,-57.4404686,0982 097845,,5.0,2,False,65,B,establishment|point_of_interest|store
Mavi Novedades,Otros,General,Concepción,,"Unnamed Road, Concepción 010103, Paraguay",-23.3903612,-57.4334723,0971 801977,,5.0,2,False,65,B,establishment|point_of_interest|store
Bettyna Makeup,Maquillaje,General,Concepción,,"HHX7+QC7, Sgto. Pirelli, Concepción 010105, Paraguay",-23.4005824,-57.4364647,0985 722702,,5.0,4,False,65,B,establishment|hair_care|health|point_of_interest
NailsGlo,Uñas/Nails,Salon Uñas,Concepción,,"Intendente Giménez Silva c, Monseñor Lachy González, Concepción 010118, Paraguay",-23.419416,-57.4425008,0982 117224,,5.0,1,False,65,B,beauty_salon|establishment|point_of_interest
LizPa Nails Designer,Uñas/Nails,Salon Uñas,Concepción,,"HHW7+496, Sargento Pirelli, Concepción 8700, Paraguay",-23.404716,-57.43659950000001,0986 297300,,5.0,3,False,65,B,beauty_salon|establishment|point_of_interest
Lord Spa Concepción,Spa/Wellness,Spa,Concepción,Barrio Inmaculada,"JH44+7C6, Concepción 010101, Paraguay",-23.3943483,-57.4439971,,,5.0,1,False,65,B,establishment|point_of_interest|spa
Eco Cosmeticos Villa Elisa Centro,Estetica/Facial,Perfumeria,Villa Elisa,,"JCF8+567, Villa Elisa 111511, Paraguay",-25.3770093,-57.58450690000001,0984 002083,,3.4,13,False,65,B,establishment|point_of_interest|store
Sakura Nails,Uñas/Nails,Salon Uñas,Villa Elisa,,"JCHG+3C6, Fulgencio Yegros, Villa Elisa 111510, Paraguay",-25.3723487,-57.57399369999999,0984 057987,,5.0,1,False,65,B,beauty_salon|establishment|point_of_interest
Diamond Care Estética Facial y Odontología,Estetica/Facial,General,Ciudad del Este,,"F9F5+V5H, Ciudad del Este 100154, Paraguay",-25.5246867,-54.6418833,0973 877901,,5.0,2,False,65,B,establishment|health|point_of_interest
Centro estético Esencia,Spa/Wellness,General,Obligado,,"27.0491442 55, Obligado 071702, Paraguay",-27.0491662,-55.62956639999999,0985 284784,https://instagram.com/esenciacentroestetico_?igshid=NzZlODBkYWE4Ng==,5.0,2,True,65,B,establishment|health|physiotherapist|point_of_interest|spa
Peluquería Maribel Greve,Peluqueria,General,Obligado,,"W9FV+FCM Departamento de, camino al Puerto, Obligado 071708, Paraguay",-27.076278,-55.6064675,0983 592987,,3.7,3,False,65,B,beauty_salon|establishment|point_of_interest
Barbería Lady Barber 💈,Barberia,General,Obligado,,"Edició Paniagua, Obligado 071402, Paraguay",-27.0648156,-55.6374072,0994 852768,https://wa.me/595983809793,4.9,8,True,65,B,establishment|hair_care|health|point_of_interest
J.R Tattoos & Piercing,Tatuajes/Piercing,Piercing Studio,San Estanislao,,"8HM6+H55, San Estanislao 020803, Paraguay",-24.6661233,-56.4395018,0993 350797,,5.0,2,False,65,B,establishment|point_of_interest
Irma Kennedy Makeup Studio,Maquillaje,General,San Estanislao,,"8HV3+4V6, 13 de Noviembre, San Estanislao 020801, Paraguay",-24.6572149,-56.4453679,0976 435027,,5.0,1,False,65,B,establishment|point_of_interest
La Tienda de Evelyn,Otros,General,Hernandarias,,"H9V5+RHP, Hernandarias 100508, Paraguay",-25.4054203,-54.6410387,0986 238126,,5.0,1,False,65,B,establishment|point_of_interest|store
Gimnasio Shaolin III,Gimnasio/Fitness,Gimnasio,Hernandarias,,"H9XC+QX6, Guatemala, Hernandarias 100509, Paraguay",-25.4005959,-54.6276153,0973 331003,https://www.facebook.com/gimnasio.shaoliniii,5.0,4,True,65,B,establishment|gym|health|point_of_interest
AJ Fitnes,Gimnasio/Fitness,General,Hernandarias,,"J89W+CG3, Av. Ka'a, Hernandarias 7220, Paraguay",-25.3814795,-54.6537044,,,5.0,1,False,65,B,establishment|gym|health|point_of_interest
Gimnasio Caaguazu,Gimnasio/Fitness,Gimnasio,Caaguazú,,"GXPH+F5J, Mcal Jose F. Estigarribia, Caaguazú 050208, Paraguay",-25.4637965,-56.0221148,,,5.0,4,False,65,B,establishment|health|point_of_interest
Waynetattoostudio &spa,Spa/Wellness,Spa,Fernando de la Mora,,"Libertad, Fernando de la Mora 110311, Paraguay",-25.3096127,-57.5301813,,,5.0,1,False,65,B,establishment|point_of_interest|store
Charlie tattoo estudio,Tatuajes/Piercing,General,Fernando de la Mora,Fernando Zona Sur,"e/ Florida, Av. Zavalas Cué, Fernando de la Mora 110323, Paraguay",-25.3317738,-57.55831649999999,,,5.0,14,False,65,B,establishment|point_of_interest|store
Cano Trainning,Gimnasio/Fitness,General,San Estanislao,,"8HC3+26G, Cnel Zoilo Gonzalez, San Estanislao 020813, Paraguay",-24.6799399,-56.4469073,,,4.8,4,False,65,B,establishment|gym|health|point_of_interest
Kame Roga Gym,Gimnasio/Fitness,Gimnasio,San Estanislao,,"8GPX+6HH, San Estanislao 020805, Paraguay",-24.6644099,-56.45106190000001,,,5.0,1,False,65,B,establishment|gym|health|point_of_interest
Arts-tattoo.Ronhy,Tatuajes/Piercing,General,San Estanislao,,"8HH2+562, Capitán R. Zenteno, San Estanislao 020804, Paraguay",-24.6722082,-56.4496455,0976 271938,,5.0,1,False,65,B,establishment|point_of_interest
Tamy Cosméticos,Otros,General,San Estanislao,,"San Estanislao 8010, Paraguay",-24.6641382,-56.42386219999999,0994 405461,,5.0,1,False,65,B,establishment|point_of_interest|store
Sweet de Pao,Otros,General,San Estanislao,,"8HP6+XCJ, San Estanislao 020802, Paraguay",-24.662531,-56.43896969999999,0971 335718,,5.0,1,False,65,B,establishment|point_of_interest|store
ZAG STORE,Otros,General,San Estanislao,,"8HG3+P26, Libertad, San Estanislao 020804, Paraguay",-24.6732191,-56.4474882,0975 337912,,5.0,4,False,65,B,clothing_store|establishment|point_of_interest|store
LM SPA,Spa/Wellness,Spa,Fernando de la Mora,,"Av. Mariscal López, Fernando de la Mora 110303, Paraguay",-25.3075002,-57.5331755,0981 444401,https://www.instagram.com/lm.spa.estetica?igsh=MTgxbjJxNWgxd2k4aQ==,5.0,4,True,65,B,establishment|point_of_interest|spa
NailsClub.py,Uñas/Nails,Salon Uñas,Fernando de la Mora,Fernando Zona Sur,"Tte Rojas Silva, Ceferino Ruíz 2846, Fernando de la Mora 110329, Paraguay",-25.3408728,-57.5817393,0983 656352,http://wa.me/0983656352,5.0,11,True,65,B,beauty_salon|establishment|point_of_interest
SELAH. Spa & Bienestar Femenino,Spa/Wellness,Spa,Fernando de la Mora,Fernando Zona Sur,"Fernando de la Mora 110316, Paraguay",-25.3437647,-57.5480111,0985 482222,https://www.instagram.com/selah._py?igsh=MWlhODhiODRiNWNpbg==,5.0,1,True,65,B,establishment|point_of_interest|spa
Jules Beautiful Nails,Uñas/Nails,Salon Uñas,Hohenau,,"Los, Hohenau 6290, Paraguay",-27.1093605,-55.6171691,0983 287715,,5.0,1,False,65,B,beauty_salon|establishment|point_of_interest
Ivanna ovelar nails,Uñas/Nails,Salon Uñas,Hernandarias,,"J87Q+83c, Hernandarias 100504, Paraguay",-25.3863448,-54.6621738,0973 612448,,5.0,3,False,65,B,beauty_salon|establishment|point_of_interest
Beauty Spa By MeliGonzalez,Spa/Wellness,Spa,San Lorenzo,,"España, San Lorenzo 111401, Paraguay",-25.3504573,-57.5058179,0992 383844,https://www.instagram.com/beauty_spa_bymeligonzalez?igsh=bTM3d2U3eDJpd3Zs,5.0,1,True,65,B,establishment|point_of_interest|spa
Tiara coiffure,Otros,General,Hohenau,,"Av. Osvaldo Tischler, Hohenau 071401, Paraguay",-27.073591,-55.6448182,0985 787370,,4.5,2,False,65,B,establishment|point_of_interest|store
CRECER Clínica,Otros,General,Hohenau,,"Ruta 6 Nr. 1375, KM 38, Hohenau 0059, Paraguay",-27.0755059,-55.6421392,0775 232 247,,5.0,1,False,65,B,establishment|health|hospital|point_of_interest
IKIGAI TATTOO,Tatuajes/Piercing,General,Lambaré,,"MC55+FF8, Edulfo Duarte, Lambaré 110715, Paraguay",-25.3413412,-57.5913086,0986 353473,,5.0,1,False,65,B,establishment|point_of_interest
Makeup Naty Segovia,Maquillaje,General,Zona Fordi 18,,"X9RJ+PV, Zona Fordi 18 070204, Paraguay",-27.0081314,-55.6178481,0982 211120,,5.0,1,False,65,B,beauty_salon|establishment|point_of_interest
EVOLUCION Centro de entrenamiento,Gimnasio/Fitness,General,Hohenau,,"W9M6+G82, 25 de Diciembre, Hohenau 071402, Paraguay",-27.0662301,-55.6392411,0994 867234,https://www.instagram.com/evolucion.entrenamiento?igsh=bTF5N29uMjJteHpl,5.0,3,True,65,B,establishment|gym|health|point_of_interest
Estilo y Vida Fitness,Gimnasio/Fitness,General,Hohenau,,"W983+X7C, Hohenau 071401, Paraguay",-27.0823965,-55.64536270000001,0987 268080,https://www.instagram.com/vidafitnessestilo?igsh=MTMzaDJ2ZHYxdWNwZQ==,5.0,1,True,65,B,establishment|gym|health|point_of_interest
Estebenbarbershop,Barberia,General,San Estanislao,,"Teniente Quintana Esq, San Estanislao 020801, Paraguay",-24.6611496,-56.4446563,0994 919379,https://instagram.com/esteben_barbershop?igshid=MzRlODBiNWFlZA==,5.0,6,True,65,B,establishment|hair_care|health|point_of_interest
"Naye Lashes,Cejas,Uñas",Uñas/Nails,Salon Uñas,Villa Elisa,,"Miguel Angel Rodríguez, Villa Elisa 111512, Paraguay",-25.377085,-57.5931775,0974 862770,,5.0,4,False,65,B,beauty_salon|establishment|point_of_interest
Rojas GYM Villa Elisa,Gimnasio/Fitness,Gimnasio,Ñemby,,"JCHJ+7H4, Ñemby 111515, Paraguay",-25.3719131,-57.5685991,0981 480350,https://www.instagram.com/rojasgym_villaelisa2,5.0,4,True,65,B,establishment|gym|health|point_of_interest
Mbopi Barber,Barberia,General,Concepción,Barrio Inmaculada,"Asuncion 146, Concepción 010106, Paraguay",-23.3990596,-57.4418205,0975 374990,https://instagram.com/mbopi_barber?igshid=1rns9kjtaukcc,5.0,9,True,65,B,establishment|hair_care|health|point_of_interest
Lifefitness Gym,Gimnasio/Fitness,Gimnasio,Lambaré,,"Av. Augusto Roa Bastos, Lambaré 2420, Paraguay",-25.3376494,-57.6062688,0992 283568,https://www.instagram.com/lifefitnessgymlambare/,4.7,3,True,65,B,establishment|gym|health|point_of_interest
Paz y bienestar Spa,Spa/Wellness,Spa,Fernando de la Mora,,"Fernando de la Mora, 110312, Paraguay",-25.3249504,-57.5284912,,,5.0,2,False,65,B,establishment|point_of_interest|spa
Merce Nails Spa,Spa/Wellness,Spa,Concepción,,"JH57+G5W, Concepción 010103, Paraguay",-23.3916055,-57.4365624,,,5.0,1,False,65,B,beauty_salon|establishment|point_of_interest
Daff nailss,Uñas/Nails,Salon Uñas,Villa Elisa,,"Centro, Villa Elisa 1102, Paraguay",-25.3710409,-57.5788743,0991 308986,,5.0,3,False,65,B,beauty_salon|establishment|point_of_interest
ER academia y salón de manicura,Uñas/Nails,Salon Uñas,Villa Elisa,,"Villa Elisa 111511, Paraguay",-25.3774582,-57.57932520000001,0983 269541,,5.0,1,False,65,B,beauty_salon|establishment|point_of_interest
Spa,Spa/Wellness,Spa,Villa Elisa,,"JCQ4+GG6, 12 de Enero, Villa Elisa 111505, Paraguay",-25.3596885,-57.5977269,,,5.0,2,False,65,B,establishment|point_of_interest|spa
Beauty & Nail Bar by: Rebe Benitez,Uñas/Nails,General,Villa Elisa,,"Villa Elisa 111509, Paraguay",-25.3640192,-57.576401,0994 291964,,5.0,1,False,65,B,establishment|point_of_interest
Leslie Nails Studio,Uñas/Nails,Salon Uñas,Villa Elisa,,"JCH9+G93, Villa Elisa 111510, Paraguay",-25.3712688,-57.5818507,0995 689408,,5.0,3,False,65,B,beauty_salon|establishment|point_of_interest
AidilNails,Uñas/Nails,Salon Uñas,Hernandarias,,"Avenida paraguay, Bahamas, Hernandarias 100511, Paraguay",-25.4134773,-54.6249998,0981 350445,,5.0,1,False,65,B,beauty_salon|establishment|point_of_interest
Sol valenzuela estudio de maquillaje,Maquillaje,General,Capiatá,,"JHV4+7M2, Capiatá 110220, Paraguay",-25.3568565,-57.44334919999999,0994 859051,,5.0,3,False,65,B,establishment|point_of_interest
Makeup-Ara,Maquillaje,General,Capiatá,,"Campo Vía y, Capiatá 110238, Paraguay",-25.3725857,-57.4665328,0986 459240,https://instagram.com/makeup_ara_?igshid=YmMyMTA2M2Y=,4.9,18,True,65,B,beauty_salon|establishment|point_of_interest
MASTER GYM,Gimnasio/Fitness,Gimnasio,Capiatá,,"MG3Q+4WF, 1º de Noviembre, Capiatá 110220, Paraguay",-25.3629137,-57.44481210000001,,,5.0,2,False,65,B,establishment|gym|health|point_of_interest
Piel Sueave Depi Spa,Spa/Wellness,Spa,San Lorenzo,,"Los Tucanes, San Lorenzo 123456, Paraguay",-25.3177547,-57.4933822,,,5.0,1,False,65,B,beauty_salon|establishment|point_of_interest
Ginecología y Estética Paraguay,Otros,General,Obligado,,"Mcal. Francisco Solano Lòpez 278, Obligado 6360, Paraguay",-27.0597266,-55.6276786,0994 171681,,5.0,1,False,65,B,establishment|health|point_of_interest
Tamara Noguera Tattoo Studio,Tatuajes/Piercing,Tattoo Studio,Obligado,,"Obligado 071702, Paraguay",-27.0611783,-55.6348796,0992 526272,,5.0,2,False,65,B,establishment|point_of_interest
Beauty Cosmetics,Estetica/Facial,General,Hernandarias,,"Fulgencio Yegros, Hernandarias 100506, Paraguay",-25.3922568,-54.6425852,0973 546000,,5.0,2,False,65,B,establishment|point_of_interest|store
Keymakeupstore,Maquillaje,General,Caaguazú,,"50205, Caaguazú 050207, Paraguay",-25.4692857,-56.01783529999999,0982 318585,,5.0,1,False,65,B,establishment|point_of_interest|store
KF NAILS,Uñas/Nails,Salon Uñas,Fernando de la Mora,Fernando Zona Norte,"Tomas Romero Pereira 753 casi 10 de julio Fernando de la mora, Fernando de la Mora 2300, Paraguay",-25.3213314,-57.55314010000001,0994 415213,,5.0,3,False,65,B,establishment|point_of_interest
Piel Canela Spa & Gym de Magaly Martinez,Spa/Wellness,Spa,Villa Elisa,,"16 de Julio, Villa Elisa 111510, Paraguay",-25.375541,-57.58219450000001,0994 113002,https://instagram.com/maguimartinezspa?igshid=MzRlODBiNWFlZA==,5.0,3,True,65,B,beauty_salon|establishment|point_of_interest
Viví Body Piercings,Tatuajes/Piercing,Piercing Studio,Hernandarias,,"7220, Hernandarias 7220, Paraguay",-25.3952055,-54.63947,0994 296212,,5.0,4,False,65,B,establishment|point_of_interest|store
Gimnasio Smart Fit - San Lorenzo,Gimnasio/Fitness,Gimnasio,San Lorenzo,Centro de San Lorenzo,"Julia Miranda Cueto casi, San Lorenzo 111423, Paraguay",-25.3425813,-57.5052286,,https://www.smartfit.com.py/gimnasios/san-lorenzo,4.7,109,True,65,B,establishment|gym|health|point_of_interest
Academia Central Alto Rendimiento,Gimnasio/Fitness,General,San Lorenzo,Centro de San Lorenzo,"Cerro Cora, MF6W+XVQ 111424, &, San Lorenzo 111424, Paraguay",-25.3375455,-57.50276719999999,,,5.0,1,False,65,B,establishment|gym|health|point_of_interest
STHENO GYM,Gimnasio/Fitness,Gimnasio,San Lorenzo,,"MG79+PX9, 111427, San Lorenzo 111427, Paraguay",-25.3357188,-57.4800084,,,5.0,1,False,65,B,establishment|gym|health|point_of_interest
A-PRO GYM,Gimnasio/Fitness,Gimnasio,San Lorenzo,Centro de San Lorenzo,"111430, San Lorenzo 111430, Paraguay",-25.3423677,-57.50342680000001,0982 199789,https://www.instagram.com/Apro.gym,5.0,4,True,65,B,establishment|gym|health|point_of_interest
SiempreBelle-Spa,Spa/Wellness,Spa,Hernandarias,,"Colombia y, Hernandarias 100511, Paraguay",-25.4148868,-54.62953,0984 560172,https://www.facebook.com/Siemprebelle/,5.0,2,True,65,B,beauty_salon|establishment|point_of_interest
Pinto Barber,Barberia,General,Hernandarias,,"C. 1, Hernandarias 100516, Paraguay",-25.4287659,-54.641805,0973 444236,https://www.facebook.com/share/1AUPDe1QPT/,4.9,9,True,65,B,establishment|hair_care|health|point_of_interest
Sabbath Tattoo & Body Piercings Studio,Tatuajes/Piercing,Tattoo Studio,San Lorenzo,,"MFCF+73H, San Lorenzo 111421, Paraguay",-25.3293093,-57.52722199999999,0982 633227,https://instagram.com/ivanyer_body.art?igshid=NzZlODBkYWE4Ng==,4.8,12,True,65,B,establishment|point_of_interest
Ramón Caniza Tatuajes,Tatuajes/Piercing,General,San Lorenzo,,"Odilonia Fretes casi, San Lorenzo 111425, Paraguay",-25.3386675,-57.5006877,0971 875480,,5.0,1,False,65,B,establishment|point_of_interest
Centro de Estética Ladies'Palace,Otros,General,San Lorenzo,Centro de San Lorenzo,"Gral. Genes 259, San Lorenzo 111424, Paraguay",-25.3391723,-57.5052007,0984 105223,,5.0,2,False,65,B,establishment|point_of_interest
SolNailsMakeup,Uñas/Nails,Salon Uñas,Caaguazú,Villa Santa Isabel,"Santa Isabel, Caaguazú 050202, Paraguay",-25.4528172,-56.0289291,0986 137224,,5.0,2,False,65,B,beauty_salon|establishment|point_of_interest
Armonia,Gimnasio/Fitness,General,Lambaré,,"M9CW+XFQ, Domingo Martinez de Irala, Lambaré 110711, Paraguay",-25.3275349,-57.60377519999999,,,5.0,3,False,65,B,establishment|gym|health|point_of_interest
Purpura Nails Studio,Uñas/Nails,Salon Uñas,Hernandarias,,"Calle 5, Hernandarias 7220, Paraguay",-25.3883945,-54.65689219999999,0983 911673,,5.0,1,False,65,B,beauty_salon|establishment|point_of_interest
BLISSBEAUTYSPA,Spa/Wellness,Spa,Hernandarias,,"H8VP+QXM, Hernandarias 100527, Paraguay",-25.4055272,-54.6625789,,,5.0,2,False,65,B,establishment|point_of_interest|spa
Tamar Duarte SPA de Manos 🩷🌸,Spa/Wellness,Spa,Hernandarias,,"Domingo Martínez de Irala, Hernandarias 6699, Paraguay",-25.3982373,-54.6380497,0991 613925,https://www.instagram.com/duartetamy16?igsh=c3Y0bGRoNGt2NWgy,5.0,1,True,65,B,establishment|point_of_interest|spa
Coquette corpore Spa & Rehabilitación,Spa/Wellness,Spa,Hernandarias,,"Hernandarias 100504, Paraguay",-25.3872386,-54.65626959999999,,,5.0,2,False,65,B,establishment|point_of_interest|spa
Noelia Méndez - PMU,Spa/Wellness,General,Hernandarias,,"entre Paraguarí e, Fulgencio Yegros, Hernandarias 7220, Paraguay",-25.3939803,-54.6409585,0981 927423,https://www.instagram.com/pielmorena.beautyspa?igsh=cjQxdTBmNnBjdTFz,5.0,1,True,65,B,establishment|point_of_interest|spa
Nutrición y Estética (María de los Ángeles),Uñas/Nails,General,San Estanislao,,"Calle Luque c/ Antequera San Estanislao, San Estanislao 9999, Paraguay",-24.6660913,-56.4525419,0975 487071,,5.0,2,False,65,B,establishment|point_of_interest|spa
Nails Store,Uñas/Nails,Salon Uñas,San Estanislao,,"8210 San Estanislao, San Estanislao 8242, Paraguay",-24.6797785,-56.4483809,0991 643903,,5.0,4,False,65,B,establishment|point_of_interest|spa
Yenni_NAILS,Uñas/Nails,Salon Uñas,San Estanislao,,"Ykua Pa´I, San Estanislao 020802, Paraguay",-24.6662087,-56.4380386,0992 271770,,5.0,3,False,65,B,beauty_salon|establishment|point_of_interest
EL FORASTERO BARBER SHOP,Barberia,Barberia Moderna,Fernando de la Mora,Fernando Zona Sur,"a metros de la coopetrol, 11 de Septiembre esq, Fernando de la Mora 110324, Paraguay",-25.3365566,-57.5628676,,https://instagram.com/elforasterobarbershop?utm_medium=copy_link,5.0,28,True,65,B,establishment|hair_care|point_of_interest
MG Piercing Py,Tatuajes/Piercing,Piercing Studio,Doctor Juan Eulogio Estigarribia,,"Flayp S.R.L. Centro De Distribucion Campo 9, Proceres de Mayo entre Enfermeras del Chaco, 15 de Agosto y, Dr Juan Eulogio Estigarribia 051202, Paraguay",-25.3733359,-55.7036935,0983 863762,,5.0,1,False,65,B,establishment|point_of_interest
AlivioBel Estética Czú,Otros,General,Caaguazú,,"GXHH+CJW, Pte. Carlos A. López, Caaguazú 050207, Paraguay",-25.471388,-56.0209068,0971 484398,,5.0,1,False,65,B,establishment|health|physiotherapist|point_of_interest
Aroma Spa,Spa/Wellness,Spa,Villa Elisa,,"JCMC+5W9 Plaza Pública, Villa Elisa 111509, Paraguay",-25.3673346,-57.5776954,,,5.0,1,False,65,B,establishment|health|physiotherapist|point_of_interest
Sany Britez Nails,Uñas/Nails,Salon Uñas,Hernandarias,,"H9G4+RC7, Hernandarias 100516, Paraguay",-25.422972,-54.643572,0994 991841,,5.0,2,False,65,B,beauty_salon|establishment|point_of_interest
Estética Avanzada Dr Jonhatan Storch,Otros,General,Hernandarias,,"Acosta Ñu 140, Hernandarias 100508, Paraguay",-25.403849,-54.6418161,0981 003312,,5.0,2,False,65,B,doctor|establishment|health|point_of_interest
Magic piercing,Tatuajes/Piercing,Piercing Studio,Hohenau,,"W932+7JG, Hohenau 071403, Paraguay",-27.0968144,-55.6484107,0985 452141,,5.0,2,False,65,B,establishment|point_of_interest|store
Ideas,Otros,General,Obligado,,"6360, Obligado 6360, Paraguay",-27.0609645,-55.6341087,0985 781830,,5.0,2,False,65,B,establishment|point_of_interest|store
Angel Bustamante,Uñas/Nails,General,Hohenau,,"W9J5+C3X, Av. Osvaldo Tischler 6290, Hohenau 071402, Paraguay",-27.0689118,-55.6422453,0975 143234,,5.0,1,False,65,B,establishment|hair_care|health|point_of_interest
DERMAR Gym Funcional,Gimnasio/Fitness,Gimnasio,Caacupé,Barrio Pozo De La Virgen,"Independencia Nacional, Caacupé 030103, Paraguay",-25.3826799,-57.1383614,,,4.7,3,False,65,B,establishment|gym|health|point_of_interest
LUXURY SPA,Spa/Wellness,Spa,Asunción,,"PC5C+X5C, Gonzalo Bulnes, Asunción 001411, Paraguay",-25.2900532,-57.57960079999999,,,5.0,1,False,65,B,establishment|point_of_interest|spa
Fatylu Nails,Uñas/Nails,Salon Uñas,San Pedro de Ycuamandyyú,,"Profesora Elsa Jacinta Massi San Pedro del, San Pedro de Ycuamandyyú 020102, Paraguay",-24.0974786,-57.0748703,0976 501367,,5.0,1,False,65,B,bar|establishment|night_club|point_of_interest
Barbería Paraguay Asunción(Alphas Barber Shop py),Barberia,Barberia Moderna,Asunción,,"Prof. Ramón Cardozo, Asunción 001404, Paraguay",-25.299627,-57.5465611,0991 625203,https://bit.ly/2kKUiXr,4.8,78,True,65,B,establishment|hair_care|health|point_of_interest
Positiva dance,Otros,General,Itauguá,,"JM26+832, Av. Japón, Itauguá 110607, Paraguay",-25.3992298,-57.33985329999999,0971 368520,https://www.instagram.com/positiva_dance/,4.7,15,True,65,B,establishment|point_of_interest
Vaninamakeup!,Maquillaje,General,Caacupé,Santa Ana,"Santa Ana, Caacupé 1111, Paraguay",-25.3658367,-57.137193,0991 376528,,5.0,1,False,65,B,establishment|point_of_interest
Spa Noelia Marecos,Spa/Wellness,Spa,Lambaré,,"J9W8+7PG, Lambaré 110726, Paraguay",-25.354302,-57.6331617,,,5.0,1,False,65,B,establishment|point_of_interest|spa
Encantadas Nails Bar,Uñas/Nails,Salon Uñas,Lambaré,,"Av. Médicos del Chaco casi, Lambaré 110708, Paraguay",-25.3324042,-57.60867870000001,0972 455007,,5.0,3,False,65,B,beauty_salon|establishment|point_of_interest
Ayala Training,Gimnasio/Fitness,General,Caacupé,Barrio San Miguel,"JR4Q+VJR, Unnamed Road, Caacupé 030107, Paraguay",-25.3927611,-57.1609867,,,5.0,4,False,65,B,establishment|gym|health|point_of_interest
TyT barber shop,Barberia,Barberia Moderna,Lambaré,,"Francisco Acuña de Figueroa, Asunción, JCX3+9R7, Lambaré 110717, Paraguay",-25.3515835,-57.5954637,,,5.0,6,False,65,B,establishment|hair_care|health|point_of_interest
Gym Gaviões Caacupé,Gimnasio/Fitness,Gimnasio,Caacupé,,"JR6X+857, Caacupé 030107, Paraguay",-25.3892141,-57.1520701,0974 233580,https://www.instagram.com/gymgavioes_caacupe24h?igsh=MTU0am80czV6bWpiZQ==,5.0,3,True,65,B,establishment|gym|health|point_of_interest
Gloria'S Nails,Uñas/Nails,Salon Uñas,Ypané,,"MINISTRO MACIEL casi, Ypané 111805, Paraguay",-25.4365199,-57.5038083,0972 347863,,5.0,1,False,65,B,establishment|point_of_interest|spa
Posada Turística 6 Hermanos,Otros,General,San Cosme y Damián,,"Avenida 24 de diciembre, San Cosme y Damián 071901, Paraguay",-27.3111959,-56.3292832,0985 823264,http://www.senatur.gov.py/index.php?option=com_content&view=article&id=73:posadas-de-paraguay,4.7,175,True,65,B,establishment|lodging|point_of_interest
Hada nails,Uñas/Nails,Salon Uñas,Caacupé,Barrio San Blas,"JV33+3W3, Calle Pirayu, Caacupé 030108, Paraguay",-25.3973554,-57.1452079,0984 562204,,5.0,1,False,65,B,beauty_salon|establishment|point_of_interest
BLUE SPA - BELLEZA,Spa/Wellness,Spa,Caacupé,Barrio Pozo De La Virgen,"JV95+WP2 M. Gomez, Caacupé 030103, Paraguay",-25.3802327,-57.1407485,,,5.0,4,False,65,B,establishment|point_of_interest
Amo vivir,Gimnasio/Fitness,General,Caacupé,Barrio Pozo De La Virgen,"JV85+42X, Caacupé 030103, Paraguay",-25.3846418,-57.1423816,,,5.0,1,False,65,B,establishment|gym|health|point_of_interest
Samir Bughdadi Tattoo Gallery,Tatuajes/Piercing,General,Asunción,,"Malutin, Asunción 001411, Paraguay",-25.287667,-57.5780041,0986 108144,https://instagram.com/sb.tattoogallery?igshid=YmMyMTA2M2Y=,4.7,14,True,65,B,establishment|point_of_interest|store
Granja San Cosme y Damian,Otros,General,Primero de Marzo,,"V2FH+M6X, Primero de Marzo 031504, Paraguay",-25.1257544,-56.9718867,0981 329933,,4.7,3,False,65,B,establishment|food|point_of_interest
Costa A Zul,Otros,General,Itauguá,,"Tte Esteban Martínez, Itauguá 110611, Paraguay",-25.3938662,-57.3536247,0981 645849,,5.0,1,False,65,B,establishment|health|point_of_interest
Peluquería Julia compra de cabellos,Peluqueria,General,Itauguá,,"@juliacano29082015@gmail.com, Itauguá 110619, Paraguay",-25.3669912,-57.3978931,0984 836495,,3.5,4,False,65,B,establishment|hair_care|point_of_interest
JBnailsartOficial,Uñas/Nails,Salon Uñas,Ypané,,"HF3G+RWQ, Ypané 111810, Paraguay",-25.4454057,-57.5226508,0976 520899,,5.0,1,False,65,B,beauty_salon|establishment|point_of_interest
Maguinails,Uñas/Nails,Salon Uñas,Ypane,,"Ruta Ytororo, Ypane 1246, Paraguay",-25.4499045,-57.5334867,0985 571687,,5.0,3,False,65,B,establishment|point_of_interest|spa
Mbopi tattoo ink,Tatuajes/Piercing,General,Coronel Oviedo,,"Anibal Espinola 3300, Cnel. Oviedo 050116, Paraguay",-25.4693258,-56.4547807,0981 093992,,5.0,2,False,65,B,establishment|point_of_interest|store
Kari Nails,Uñas/Nails,Salon Uñas,Coronel Oviedo,Barrio Santa Lucia,"3300 Coronel oviedo, Cnel. Oviedo 3300, Paraguay",-25.4349023,-56.431141,0992 787629,,5.0,1,False,65,B,beauty_salon|establishment|point_of_interest
Maga Nails,Uñas/Nails,Salon Uñas,Coronel Oviedo,Barrio General Caballero,"Tuyuti 3300, Cnel. Oviedo 050107, Paraguay",-25.443756,-56.4441237,0991 276828,,5.0,1,False,65,B,beauty_salon|establishment|point_of_interest
Estar Bien en Sanber,Otros,General,San Bernardino,,"Cerro Cora 605, San Bernardino 031602, Paraguay",-25.3099956,-57.2908243,0984 230510,,5.0,4,False,65,B,establishment|point_of_interest|store
Brian Tattoo Studio 145,Tatuajes/Piercing,Tattoo Studio,San Bernardino,,"2DA PTDA 9999, San Bernardino 031604, Paraguay",-25.3363449,-57.2688561,0983 050273,,5.0,4,False,65,B,establishment|point_of_interest|store
San Ber Gym,Gimnasio/Fitness,Gimnasio,San Bernardino,,"MPR2+8CP, Colonos Alemanes, San Bernardino 031602, Paraguay",-25.3092349,-57.29895599999999,,,5.0,1,False,65,B,establishment|gym|health|point_of_interest
Container Lodge San Bernardino,Spa/Wellness,General,San Bernardino,,"0000, San Bernardino 031607, Paraguay",-25.2724503,-57.2754185,0974 408185,https://instagram.com/containerlodge.sb?igshid=MWI4MTIyMDE=,5.0,3,True,65,B,establishment|lodging|point_of_interest|spa
ROMI FIGUEREDO especialista en cejas y pestañas,Pestañas/Cejas,General,Luque,,"Sauce &, José Martí, Luque 110933, Paraguay",-25.2698691,-57.5051457,0991 609753,,5.0,2,False,65,B,beauty_salon|establishment|point_of_interest
SR Nails,Uñas/Nails,Salon Uñas,San Bernardino,,"Avenida Neuman, entre avenida central y, San Bernardino 031604, Paraguay",-25.3427693,-57.2743422,0974 928955,,5.0,4,False,65,B,beauty_salon|establishment|point_of_interest
Lizza Depilaciones - San Ber,Depilacion,General,San Bernardino,,"Guillermo Neumann y, San Bernardino 031602, Paraguay",-25.3058537,-57.2972015,0991 836595,,5.0,2,False,65,B,beauty_salon|establishment|hair_care|point_of_interest
Rolo Art Tattoo Studio,Tatuajes/Piercing,Tattoo Studio,Coronel Oviedo,,"C. Marista, Cnel. Oviedo 050122, Paraguay",-25.4683592,-56.4318049,0972 795201,,4.7,3,False,65,B,establishment|point_of_interest|store
AV Ink Tattoo Studio,Tatuajes/Piercing,Tattoo Studio,Coronel Oviedo,Barrio General Caballero,"Av. 1ero de Marzo, Cnel. Oviedo 050108, Paraguay",-25.4411532,-56.4480012,0981 050691,https://m.facebook.com/antovaldezmakeup/,4.7,15,True,65,B,establishment|point_of_interest
Magdy Belleza Y Spa,Spa/Wellness,Spa,Santa Rosa del Aguaray,,"de ycuamandyyu, Santa Rosa del Aguaray 021804, Paraguay",-23.8098801,-56.5048896,0991 726930,https://www.facebook.com/profile.php?id=100073348254019,5.0,1,True,65,B,beauty_salon|establishment|hair_care|point_of_interest
Bonita Cosmeticos,Estetica/Facial,Perfumeria,Ñemby,,"JF43+CV9, 9 de Agosto, Ñemby 111214, Paraguay",-25.3939585,-57.54525940000001,0992 572541,,5.0,4,False,65,B,establishment|point_of_interest|store
ALEBEN COSMÉTICOS,Otros,General,Ñemby,,"Sta. Rosa, Ñemby 111214, Paraguay",-25.3944695,-57.54772399999999,0983 533244,,5.0,4,False,65,B,establishment|point_of_interest|store
Sandra Jazmin Makeup,Maquillaje,General,Ñemby,,"Unnamed Road, Ñemby 111226, Paraguay",-25.4386846,-57.5340522,0985 554369,https://instagram.com/sandrajazminmakeup?utm_medium=copy_link,5.0,17,True,65,B,beauty_salon|establishment|point_of_interest
KUREPA TATUAJES,Tatuajes/Piercing,General,Lambaré,,"M99V+5VJ, Alejo Garcia, Lambaré 110711, Paraguay",-25.3320417,-57.60535160000001,0961 777025,,5.0,1,False,65,B,establishment|point_of_interest
La lokura del Tattoo,Uñas/Nails,General,Lambaré,,"Andrés Gelly y, Lambaré 110731, Paraguay",-25.3631916,-57.6031069,0984 515746,,4.8,4,False,65,B,establishment|point_of_interest|store
Danny tattoo,Tatuajes/Piercing,General,Lambaré,,"Campo Via 244, Lambaré 110725, Paraguay",-25.3447231,-57.6332163,0981 652103,,5.0,1,False,65,B,establishment|point_of_interest|spa
F4NT4SM4 Tattoo Studio,Tatuajes/Piercing,Tattoo Studio,Caacupé,,"San Francisco, Caacupé 030104, Paraguay",-25.3798499,-57.128181,0991 506901,,5.0,1,False,65,B,establishment|point_of_interest|store
Nails Jazmin,Uñas/Nails,Salon Uñas,Lambaré,,"MC56+M73, Lambaré 110715, Paraguay",-25.3408668,-57.5893265,,,4.9,15,False,65,B,beauty_salon|establishment|point_of_interest
"Katherin Solis, Studio de Belleza",Otros,General,Caacupé,,"Dr Eligio Ayala, Caacupé 030103, Paraguay",-25.3845698,-57.139182,0971 323285,,5.0,1,False,65,B,establishment|point_of_interest|store
Studio 222,Salon de Belleza,General,Fernando de la Mora,Fernando Zona Sur,"&, Fernando de la Mora 110316, Paraguay",-25.345139,-57.5530053,0972 205031,https://www.instagram.com/studio222.py?igsh=MXJ2NXZiYzFhbzhvMw==&utm_source=qr,4.4,7,True,64,B,beauty_salon|establishment|point_of_interest
Clínica de la Familia del CEPEP San Lorenzo (Nuevo Edificio),Salon de Belleza,General,San Lorenzo,Centro de San Lorenzo,"Av. Fernando de Pinedo, San Lorenzo 111422, Paraguay",-25.3458844,-57.51408199999999,0985 600473,https://cepep.org.py/clinicas/san-lorenzo,4.4,94,True,64,B,beauty_salon|establishment|health|point_of_interest
Salon de belleza de kari,Salon de Belleza,General,Puerto Iguazú,,"N3378 Puerto Iguazú, Misiones Province, Argentina",-25.6173903,-54.5816999,,,4.1,8,False,64,B,establishment|hair_care|point_of_interest
Beauty Jac'rom,Salon de Belleza,General,Pedro Juan Caballero,,"Felix Perez Cardozo, Pedro Juan Caballero 130119, Paraguay",-22.5590115,-55.7394873,,,4.3,6,False,64,B,beauty_salon|establishment|point_of_interest
Salon de belleza Lo de Nathy,Salon de Belleza,General,Concepción,,"Ntra. Sra. de la Concepcion, Concepción 010108, Paraguay",-23.412044,-57.4489481,,,4.3,7,False,64,B,beauty_salon|establishment|hair_care|point_of_interest
ROMMY PELUQUERIA FEMININO Y MASCULINO,Peluqueria,General,Asunción,,"Asunción 001412, Paraguay",-25.2951108,-57.58064830000001,0981 822928,http://www.rommy.com.py/,4.0,53,True,64,B,establishment|hair_care|health|point_of_interest
Marie Carol Beauty & Lifestyle,Salon de Belleza,General,Asunción,,"Edificio Atrium, Dr. Francisco Morra y, Asunción 1807, Paraguay",-25.2932895,-57.5782509,0986 610300,https://mariecarol.com.py/,4.3,66,True,64,B,beauty_salon|establishment|hair_care|point_of_interest
Centro Integral De Belleza,Salon de Belleza,General,Lambaré,,"M95G+G43, Unnamed Road, Lambaré 110725, Paraguay",-25.3412262,-57.6247048,,,4.4,8,False,64,B,beauty_salon|establishment|point_of_interest
Andrea Celeste Beauty Studio,Salon de Belleza,General,Ciudad del Este,,"F9CF+XW8, Av. Campo Vía, Cd. del Este 100150, Paraguay",-25.5274152,-54.6255362,0975 340119,https://www.instagram.com/andreaceleste_beautystudio/,4.3,7,True,64,B,beauty_salon|establishment|hair_care|point_of_interest
Mechi Alfonzo,Peluqueria,General,Lambaré,,"Av Cacique Lambare &, M94R+MGF, Teniente Fariña, Lambaré 110720, Paraguay",-25.3433005,-57.608712,,,4.4,9,False,64,B,establishment|hair_care|point_of_interest
GLAM - Belleza y Estética,Salon de Belleza,General,San Estanislao,,"8HH4+XGQ, Defensores del Chaco, San Estanislao 020803, Paraguay",-24.6700295,-56.4436392,,,4.4,9,False,64,B,beauty_salon|establishment|point_of_interest
Peluqueria Eli,Peluqueria,General,Villa Elisa,,"JCVH+7F6, Av. Americo Picco, Villa Elisa 111503, Paraguay",-25.3568332,-57.5713531,,,4.3,7,False,64,B,establishment|hair_care|point_of_interest
Ruth Rolón Make-Up,Salon de Belleza,General,Ciudad del Este,,"F8PC+FC, Ciudad del Este 100174, Paraguay",-25.5139019,-54.6790068,0992 298325,https://www.facebook.com/Ruth-Rol%C3%B3n-Make-Up-311294009701843/,4.4,7,True,64,B,beauty_salon|establishment|point_of_interest|store
Yessica Nails Hair,Peluqueria,Salon Uñas,Bella Vista Sur,,"Trinidad esquina, Bella Vista Sur 6310, Paraguay",-27.0493704,-55.5790868,,,4.2,5,False,64,B,establishment|hair_care|point_of_interest
Glam Forever Beauty,Salon de Belleza,General,San Lorenzo,Centro de San Lorenzo,"MF5R+J8J, Coronel Bogado, San Lorenzo 111423, Paraguay",-25.3406029,-57.50911939999999,0982 963776,https://www.instagram.com/glamforeverbeauty?igsh=MTR3eDU3YW4xMjVueA%3D%3D&utm_source=qr,4.2,5,True,64,B,beauty_salon|establishment|point_of_interest
Salon De Belleza Luck,Salon de Belleza,General,Hohenau,,"W88V+8X9, Hohenau 071401, Paraguay",-27.0842074,-55.6550129,,,4.3,6,False,64,B,establishment|hair_care|health|point_of_interest
Marina Coifure,Peluqueria,General,Villarrica,,"6HF2+WMC, Coronel Félix Bogado, Villarrica 040103, Paraguay",-25.7752,-56.4483548,,,4.1,7,False,64,B,establishment|hair_care|health|point_of_interest
Depilação Rose,Salon de Belleza,General,,,"Bario Nueva Santa Rita Santa Rita, 7540, Paraguay",-25.8117469,-55.1010389,0983 987429,https://instagram.com/rosemeri8191?utm_medium=copy_link,4.2,6,True,64,B,beauty_salon|establishment|hair_care|point_of_interest
Bella Beauty salón,Peluqueria,General,Ciudad del Este,,"Av San José Ciudad del Este, Cd. del Este 7000, Paraguay",-25.5121021,-54.6445444,0984 564866,https://instagram.com/bella_torreani?utm_medium=copy_link,4.1,7,True,64,B,establishment|hair_care|point_of_interest
Andrea González studio,Peluqueria,General,Coronel Oviedo,Barrio General Caballero,"HH56+39V, Dr.Blas Garay, Cnel. Oviedo 050107, Paraguay",-25.4422628,-56.4390843,,,4.4,9,False,64,B,establishment|hair_care|point_of_interest
Centro De Estética Juani,Peluqueria,General,Pilar,,"4PR3+9CM, Pilar 120103, Paraguay",-26.859046,-58.2964391,,,4.2,5,False,64,B,establishment|hair_care|point_of_interest
Cintia Coiffure,Salon de Belleza,General,Mariano Roque Alonso,Caacupe Mi,"Corrales & Ballivian, Mariano Roque Alonso, Paraguay Mariano Roque Alonso, Mariano Roque Alonso 2040, Paraguay",-25.2107078,-57.5323246,0991 835955,https://www.facebook.com/celeste.gara.9,4.3,6,True,64,B,beauty_salon|establishment|hair_care|point_of_interest
Salón De Belleza Nelly,Peluqueria,General,Coronel Bogado,,"Tacuary 1630, Cnel. Bogado 070803, Paraguay",-27.1676327,-56.2336764,,,4.2,5,False,64,B,establishment|hair_care|point_of_interest
Peluquería y Barberia HBARBER,Peluqueria,General,Bella Vista Sur,,"Capitán Meza, Bella Vista Sur 0205, Paraguay",-27.0456383,-55.58079309999999,,,4.2,5,False,64,B,establishment|hair_care|point_of_interest
iStore - iPhone Store Py Suc Ciudad Del Este - CDE - iShop,Otros,General,Ciudad del Este,,"Piso 10, Oficina, Edifício Diamante, arriba de Chenson Outlet, Abay, Cd. del Este 100136, Paraguay",-25.5113334,-54.6108705,0983 420441,https://www.instagram.com/iphonestorepy/,3.7,33,True,63,B,establishment|point_of_interest|store
Queen Of barber,Barberia,General,Presidente Franco,,"011518, Pdte. Franco 100211, Paraguay",-25.5529487,-54.6327187,0994 916020,,3.7,3,False,63,B,establishment|hair_care|health|point_of_interest
"DermaRey Ponta Porã | Harmonização Facial, Botox, Fios de Sustentação, Preenchimento",Estetica/Facial,General,,Centro,"R. 18 de Julho, Sala A - Centro, Ponta Porã - MS, 79904-724, Brazil",-22.5505601,-55.72100330000001,(67) 99215-4863,,3.6,5,False,63,B,establishment|point_of_interest|store
Liz Robles Nails,Uñas/Nails,Salon Uñas,Concepción,,"Av. Pdte. Eligio Ayala, Concepción 010110, Paraguay",-23.4142692,-57.4447105,0975 247936,,3.9,8,False,63,B,establishment|point_of_interest|spa
Nails Art by Mariam,Uñas/Nails,Salon Uñas,San Lorenzo,,"JFFP+P2Q, Unnamed Road, San Lorenzo 111460, Paraguay",-25.3756671,-57.51489669999999,0994 483141,,3.8,5,False,63,B,establishment|health|point_of_interest
La Caleta Barberia/Tattoo,Barberia,General,Fernando de la Mora,Fernando Zona Sur,"MC2Q+F3Q, Itape, Fernando de la Mora 110332, Paraguay",-25.3487974,-57.56227379999999,0986 652357,,3.7,3,False,63,B,establishment|point_of_interest
Cabellos Paraguay,Otros,General,Itauguá,,"Calle San Roque 174, Itauguá 2740, Paraguay",-25.3739813,-57.398349,0982 787382,,3.9,8,False,63,B,establishment|point_of_interest|store
Lash Queen Py (Fdo. Zona Norte),Otros,General,Fernando de la Mora,,"Av. Mariscal Lopez &, Waldino Lovera, Fernando de la Mora 110311, Paraguay",-25.3103922,-57.5306547,0992 229222,,3.6,5,False,63,B,establishment|point_of_interest|store
Hāmonī Spa,Spa/Wellness,Spa,Ñemby,,"JF35+JX2, Bernardino Caballero, Ñemby 111216, Paraguay",-25.3960281,-57.54012269999999,0962 186996,https://www.facebook.com/Hamoni-Spa-105185774949205,3.5,8,True,63,B,beauty_salon|establishment|point_of_interest
DC Pilates & Fisio - Sucursal Asunción,Gimnasio/Fitness,Yoga/Pilates,Asunción,,"Veterano de la Guerra del 70, Teniente Primero Nemesio Quiñonez y, Asunción 001520, Paraguay",-25.2660537,-57.57180719999999,0983 101013,https://www.instagram.com/dcpilates.fisio/,3.7,6,True,63,B,establishment|gym|health|point_of_interest
La 23 BarberShop,Barberia,General,San Lorenzo,,"JFM9+75R, Brasil, San Lorenzo 111445, Paraguay",-25.3667634,-57.53209760000001,0984 936464,,3.7,3,False,63,B,establishment|hair_care|health|point_of_interest
Centro Legrand - Medicina Estética,Otros,General,Asunción,,"Molas Lopez 1232, Asunción 001520, Paraguay",-25.2704166,-57.57215069999999,0985 135222,,3.7,7,False,63,B,establishment|health|point_of_interest
"Evelyn Chavez Uñas, cejas y pestañas",Uñas/Nails,Salon Uñas,Lúke,,"María Blanca, Lúke 2060, Paraguay",-25.2509253,-57.4727535,0994 649126,,3.6,5,False,63,B,beauty_salon|establishment|point_of_interest
Silvia Nails,Uñas/Nails,Salon Uñas,Areguá,,"Costa Fleitas, Areguá 110120, Paraguay",-25.3360899,-57.4186505,0983 736457,,4.0,1,False,62,B,beauty_salon|establishment|point_of_interest
Jazmin Gaona Beauty Salon,Salon de Belleza,General,Areguá,,"MHWP+H6F, Areguá 110115, Paraguay",-25.3037464,-57.4145012,0991 936190,https://www.instagram.com/gaonajazbeautysalon?igsh=MXEwOTl2ZjVneWJ2OQ==,5.0,2,True,62,B,beauty_salon|establishment|point_of_interest
La Pelu de Faty,Peluqueria,General,San Ignacio Guazú,,"San Roque Gonzalez, San Ignacio Guazú 0782, Paraguay",-26.8877223,-57.0298782,0975 647394,,3.0,3,False,62,B,establishment|hair_care|point_of_interest
Rocio Coiffure,Salon de Belleza,General,Pedro Juan Caballero,,"Loma Valentinas Esq, Pedro Juan Caballero 130110, Paraguay",-22.5413269,-55.7402373,0973 602273,http://facebook.com/Rociocoiffurepy,5.0,4,True,62,B,beauty_salon|establishment|hair_care|point_of_interest
Yohana Fiandro Salón De Belleza,Salon de Belleza,General,Paraguarí,,"9RJW+66F, Paraguarí 090103, Paraguay",-25.6194439,-57.1544458,0982 481906,https://www.facebook.com/Yohana-Fiandro-Sal%C3%B3n-de-Belleza-800687710290500/,5.0,2,True,62,B,beauty_salon|establishment|point_of_interest
"Peluquería Mary, Paraguarí",Peluqueria,General,Paraguarí,,"9RGX+VHJ, Paraguarí 090102, Paraguay",-25.6227883,-57.1511073,,,5.0,2,False,62,B,beauty_salon|establishment|point_of_interest
Salón de Belleza Graciela,Salon de Belleza,General,Mariano Roque Alonso,Caacupe Mi,"QFP2+49V, Mcal. José Félix Estigarribia, Mariano Roque Alonso 111015, Paraguay",-25.2146332,-57.5490904,,,4.5,4,False,62,B,beauty_salon|establishment|point_of_interest
Rochy Beauty Studio,Salon de Belleza,General,Mariano Roque Alonso,Caacupe Mi,"Pirizal, Mariano Roque Alonso 0000, Paraguay",-25.2075387,-57.5333558,0992 491139,https://www.facebook.com/profile.php?id=100088695361636&mibextid=ZbWKwL,5.0,2,True,62,B,beauty_salon|establishment|point_of_interest
Punto di Bellezza,Salon de Belleza,General,Mariano Roque Alonso,,"Coronel Félix Bogado, Mariano Roque Alonso 111020, Paraguay",-25.233085,-57.5351764,0972 670606,https://www.instagram.com/puntodibellezza_py?igsh=bnFqYXdiemoxMDU5,5.0,1,True,62,B,beauty_salon|establishment|point_of_interest
Magdalena Makeup,Maquillaje,General,Limpio,,"Limpio 2020, Paraguay",-25.1806284,-57.4637432,0994 916810,,4.0,1,False,62,B,beauty_salon|establishment|point_of_interest
Lo de Cindy Beauty Express,Salon de Belleza,General,Areguá,,"PH69+434, Areguá 110109, Paraguay",-25.3020735,-57.42394150000001,,,5.0,1,False,62,B,beauty_salon|establishment|point_of_interest
Longos Fios - extensão de cílios e cursos,Salon de Belleza,General,Pedro Juan Caballero,,"Cerro León, Pedro Juan Caballero 130104, Paraguay",-22.5373281,-55.7382747,(67) 99211-4321,https://wa.me/message/T7X6Z6MPD4IWO1,5.0,1,True,62,B,beauty_salon|establishment|point_of_interest
Rocio Francia Estética,Salon de Belleza,General,Pedro Juan Caballero,,"22.5754041 55, Pedro Juan Caballero 130126, Paraguay",-22.5754634,-55.7261631,,,5.0,3,False,62,B,beauty_salon|establishment|point_of_interest|spa
Kaia Designer Cejas,Pestañas/Cejas,General,Pedro Juan Caballero,,"C7JJ+V6R, Daniel Díaz, Pedro Juan Caballero 130125, Paraguay",-22.5677569,-55.7194824,0982 171337,https://www.facebook.com/kaiadesigndecejas/about/?ref=page_internal,4.1,16,True,62,B,beauty_salon|establishment|point_of_interest
EV-Makeup Artist,Maquillaje,General,Pedro Juan Caballero,,"C7RF+8C9, Juan E. O'Leary, Pedro Juan Caballero 130121, Paraguay",-22.5592103,-55.72639659999999,0971 842568,,4.3,4,False,62,B,establishment|point_of_interest
Studio Edith Encina,Peluqueria,General,Pedro Juan Caballero,,"Primero de Diciembre, Pedro Juan Caballero 130121, Paraguay",-22.5587035,-55.7269914,0984 961429,https://www.instagram.com/studio_edith_encina?igsh=MW1tNTZqNGNlOWdzOA==,5.0,1,True,62,B,establishment|hair_care|point_of_interest
Club de ladys_ Sucursal Acceso sur,Salon de Belleza,General,Ñemby,,"Av. Pratt Gill, Ñemby 111208, Paraguay",-25.3851378,-57.5484119,0983 185050,https://instagram.com/club_deladys?igshid=YmMyMTA2M2Y=,5.0,2,True,62,B,beauty_salon|establishment|point_of_interest
Dinámica Gym 2,Gimnasio/Fitness,Gimnasio,Puerto Iguazú,,"Av. Misiones 211 N 3370, N3370FBC Puerto Iguazú, Misiones, Argentina",-25.5971684,-54.5736222,,,4.0,2,False,62,B,establishment|gym|health|point_of_interest
Clariss Salón De Belleza,Salon de Belleza,General,Puerto Iguazú,,"Laurel, Puerto Iguazú, Misiones, Argentina",-25.6083103,-54.59054519999999,,,5.0,3,False,62,B,beauty_salon|establishment|point_of_interest
Peluqueria Marilyn,Peluqueria,General,Puerto Iguazú,,"Gavilán, N3378 Puerto Iguazú, Misiones, Argentina",-25.61407,-54.5666791,,,4.5,2,False,62,B,establishment|hair_care|health|point_of_interest
Totalmente Diva Insumos,Otros,General,Puerto Iguazú,,"Av. República Argentina 655, N3370 Puerto Iguazú, Misiones, Argentina",-25.6105709,-54.57722709999999,03757 57-1328,https://instagram.com/totalmente.diva_insumos,4.0,17,True,62,B,establishment|point_of_interest|store
RF Tattoos | Tatuajes,Tatuajes/Piercing,General,Itaugua,,"JJ4C+6MG, Itaugua 110612, Paraguay",-25.3944375,-57.3783125,0994 682408,,4.0,1,False,62,B,establishment|point_of_interest|store
Flopy Salón y Cosméticos,Peluqueria,General,San Ignacio Guazú,,"4X5H+7FW, Capitan Alfonso del Puerto, San Ignacio Guazú 080303, Paraguay",-26.8917527,-57.0212976,,,5.0,3,False,62,B,establishment|hair_care|point_of_interest
Changbin Salón,Peluqueria,General,San Ignacio Guazú,,"4X89+6X8, Tuyutí, San Ignacio Guazú 080305, Paraguay",-26.8846495,-57.0298263,,,5.0,3,False,62,B,establishment|hair_care|point_of_interest
Wuapas Beauty,Salon de Belleza,General,Paraguarí,,"Paraguarí 090103, Paraguay",-25.6194541,-57.1496156,,,5.0,2,False,62,B,beauty_salon|establishment|point_of_interest
Alaia salón de belleza,Salon de Belleza,General,Paraguarí,,"9V93+MXF, Paraguarí 090102, Paraguay",-25.6309503,-57.1442834,,,5.0,4,False,62,B,beauty_salon|establishment|point_of_interest
Day Olguin Makeup & Hair,Peluqueria,General,Pedro Juan Caballero,,"General Bruguéz, e/ Juan Bautista Alberdi y, Pedro Juan Caballero 130104, Paraguay",-22.5378663,-55.7395273,0975 860158,,3.3,4,False,62,B,establishment|hair_care|point_of_interest
AR ACADEMIA DE PELUQUERIA Y BELLEZA DE ITAUGUA,Peluqueria,General,Itauguá,,"Capitan Carnibella, Entre, Itauguá 2740, Paraguay",-25.3935413,-57.3550726,0985 375510,https://www.facebook.com/share/wVRRhnWzDUEVdSEQ/?mibextid=qi2Omg,5.0,4,True,62,B,establishment|point_of_interest
Peluqueria canina Mady,Peluqueria,General,Puerto Iguazú,,"Flor de Lapacho, N3370 Puerto Iguazú, Misiones, Argentina",-25.6287389,-54.5559524,03757 62-5261,https://www.instagram.com/peluqueria_canina_mady?igsh=OHJjd25nMWl5aGc1&utm_source=qr,5.0,3,True,62,B,establishment|hair_care|point_of_interest
MAGNANI Estilista,Peluqueria,General,Lambaré,,"11 de Setiembre 1073, Lambaré 110705, Paraguay",-25.3321951,-57.6225377,0982 990900,https://wa.me/message/EMSHASDZGCOWG1,5.0,1,True,62,B,establishment|hair_care|point_of_interest
Balbi hair_makeup,Peluqueria,General,Lambaré,,"Lambaré 110730, Paraguay",-25.3573925,-57.6077436,,https://instagram.com/balbi_hair_makeup?igshid=NzZlODBkYWE4Ng%3D%3D&utm_source=qr,5.0,12,True,62,B,establishment|hair_care|point_of_interest
Salon de Belleza Angela Coiffure,Salon de Belleza,General,Lambaré,,"Angela coiffure, Jose Silvano Godoy casi, Lambaré 110728, Paraguay",-25.3541275,-57.6199356,0986 369554,https://wa.me/986369554,5.0,1,True,62,B,beauty_salon|establishment|hair_care|point_of_interest
Mujer Bonita Coiffure,Salon de Belleza,General,Ciudad del Este,,"C. Boqueron 305, Cd. del Este 100136, Paraguay",-25.5115871,-54.6121406,0984 243068,https://www.facebook.com/Mujer-Bonita-Coiffure-1098117786940088/,5.0,4,True,62,B,beauty_salon|establishment|point_of_interest
Wanda Centro de Belleza,Salon de Belleza,General,Medellín,Laureles - Estadio,"Cl. 43 #74-81, Laureles - Estadio, Medellín, Laureles, Medellín, Antioquia, Colombia",6.2489186,-75.5942334,,,5.0,1,False,62,B,beauty_salon|establishment|point_of_interest
Club 12 de Agosto,Otros,General,Piribebuy,Maria Auxiliadora,"Pedro Juan Caballero, Piribebuy 3040, Paraguay",-25.4631587,-57.0467251,0971 636886,http://www.club12deagosto.com/,4.2,189,True,62,B,establishment|point_of_interest
Vibra Spa Suc. Ñemby,Spa/Wellness,Spa,Ñemby,,"10 de Agosto, Ñemby 111214, Paraguay",-25.3996975,-57.54844319999999,,,4.0,1,False,62,B,establishment|point_of_interest|spa
Esthetic Center centro de belleza y spa,Salon de Belleza,Spa,Villarrica,,"6H95+89F, Cnel. Montiel, Villarrica 040109, Paraguay",-25.7817178,-56.4415754,,,5.0,1,False,62,B,beauty_salon|establishment|point_of_interest
Milagros Gineco Spa,Spa/Wellness,Spa,Villarrica,,"6G8W+3MW, Capitán Demattei, Villarrica 040108, Paraguay",-25.7847555,-56.4532836,,,4.0,2,False,62,B,establishment|point_of_interest|spa
Salón de belleza Carol,Salon de Belleza,General,Santa Rita,,"Silvio Pettirossi, Santa Rita 101302, Paraguay",-25.7981565,-55.0920053,,,5.0,1,False,62,B,beauty_salon|establishment|point_of_interest
Lía eventos y LS esmalteria,Salon de Belleza,General,Santa Rita,,"5WX2+84G, Domingo Martínez de Irala, Santa Rita 101301, Paraguay",-25.8015839,-55.0996424,,,5.0,1,False,62,B,beauty_salon|establishment|point_of_interest
Gino Lobos Tatuajes y Body Piercing,Tatuajes/Piercing,Piercing Studio,Mariano Roque Alonso,Caacupe Mi,"Nanawa casi, Mariano Roque Alonso 111010, Paraguay",-25.2105045,-57.533698,0984 767582,,4.3,3,False,62,B,establishment|point_of_interest|store
NATHALIA ROMERO BEAUTY HOME,Salon de Belleza,General,Mariano Roque Alonso,Caacupe Mi,"Boqueron casi, Mariano Roque Alonso 111010, Paraguay",-25.2118908,-57.5380179,,,5.0,4,False,62,B,beauty_salon|establishment|point_of_interest
Salón de belleza Lilium_ah,Peluqueria,General,Areguá,,"Severiano Leiva, Areguá 110104, Paraguay",-25.3075625,-57.4015625,,,5.0,1,False,62,B,establishment|hair_care|point_of_interest
J salon de uñas,Salon de Belleza,Salon Uñas,Capiatá,,"MH24+M38, Prof. Carlos A.Rachit, Capiatá 110207, Paraguay",-25.3483353,-57.4447822,,,5.0,1,False,62,B,beauty_salon|establishment|point_of_interest
Barbería Villarrica,Barberia,General,Villarrica,,"Humaita esq, Villarrica 5000, Paraguay",-25.7812589,-56.44900209999999,0981 840600,https://www.facebook.com/BarberiaVillarrica/,4.1,7,True,62,B,establishment|hair_care|health|point_of_interest
Green Beauty Studio,Salon de Belleza,General,Presidente Franco,,"C9QP+67X, Presidente Franco 100219, Paraguay",-25.5618507,-54.6143009,,,5.0,1,False,62,B,beauty_salon|establishment|point_of_interest
Comercial Maria Auxiliadora,Otros,General,Ciudad del Este,,"7000 Ciudad del Este, Cd. del Este 7000, Paraguay",-25.5339915,-54.6112525,0973 642249,https://www.facebook.com/Comercial-Maria-Auxiliadora-107363134420645/,4.4,16,True,62,B,establishment|point_of_interest
Distribuidora La Policlinica S.A.,Otros,General,Asunción,,"Ttte. Rojas Silva 1044 e, Tte. Fariña y, Asunción 001221, Paraguay",-25.2950354,-57.62795499999999,(021) 248 0000,http://www.lapoliclinica.com/,4.3,171,True,62,B,establishment|point_of_interest
Peluquería Clauber Y Galán,Peluqueria,General,Piribebuy,,"GXP5+V5C, Piribebuy 031403, Paraguay",-25.462822,-57.04211400000001,,,5.0,3,False,62,B,establishment|hair_care|health|point_of_interest
Rusticana Salon de Eventos,Salon de Belleza,General,Piribebuy,Maria Auxiliadora,"GXM2+5J8, Mayor Hilario Amarilla, Piribebuy 031402, Paraguay",-25.4670121,-57.0487222,,,5.0,1,False,62,B,establishment|point_of_interest
Belen_Nalis,Salon de Belleza,General,Piribebuy,,"2, Piribebuy 031401, Paraguay",-25.4583826,-57.0383872,,,5.0,1,False,62,B,beauty_salon|establishment|point_of_interest
CR Spa,Spa/Wellness,Spa,Ñemby,,"JF42+HQ2, Ñemby 111214, Paraguay",-25.3936009,-57.54812039999999,,,4.0,1,False,62,B,establishment|point_of_interest|spa
Art Fusion Concept Estudio,Salon de Belleza,General,,Centro,"F769+WCQ - R. Mal. Floriano, 2042 - 2116 / BOX 13 1B - Centro, Ponta Porã - MS, 79904-722, Brazil",-22.5376875,-55.7314375,(47) 99795-5533,https://www.instagram.com/artconceptestudio/,5.0,1,True,62,B,beauty_salon|establishment|hair_care|health|point_of_interest
Amambai roots Lodges,Otros,General,Puerto Iguazú,,"Av. Tres Fronteras 757, N3370 Puerto Iguazú, Misiones, Argentina",-25.5962696,-54.5888404,03757 42-0100,http://www.raicesamambailodges.com/,4.0,128,True,62,B,establishment|lodging|point_of_interest
Kuña Mbarete By Lidia Bernal,Salon de Belleza,General,Pedro Juan Caballero,,"Gral. Diaz, Pedro Juan Caballero 031403, Paraguay",-25.4635047,-57.04561229999999,0983 615445,https://www.instagram.com/kuna__mbarete?igsh=MWpoOXh0dzBpYXpucA==,5.0,1,True,62,B,beauty_salon|establishment|point_of_interest
Medica Naturalista Ña Fride,Otros,General,Piribebuy,,"Ruta Paraguari-Piribebuy, Piribebuy 031416, Paraguay",-25.5544514,-57.04704959999999,0991 901039,,4.0,4,False,62,B,establishment|point_of_interest
Rc Beauty Salón,Peluqueria,General,Presidente Franco,,"C9XW+FG9, Presidente Franco 100217, Paraguay",-25.550726,-54.6036487,,,5.0,1,False,62,B,establishment|hair_care|point_of_interest
•Gloria Bareiro• Salón de belleza,Salon de Belleza,General,Presidente Franco,,"C9WR+CGJ, C. Cerro Corá, Pdte. Franco 100218, Paraguay",-25.5539115,-54.608732,,,4.8,4,False,62,B,beauty_salon|establishment|point_of_interest
Danna Studio MAKE-UP,Peluqueria,General,Presidente Franco,,"Av. Mariscal López, Pdte. Franco 100219, Paraguay",-25.5573005,-54.6071924,0993 343037,https://www.facebook.com/dannastudiomakeup?mibextid=ZbWKwL,4.5,2,True,62,B,establishment|hair_care|point_of_interest
NOEMÍ FIGUEREDO,Peluqueria,General,Presidente Franco,,"Taracio Viveros, Pdte. Franco 100221, Paraguay",-25.5700458,-54.6144085,,,5.0,3,False,62,B,establishment|hair_care|point_of_interest
Spa,Spa/Wellness,Spa,Areguá,,"MJ9R+PR6, Ruta Aregua Patiño, Areguá 2000, Paraguay",-25.3307241,-57.35798500000001,,,4.0,1,False,62,B,establishment|point_of_interest
Lord Spa CDE km 8,Spa/Wellness,Spa,Ciudad del Este,,"F8X8+5C8, Eligio Ayala, Ciudad del Este 100179, Paraguay",-25.5023727,-54.6837153,,,4.3,3,False,62,B,establishment|point_of_interest|spa
Baires Vca,Salon de Belleza,General,Villarrica,,"Poniente Franco, 6GGX+JV5, &, Villarrica 040103, Paraguay",-25.7734943,-56.45025760000001,0976 464554,http://www.instagram.com/baires.nails1,5.0,2,True,62,B,beauty_salon|establishment|point_of_interest
Sakura Store,Otros,General,Itá,,"Cerro Corá n°609, Itá 110503, Paraguay",-25.5066246,-57.3665974,0994 307875,https://www.instagram.com/sakura_store.02/,4.1,10,True,62,B,establishment|point_of_interest|store
Myrian Cañete Salón de Belleza,Salon de Belleza,General,San Pedro de Ycuamandyyú,,"WW6C+V49, Acosta Ñu, San Pedro de Ycuamandyyú 020101, Paraguay",-24.0878421,-57.0796381,,,5.0,1,False,62,B,beauty_salon|establishment|point_of_interest
Salon de Belleza Integral Rosa Noemi,Salon de Belleza,General,Capiatá,,"JHW5+8VH, Capiatá 110218, Paraguay",-25.3541924,-57.4402657,0984 186750,https://www.facebook.com/salonintegralrosanoemi/,5.0,1,True,62,B,establishment|hair_care|health|point_of_interest
LV - LAURA VILLALBA HAIR STUDIO,Peluqueria,General,Itá,,"Ruta Ita a Itaugua [30], 110515, Itá 110515, Paraguay",-25.4910661,-57.3595712,,,5.0,1,False,62,B,beauty_salon|establishment|point_of_interest
Claudelina Coiffure Unisex,Salon de Belleza,General,Itá,,"Rojas Silva, Itá 110501, Paraguay",-25.5038662,-57.36938209999999,,,5.0,3,False,62,B,beauty_salon|establishment|point_of_interest
L.A Beauty Salon,Salon de Belleza,General,Itá,,"Ruta Departamental D027, Itá 110506, Paraguay",-25.5100757,-57.35676729999999,0991 542389,https://www.instagram.com/l.a.beautysalon?igsh=cm1oMnZsYmFxaW1l,5.0,2,True,62,B,beauty_salon|establishment|point_of_interest
Blossom,Salon de Belleza,General,Encarnación,,"Gral. Cabañas esq, Encarnación 070117, Paraguay",-27.3393788,-55.8639796,0985 840037,https://instagram.com/blossom_beauty_d?utm_medium=copy_link,5.0,3,True,62,B,beauty_salon|establishment|hair_care|point_of_interest
Belén Fernández Beauty Studio,Salon de Belleza,General,Yaguarón,,"CPQ7+R93, Julia Miranda Cueto, Yaguarón 091501, Paraguay",-25.5604949,-57.28656789999999,0971 351762,https://www.instagram.com/belenf_beautystudio?igsh=MWNibXBrNDdnMGVseA==,5.0,2,True,62,B,beauty_salon|establishment|point_of_interest
CENTRO DE BELLEZA INTEGRAL DEL SOL,Salon de Belleza,General,San Pedro de Ycuamandyyú,,"11, San Pedro de Ycuamandyyú 020101, Paraguay",-24.0904057,-57.0747936,,,5.0,4,False,62,B,establishment|hair_care|point_of_interest
Nati Argüello Studio,Peluqueria,General,Pilar,,"Pilar 120105, Paraguay",-26.8673498,-58.30769160000001,,,5.0,2,False,62,B,establishment|hair_care|point_of_interest
Salón de Belleza En lo de Denice,Salon de Belleza,General,San Estanislao,,"Cnel Zoilo Gonzalez, San Estanislao 020804, Paraguay",-24.6756879,-56.44712759999999,,,5.0,1,False,62,B,beauty_salon|establishment|point_of_interest
3D Adhesivos Isabella,Salon de Belleza,General,San Estanislao,,"8GCW+R74, Unnamed Road, San Estanislao 020804, Paraguay",-24.6779825,-56.4542927,,,5.0,1,False,62,B,beauty_salon|establishment|point_of_interest
PA salón de belleza,Salon de Belleza,General,Caaguazú,,"Bernardino caballero, Caaguazú 050216, Paraguay",-25.4828916,-55.9964776,,,5.0,2,False,62,B,beauty_salon|establishment|point_of_interest
mpazarnold makeup&accesorios,Maquillaje,General,San Estanislao,,"Independencia Nacional, San Estanislao 020802, Paraguay",-24.6686523,-56.438463,0991 491557,,4.3,3,False,62,B,establishment|point_of_interest
Beauty Salon Genesis Suarez,Salon de Belleza,General,Villa Hayes,,"WF7F+CP9, Villa Hayes 150405, Paraguay",-25.0864749,-57.5256315,,,5.0,2,False,62,B,beauty_salon|establishment|point_of_interest
Peluquería Sil..,Peluqueria,General,Ayolas,,"Mbokaja Poty, Ayolas 080205, Paraguay",-27.3620941,-56.7897119,,,5.0,1,False,62,B,establishment|hair_care|point_of_interest
Familia Duette,Salon de Belleza,General,Hohenau,,"W84J+GQW, Hohenau 071401, Paraguay",-27.0936271,-55.66805979999999,,,5.0,2,False,62,B,beauty_salon|establishment|point_of_interest
Casa Emperatriz,Spa/Wellness,General,San Lorenzo,,"MG62+Q6Q, Germán Fretes, San Lorenzo 111418, Paraguay",-25.3380424,-57.4994025,,,4.0,1,False,62,B,establishment|point_of_interest|spa
Peluquería Analia,Peluqueria,General,Hohenau,,"W993+M6W, Hohenau 071401, Paraguay",-27.0807161,-55.6468628,,,5.0,1,False,62,B,beauty_salon|establishment|point_of_interest
Madame Li,Salon de Belleza,General,Villa Elisa,,"Aregua Villa Elisa, Villa Elisa 2610, Paraguay",-25.3682817,-57.58855189999999,0983 870935,https://instagram.com/madameli2022?igshid=YmMyMTA2M2Y=,5.0,2,True,62,B,beauty_salon|establishment|point_of_interest
CAMERIN Visage Studio de Maquillaje,Maquillaje,General,Hernandarias,,"J962+X3F, Fulgencio Yegros, Hernandarias 100505, Paraguay",-25.3875702,-54.6498228,0973 110009,,4.0,4,False,62,B,establishment|point_of_interest|store
Ada Salinas Beauty Cenyer,Salon de Belleza,General,000,Vila Militar II,"Yegros 284-400, Pedro Juan Caballero 79900, 000 130112, Paraguay",-22.544265,-55.733545,,,5.0,1,False,62,B,beauty_salon|establishment|point_of_interest
Madri Beauty Salon,Salon de Belleza,General,Pedro Juan Caballero,Vila Militar II,"Natalicio Talavera Entre, Brasil, Pedro Juan Caballero 130103, Paraguay",-22.5327925,-55.7382949,0975 384998,http://www.facebook.com/salonmadripjc,5.0,1,True,62,B,beauty_salon|establishment|point_of_interest
Paloma Caprichos✨,Salon de Belleza,General,Ñemby,,"JF96+49F, Ñemby 111206, Paraguay",-25.3821824,-57.53919260000001,0993 381581,http://wa.me/595981294972,4.7,3,True,62,B,beauty_salon|establishment|point_of_interest
Studio DE BELLEZA VALERIA RODRIGUEZ,Otros,General,Pedro Juan Caballero,,"F735+WMC, Perpétuo Socorro, Pedro Juan Caballero 130110, Paraguay",-22.5451992,-55.74084730000001,0982 193665,,4.3,4,False,62,B,bar|establishment|point_of_interest
Italo Cosmeticos,Estetica/Facial,Perfumeria,Altos,,"PPJW+XQ, Altos 030201, Paraguay",-25.2675625,-57.2530625,0981 628996,,4.3,4,False,62,B,establishment|point_of_interest|store
Salón de Belleza Olga Elizabeth,Salon de Belleza,General,Itá,,"FHGW+GG, Itá 110524, Paraguay",-25.5236471,-57.4036771,,,5.0,3,False,62,B,beauty_salon|establishment|point_of_interest
Nadia Jimenez Makeup And Hair,Peluqueria,General,Itá,,"FJVQ+FPX, Manuel Gamarra, Itá 110502, Paraguay",-25.5064784,-57.36070580000001,,,5.0,2,False,62,B,beauty_salon|establishment|point_of_interest
Nanda Schadler Beauty,Salon de Belleza,General,Luque,,"Luque 110945, Paraguay",-25.288585,-57.50810180000001,0987 317911,https://www.instagram.com/nandaschadlerbeauty?igsh=MWhydHg5am5xanFwYg%3D%3D,5.0,2,True,62,B,beauty_salon|establishment|point_of_interest
Peluquería Rosana,Peluqueria,General,Ypané,,"GFRQ+XPR, Ypané 111801, Paraguay",-25.4574803,-57.5107818,,,5.0,1,False,62,B,beauty_salon|establishment|point_of_interest
Magui Arguello Salon,Salon de Belleza,General,Itá,,"Calle Yvate, Itá 110512, Paraguay",-25.4902952,-57.39471449999999,,,5.0,3,False,62,B,establishment|hair_care|point_of_interest
Salon De Belleza Leti,Salon de Belleza,General,San Ignacio Guazú,,"4X7H+FP5, Av. Félix Bogado, San Ignacio Guazú 080303, Paraguay",-26.8863549,-57.02064550000001,,,4.5,4,False,62,B,beauty_salon|establishment|point_of_interest
Liza Beauty Salón,Peluqueria,General,Pilar,,"2800, Pilar 2800, Paraguay",-26.8592849,-58.3042524,,,5.0,1,False,62,B,establishment|hair_care|point_of_interest|store
Bienestar Integral Natura,Salon de Belleza,General,Lambaré,,"Dr. Ernesto San Martin esquina, Lambaré 110719, Paraguay",-25.3467224,-57.6056718,0972 903027,https://www.instagram.com/natura.centro_intregral?igsh=bndnMXNseG4xNW1i,5.0,1,True,62,B,beauty_salon|establishment|point_of_interest
Fashion Beauty Style,Peluqueria,General,Ayolas,,"J543+VHM, Av. Mariscal Francisco Solano López, Ayolas 080203, Paraguay",-27.392777,-56.8460923,,,4.5,2,False,62,B,establishment|hair_care|point_of_interest
Peluquería SHAMMAH,Peluqueria,General,Ayolas,,"Av. Dorado 4830, Ayolas 080202, Paraguay",-27.382785,-56.8416407,,,5.0,1,False,62,B,establishment|hair_care|point_of_interest
Don Bigotes,Peluqueria,General,Ayolas,,"J554+52P, Av. Arary, Ayolas 080203, Paraguay",-27.3920363,-56.844913,,,4.8,4,False,62,B,establishment|hair_care|health|point_of_interest
Impacto Look,Peluqueria,General,Itauguá,,"Ñu Po'I, Itauguá 110623, Paraguay",-25.4473946,-57.3442396,,,5.0,1,False,62,B,establishment|hair_care|point_of_interest
RR SHOP,Otros,General,Ciudad del Este,,"Avenidad Adrian Jara entre, Itá Ybaté, Cd. del Este 100136, Paraguay",-25.5111975,-54.6086401,0992 547151,,4.0,2,False,62,B,establishment|food|point_of_interest|store
PRIETO BARBERIA,Barberia,General,Julian Augusto Saldívar,,"Prieto barberia, Julian Augusto Saldívar 111910, Paraguay",-25.4357721,-57.4260042,,,4.4,7,False,62,B,establishment|hair_care|health|point_of_interest
Moha'anga Tattoo,Tatuajes/Piercing,General,Limpio,,"RG7P+635, Limpio 110825, Paraguay",-25.1869963,-57.4647562,,,4.4,16,False,62,B,establishment|point_of_interest|store
CHELY Coiffure,Salon de Belleza,General,Itaugua,,"JM23+7F8, Itaugua 110609, Paraguay",-25.3993303,-57.34630439999999,,,5.0,1,False,62,B,beauty_salon|establishment|point_of_interest
가마르라 이호스 Fisioterapia,Otros,General,Ñemby,,"JF76+94H, Vicente Iturbe, Ñemby 111207, Paraguay",-25.3865643,-57.539638,,,4.2,10,False,62,B,establishment|point_of_interest
GUSTAVO CORONEL,Salon de Belleza,General,Ñemby,,"Primer Presidente- Desvío a San Antonio y, Ñemby 111216, Paraguay",-25.3983483,-57.5425313,0992 498326,https://www.facebook.com/share/Y21pTUUjmsczjKnT/?mibextid=LQQJ4d,5.0,3,True,62,B,beauty_salon|establishment|hair_care|point_of_interest|spa
Bella house,Peluqueria,General,Posadas,,"Mbororé 2635, N3300 Posadas, Misiones, Argentina",-27.3554432,-55.9012471,011 6442-2933,https://www.instagram.com/bellahouseok/,5.0,1,True,62,B,establishment|hair_care|point_of_interest
Taia Cadoche Beauty Box,Salon de Belleza,CrossFit,Posadas,,"Cmte. Rebollo 2181 1C, N3300 Posadas, Misiones, Argentina",-27.3772949,-55.89869299999999,0376 15-491-7013,https://www.instagram.com/taiacadoche/,5.0,3,True,62,B,beauty_salon|establishment|point_of_interest
King's Men Barber Shop 2.0.,Barberia,Barberia Moderna,Encarnación,,"Honorio González esq, Encarnación 6000, Paraguay",-27.3388692,-55.8594169,,,4.4,7,False,62,B,establishment|hair_care|health|point_of_interest
Lindo Retoque,Salon de Belleza,General,Itaugua,,"HMX6+584, Itaugua 110609, Paraguay",-25.4021405,-57.33913169999999,,,5.0,3,False,62,B,beauty_salon|establishment|point_of_interest
Broko’S Barber,Barberia,General,Itauguá,,"JJ4W+HCJ, Tte Esteban Martínez, Itauguá 110611, Paraguay",-25.3936489,-57.35382789999999,,,4.4,9,False,62,B,establishment|hair_care|health|point_of_interest
Salon De Belleza Lerhy Silguero,Salon de Belleza,General,Ayolas,,"Avenida Tajy Sa'yju 4830, Ayolas 080202, Paraguay",-27.3854357,-56.8492627,,,4.7,3,False,62,B,establishment|hair_care|point_of_interest
KariVaz💅🏻,Salon de Belleza,General,San Ignacio Guazú,,"3XX6+3H9, San Ignacio Guazú 080306, Paraguay",-26.9023325,-57.0385192,,,5.0,1,False,62,B,beauty_salon|establishment|point_of_interest
FASHION SALÓN DE BELLEZA,Salon de Belleza,General,Hernandarias,,"Unnamed Road, Hernandarias 100505, Paraguay",-25.389663,-54.644991,0983 579394,https://www.facebook.com/salondebellezatuimagen/,5.0,2,True,62,B,beauty_salon|establishment|point_of_interest
M.O Beauty Studio,Salon de Belleza,General,Pilar,,"Teniente Fossatti esq, Pilar 120106, Paraguay",-26.8611454,-58.304784,,,5.0,1,False,62,B,beauty_salon|establishment|point_of_interest
Salón de belleza Fashión Look,Salon de Belleza,General,Pilar,,"4MQV+PCW, Teniente Fossatti, Pilar 120106, Paraguay",-26.8606303,-58.30642940000001,0975 769814,https://l.facebook.com/l.php?u=http%3A%2F%2Fwww.facebook.com%2Frubia.martinez.9678&h=ATNWjB43PuiOR6gdvVpWbUEyNT6q5AU8XPArzg998-Ak73Ra280HTaT1mE33wpSpJv0ICDe4IlwiNowOVyMWn0_fdOG5B28-wSY8XOzR1atLuB4C3Fc2BdNbaoJFdMJyhePiM5w5xU28FYHbKoDQcZgr8mqEm7BR9lqh28cVmBAg8SIYkqpiuyEtVyFii25-wA7jOd4uFBo54KtGAUE806pNA9Gzj6QN1cFC-AQrKDcgwaipbaVH88ptH-D9Blf-r4QHshPtXW0BtCmBYvFN8OyJ5uRbKp_5P6DP4lzaLaVIC3JSFFqsbKpM-4VrRL8xWabpyBTpynGjcmr9iMrMvUXOPlXOyrLYJZXEnEoZ6tZPVHDMlqJWpPzHfLvo79QzXNejYfsc4MqijlIRZjltJUejInPbrJ95N0NyBX00N6lJmeFmEgtWw50oTTYg2ijOg11ybEg86AlZ7FF6LhQIsyKlbFOGHiVVu3mnOloczIhZ2VnQJvtNgSijXxoJdspeTdq2,5.0,3,True,62,B,beauty_salon|establishment|point_of_interest
Studio D,Peluqueria,General,Pilar,,"4MJR+9PV, Gral. Bernardino Caballero, Pilar 120106, Paraguay",-26.8690121,-58.3082158,0975 761970,https://www.facebook.com/profile.php?id=100083315501846,5.0,3,True,62,B,establishment|hair_care|point_of_interest
Ariel tattoos,Tatuajes/Piercing,General,Villarrica,,"Boulevard Bicentenario, Villarrica 040105, Paraguay",-25.7756192,-56.4319267,0975 920741,,4.3,4,False,62,B,establishment|point_of_interest|store
G.B ESPACIO DE BELLEZA GlaBaez,Spa/Wellness,Spa,Pilar,,"4PM5+4H6, Pilar 120107, Paraguay",-26.8672113,-58.291109,,,4.0,2,False,62,B,beauty_salon|establishment|point_of_interest
Evelyn L Coiffure,Peluqueria,General,Lambaré,,"M93F+G72, 5 De Junio, Lambaré 2420, Paraguay",-25.3461703,-57.6269821,0991 545570,https://www.instagram.com/evelyn_coffiure?igsh=MW81Ym96YTU2YjBhYw==,5.0,4,True,62,B,establishment|hair_care|point_of_interest
Escuela de Futbol Sport Guarani,Gimnasio/Fitness,General,Capiatá,,"JHHM+XP8, Capiatá 110224, Paraguay",-25.3700897,-57.41566590000001,,,4.0,3,False,62,B,establishment|point_of_interest
Studio de Belleza Ana Fernández,Peluqueria,General,Pedro Juan Caballero,,"Capitán Ramón Alvarez Quintana, Pedro Juan Caballero 130117, Paraguay",-22.5668989,-55.7473091,,,5.0,1,False,62,B,establishment|hair_care|point_of_interest
Perfil Functional Training,Gimnasio/Fitness,General,Pedro Juan Caballero,Vila Militar II,"F739+G6W, Naciones Unidas, Pedro Juan Caballero 130113, Paraguay",-22.546142,-55.73192049999999,,,4.0,4,False,62,B,establishment|gym|health|point_of_interest
RL BEAUTY,Salon de Belleza,General,Pedro Juan Caballero,,"C6PX+75V, Antonio Machado Salgueiro, Pedro Juan Caballero 130116, Paraguay",-22.5631665,-55.751956,,,5.0,2,False,62,B,beauty_salon|establishment|point_of_interest
Evelyn Fariña.Nutrición & Pilates,Gimnasio/Fitness,Yoga/Pilates,Capiatá,,"Toledo Cañada, Capiatá 110229, Paraguay",-25.3776891,-57.4208289,0981 852287,https://www.facebook.com/Evelynfarina17?mibextid=ZbWKwL,4.3,3,True,62,B,establishment|gym|health|point_of_interest
Estudio Bruna Pereira,Peluqueria,General,Hernandarias,,"H9V8+CM, Hernandarias 100509, Paraguay",-25.4040474,-54.62907269999999,,,5.0,1,False,62,B,establishment|hair_care|point_of_interest
MaríaVera beautyhome,Salon de Belleza,General,San Estanislao,,"8HQ4+V67, Cristobal Colón, San Estanislao 020801, Paraguay",-24.6604947,-56.4444791,0972 251032,https://instagram.com/mariavera_beautyhome?igshid=YmMyMTA2M2Y=,5.0,4,True,62,B,beauty_salon|establishment|point_of_interest
Peluquería Kawaii,Peluqueria,General,San Estanislao,,"8HH6+2MP, Vicente Ignacio Iturbe, San Estanislao 020803, Paraguay",-24.6724059,-56.43830879999999,,,5.0,4,False,62,B,beauty_salon|establishment|point_of_interest
MENCHI BARRETO PELUQUERIA,Peluqueria,General,San Estanislao,,"8HM3+WW2, San Estanislao 020803, Paraguay",-24.6652409,-56.4452277,,,5.0,2,False,62,B,establishment|hair_care|point_of_interest
Paz y Bienestar Spa,Spa/Wellness,Spa,Fernando de la Mora,,"Cnel. Cazal 1323, Fernando de la Mora 110312, Paraguay",-25.3248737,-57.5286478,,,4.0,2,False,62,B,establishment|point_of_interest|spa
Andrea Esteche Salón de Belleza,Salon de Belleza,General,Concepción,,"HHX9+GRC, Soldado Desconocido, Concepción 010105, Paraguay",-23.4011928,-57.43048530000001,,,5.0,1,False,62,B,beauty_salon|establishment|point_of_interest
Ahisa Belleza sin límites,Salon de Belleza,General,Hernandarias,,"J922+9PJ, Hernandarias 100507, Paraguay",-25.3990356,-54.64823380000001,0983 519215,https://www.instagram.com/ahisabellesasinlimetes?igsh=NDV3MXJmZWwydGFl,5.0,1,True,62,B,beauty_salon|establishment|point_of_interest
Yoazmin Cosméticos,Otros,General,San Cosme y Damián,,"km 22, Lomas Valentinas, San Cosme y Damián 071904, Paraguay",-27.2941448,-56.3867474,0993 525822,,4.0,1,False,62,B,establishment|point_of_interest|store
Telly makeup y más - Peluquería Gissy,Peluqueria,General,Hohenau,,"25 de Diciembre, Hohenau 071402, Paraguay",-27.0630259,-55.6433165,,,5.0,1,False,62,B,establishment|hair_care|point_of_interest
Deisy Estudio Lashes,Salon de Belleza,General,Ñemby,,"Calle avay esquina, Ñemby 111213, Paraguay",-25.4076419,-57.54758769999999,,,5.0,2,False,62,B,beauty_salon|establishment|point_of_interest
Glamorous Studio,Salon de Belleza,General,Capiatá,,"JHW3+6M7, Capiatá 110217, Paraguay",-25.3544311,-57.4458383,,,5.0,1,False,62,B,beauty_salon|establishment|point_of_interest
Lucila hair,Peluqueria,General,Capiatá,,"JHX3+XVH, Capiatá 110218, Paraguay",-25.3500644,-57.4452583,0971 760024,https://wa.me/595971760024,5.0,4,True,62,B,establishment|hair_care|point_of_interest
Clínica Avangarde,Otros,General,Fernando de la Mora,Fernando Zona Sur,"Molina, Fernando de la Mora 110322, Paraguay",-25.330206,-57.5591282,0961 689617,,4.0,4,False,62,B,doctor|establishment|health|point_of_interest
Mell_Hair Style,Peluqueria,General,Caaguazú,Barrio San Francisco,"Barrio San Francisco, Caaguazú 050203, Paraguay",-25.456985,-56.0228975,0976 461091,https://www.facebook.com/Lia-Gim%C3%A9nez-Hair-Style-331490827290136/,5.0,4,True,62,B,establishment|hair_care|point_of_interest
Cosmeticos Cristo Rey,Estetica/Facial,Perfumeria,Caaguazú,Barrio Bernardino Caballero,"&, Caaguazú 050215, Paraguay",-25.4759025,-56.0157316,0976 450933,,4.0,1,False,62,B,establishment|point_of_interest|store
De Pelos,Salon de Belleza,General,Yaguarón,,"Unnamed Road, CPW6+VR4, Yaguarón 091501, Paraguay",-25.5528572,-57.2879137,,,5.0,3,False,62,B,beauty_salon|establishment|point_of_interest
Javi tattoO,Tatuajes/Piercing,General,Encarnación,,"070101, Encarnación 070101, Paraguay",-27.2908267,-55.82912899999999,0992 364083,,4.0,1,False,62,B,establishment|point_of_interest|store
Salón de Belleza Mei & Sophi,Salon de Belleza,General,Capiatá,,"JHW5+G4V, Tte Riquelime, Capiatá 110218, Paraguay",-25.3536339,-57.44221280000001,0986 368349,https://www.facebook.com/Gimenezthana/,5.0,3,True,62,B,beauty_salon|establishment|point_of_interest
LBPIERCING,Tatuajes/Piercing,Piercing Studio,Ñemby,,"Acceso Sur, Ñemby 111214, Paraguay",-25.3932968,-57.54469119999999,0986 395822,,4.0,1,False,62,B,establishment|point_of_interest
Body piercigs by Laura Bentrón,Otros,General,Ñemby,,"Acceso Sur, Ñemby 111214, Paraguay",-25.3932779,-57.54468199999999,0986 395822,,4.0,2,False,62,B,establishment|point_of_interest
Beauty Salon,Salon de Belleza,General,Capiatá,,"JHFF+X37, Rocío, Capiatá 110231, Paraguay",-25.3751597,-57.4272237,,,5.0,2,False,62,B,beauty_salon|establishment|point_of_interest
Salón de belleza Selva,Peluqueria,General,Bella Vista Sur,,"XC59+W7G, Av. Marcial Samaniego, Bella Vista Sur 070201, Paraguay",-27.0405325,-55.5813548,,,5.0,1,False,62,B,establishment|hair_care|point_of_interest
Bella vista Norte,Salon de Belleza,General,Bella Vista Norte,,"VFGP+PW2, Benjamin Constant, Bella Vista Norte 130202, Paraguay",-22.1232262,-56.51274609999999,,,4.5,2,False,62,B,beauty_salon|establishment|point_of_interest
Mistica Make up Store,Maquillaje,General,San Lorenzo,,"San Lorenzo 111451, Paraguay",-25.3546185,-57.5051226,0971 530779,,4.3,4,False,62,B,establishment|point_of_interest|store
Gloria Salón de Belleza,Peluqueria,General,Obligado,,"Unnamed Road, X929+JXG, Obligado 071702, Paraguay",-27.0484383,-55.6300391,,,5.0,1,False,62,B,establishment|hair_care|point_of_interest
D' LOURDES SALÓN,Salon de Belleza,General,Obligado,,"Boqueron, Obligado 071702, Paraguay",-27.0613162,-55.63483170000001,,,5.0,1,False,62,B,beauty_salon|establishment|point_of_interest
Gabriela Villalba Makeup-Depilación,Maquillaje,General,Hohenau,,"W9H5+G54, Hohenau 071402, Paraguay",-27.0712486,-55.6420488,0994 852318,,4.0,1,False,62,B,beauty_salon|establishment|point_of_interest|spa
Lexca Peluqueria,Peluqueria,General,Coratei,,"H2PP+PJ6, Coratei 080207, Paraguay",-27.4132045,-56.9634964,,,4.5,4,False,62,B,establishment|hair_care|health|point_of_interest
Derlis Zeballos,Otros,General,Asunción,,"Teniente Primero Dr. Vicente Oddone, Asunción 001527, Paraguay",-25.2810605,-57.56234199999999,0983 846906,https://derliszeballos.com/,4.4,170,True,62,B,establishment|point_of_interest|store
Salón de belleza Beatriz,Peluqueria,General,Ypané,,"HF5W+6GM, Ypané 111804, Paraguay",-25.4420563,-57.5043619,,,5.0,1,False,62,B,establishment|hair_care|point_of_interest
JETAPA_py,Peluqueria,General,Paraguarí,,"Tuyutí, Paraguarí 4000, Paraguay",-25.6226218,-57.143417,,,5.0,1,False,62,B,establishment|hair_care|point_of_interest
Laura Delvalle Beauty Salon,Salon de Belleza,General,Caacupé,,"JV64+GCJ, Caacupé 030106, Paraguay",-25.3881464,-57.1437243,,,5.0,2,False,62,B,beauty_salon|establishment|point_of_interest
Daniela Benítez Beauty Salon,Salon de Belleza,General,Caacupé,,"Gaudioso Nuñez y, Caacupé 030106, Paraguay",-25.3888102,-57.1492272,0984 791782,https://www.instagram.com/danielabenitezbeauty?igsh=MWsxaW9nNXk2dXdxcQ==,5.0,2,True,62,B,beauty_salon|establishment|point_of_interest
Kings&Queens,Peluqueria,General,Caacupé,Barrio Pozo De La Virgen,"Poetas Paraguayos, Caacupé 030102, Paraguay",-25.3782646,-57.1451936,0983 831304,https://www.facebook.com/diosassalondebellezayspa?mibextid=LQQJ4d,5.0,1,True,62,B,establishment|hair_care|point_of_interest
MEYRA Salón de Belleza,Salon de Belleza,General,Luque,,"PGQ5+J6J, Comandante Cabaña, Luque 110918, Paraguay",-25.2609368,-57.49189519999999,,,5.0,2,False,62,B,beauty_salon|establishment|point_of_interest
Residencia OJEDA-DA ROSA,Salon de Belleza,General,Luque,,"PFXX+WG4, Luque 110915, Paraguay",-25.2495454,-57.500013,,,5.0,1,False,62,B,beauty_salon|establishment|point_of_interest
Lujan Cosméticos,Estetica/Facial,General,Luque,,"Lujan cosmeticos, Javier Bogarin, Luque 110930, Paraguay",-25.2706961,-57.48941960000001,0986 101523,https://linktr.ee/lujancosmeticos.com.py,4.2,165,True,62,B,establishment|point_of_interest|store
ZERY Beauty salón,Salon de Belleza,General,Limpio,,"RGJF+WFV, Capitán Medina, Limpio 110813, Paraguay",-25.1676462,-57.4763284,,,5.0,2,False,62,B,beauty_salon|establishment|point_of_interest
ANTO ESTILO&BELLEZA,Peluqueria,General,Ñemby,,"1118, Ñemby 111210, Paraguay",-25.3849933,-57.54988939999999,0984 250017,https://www.instagram.com/antoestiloybelleza_?igsh=NXdoMW4yOGU1ZTZy&utm_source=qr,5.0,1,True,62,B,establishment|hair_care|point_of_interest
Nil Intercoiffure,Peluqueria,General,Ñemby,,"JC8Q+X4W, Ñemby 111209, Paraguay",-25.3937666,-57.54927610000001,,,5.0,2,False,62,B,establishment|hair_care|point_of_interest
Dra Ruth Greco - Odontología y Estética Integral,Otros,General,Villa del Rosario,,"Carlos A. López 503 esq, Villa del Rosario 8070, Paraguay",-24.4218301,-57.1174986,0981 274915,,4.0,1,False,62,B,dentist|establishment|health|point_of_interest
Salón de Belleza Kuña Porã,Salon de Belleza,General,Villa Hayes,,"WF7F+QC9, Villa Hayes 150405, Paraguay",-25.0859832,-57.5265373,,,5.0,1,False,62,B,beauty_salon|establishment|point_of_interest
Salon De Belleza Smile,Salon de Belleza,General,Villa Hayes,,"Mujer Paraguaya, Cerro Corá esquina, Villa Hayes 150405, Paraguay",-25.0926905,-57.5238388,,,5.0,2,False,62,B,beauty_salon|establishment|point_of_interest
Josephine salón,Salon de Belleza,General,Villa Hayes,,"WF6F+6F6, Mariscal Francisco Solano López, Villa Hayes 150405, Paraguay",-25.0894672,-57.5263711,0983 260416,,3.0,2,False,62,B,beauty_salon|establishment|point_of_interest
PeinArte Hair Salon,Salon de Belleza,General,Concepción,,"HHW4+FWG, Fulgencio Yegros, Concepción 010107, Paraguay",-23.4038015,-57.4426796,0971 835771,https://www.facebook.com/carol.coiffure.3,5.0,1,True,62,B,beauty_salon|establishment|point_of_interest
Fashion Hair Salon,Salon de Belleza,General,Concepción,,"Av. Boquerón esq, Concepción 010105, Paraguay",-23.4018109,-57.4357745,0971 181243,,3.0,2,False,62,B,establishment|hair_care|point_of_interest
Mybelashes Studio,Salon de Belleza,General,Capiatá,,"JHR4+W29, Capiatá 110206, Paraguay",-25.3467565,-57.44291579999999,011 15-3082-1115,https://instagram.com/mybelashess?igshid=MzRlODBiNWFlZA==,5.0,2,True,62,B,beauty_salon|establishment|point_of_interest
Salón de belleza Eclat Déesse,Peluqueria,General,Capiatá,,"110205, Capiatá 110205, Paraguay",-25.342436,-57.4452711,0982 378778,https://www.instagram.com/eclatdeesseyc?igsh=bzJyNDNhc3Vmemgz&utm_source=qr,5.0,2,True,62,B,establishment|hair_care|point_of_interest
LM Beauty Studio,Peluqueria,General,Capiatá,,"2560, Capiatá 110206, Paraguay",-25.3431211,-57.45203979999999,0976 771670,https://www.instagram.com/lujann_meyer?igsh=dmd5YXY5Z3E3a293,5.0,1,True,62,B,establishment|hair_care|point_of_interest
Belleza Integral,Salon de Belleza,General,Capiatá,,"JGVW+JC5, Capiatá 110215, Paraguay",-25.3557644,-57.4533779,,,5.0,1,False,62,B,beauty_salon|establishment|point_of_interest
Hair Salón Leryn Ruiz,Peluqueria,General,Bella Vista,,"WCWQ+VHJ, Bella Vista 070202, Paraguay",-27.0527915,-55.561099,,,4.7,3,False,62,B,beauty_salon|establishment|point_of_interest
Dalia Centro Estético,Salon de Belleza,General,Concepción,,"Alberdi y, Concepción 010108, Paraguay",-23.4114439,-57.447938,,,5.0,1,False,62,B,beauty_salon|establishment|point_of_interest
WB TATTOO STUDIO,Tatuajes/Piercing,Tattoo Studio,Concepción,,"Centro de Concepción, Av Pte Franco, Concepción 010108, Paraguay",-23.4077645,-57.4443388,0976 828300,https://instagram.com/wilson_barretotattoo?igshid=YmMyMTA2M2Y=,4.3,19,True,62,B,establishment|point_of_interest|store
Salon De Belleza Maju,Salon de Belleza,General,Concepción,,"Rufino Spika, Concepción 010108, Paraguay",-23.4120458,-57.44161250000001,,,5.0,1,False,62,B,beauty_salon|establishment|point_of_interest
Bellísimas Centro Estético,Peluqueria,General,Concepción,Barrio Inmaculada,"Av. Agustin Fernando De Pinedo 135, Concepción 010102, Paraguay",-23.3940427,-57.441682,0981 781987,https://www.instagram.com/bellissimas_centroestetico?igsh=emd1NXpxMHc3Ynh2,5.0,2,True,62,B,establishment|hair_care|point_of_interest
A&F BEAUTY NAILS HAIR,Peluqueria,Salon Uñas,Villa Elisa,,"Av. Comendador Piccolo, Miguel Angel Rodríguez, Villa Elisa 2610, Paraguay",-25.3780751,-57.5953604,0972 624684,https://instagram.com/af_nails_estudio?igshid=OGQ5ZDc2ODk2ZA==,5.0,1,True,62,B,beauty_salon|establishment|point_of_interest
Salón Beauty,Salon de Belleza,General,Villa Elisa,,"MC39+X84, Palma, Villa Elisa 111502, Paraguay",-25.3451155,-57.5816816,,,5.0,1,False,62,B,beauty_salon|establishment|point_of_interest
M M,Peluqueria,General,Villa Elisa,,"JC9F+758, Villa Elisa 111515, Paraguay",-25.3817819,-57.5764375,,,5.0,3,False,62,B,establishment|hair_care|point_of_interest
Hair Salon Karina S,Salon de Belleza,General,Villa Elisa,,"JCG5+98G, Ntra. Sra. de la Asunción, Villa Elisa 111512, Paraguay",-25.3740591,-57.59167780000001,,,5.0,2,False,62,B,establishment|hair_care|point_of_interest
Koki Verdún Tattoo’s and Piercing’s,Tatuajes/Piercing,Piercing Studio,Ciudad del Este,,"Av. San José, Cd. del Este 100172, Paraguay",-25.5098124,-54.6614131,0983 321130,https://www.instagram.com/kokiverdun?r=nametag,4.4,16,True,62,B,establishment|point_of_interest
Rincón de la Belleza,Salon de Belleza,General,Villa Elisa,,"San Cosme, Villa Elisa 111509, Paraguay",-25.3675225,-57.5726877,,,5.0,4,False,62,B,beauty_salon|establishment|point_of_interest
Mandala Spa y Peluquería,Peluqueria,Spa,Concepción,,"HHQ5+625, Concepción 010108, Paraguay",-23.4119896,-57.4423781,,,5.0,1,False,62,B,establishment|point_of_interest|spa
Peluqueria L.R,Peluqueria,General,San Pedro de Ycuamandyyú,,"WW5G+932, Unnamed Road, San Pedro de Ycuamandyyú 020101, Paraguay",-24.0916172,-57.07486249999999,,,5.0,1,False,62,B,clothing_store|establishment|point_of_interest|store
Peluquería Zarach,Peluqueria,General,San Pedro de Ycuamandyyú,,"WW8C+72J, San Pedro de Ycuamandyyú 020101, Paraguay",-24.0842887,-57.0799697,,,5.0,1,False,62,B,beauty_salon|establishment|point_of_interest
M y B,Peluqueria,General,Villa del Rosario,,"HV75+PG6, Villa del Rosario 021302, Paraguay",-24.4357127,-57.1412291,,,5.0,1,False,62,B,establishment|hair_care|point_of_interest
Salón Masculino Gonzales,Peluqueria,General,San Pedro de Ycuamandyyú,,"WW69+VX8, Acosta Ñu, San Pedro de Ycuamandyyú 020101, Paraguay",-24.0879204,-57.0805447,,,4.5,2,False,62,B,establishment|hair_care|health|point_of_interest
CREANDOESTILOS Lizza,Salon de Belleza,General,Hernandarias,,"Acosta Ñu y, Hernandarias 100513, Paraguay",-25.408037,-54.6461677,,,5.0,3,False,62,B,beauty_salon|establishment|point_of_interest
Salón Catalina,Peluqueria,General,Itá,,"https://codigo-postal.org/paraguay/cp/110507, Itá 1105, Paraguay",-25.5125656,-57.3716625,0972 282038,https://wa.me/595972282038,5.0,1,True,62,B,establishment|hair_care|point_of_interest
Extensiones Py Villarrica,Peluqueria,General,Villarrica,,"Curupayty, Villarrica 040103, Paraguay",-25.7779418,-56.4455931,0987 328938,https://wa.me/595981232614,5.0,1,True,62,B,establishment|hair_care|point_of_interest
Rosa Mística Peluquería,Peluqueria,General,Capiatá,,"Sgto.Lopez godoy, Capiatá 110219, Paraguay",-25.35595,-57.4390807,0992 261749,https://m.facebook.com/rivarolaperla/,5.0,4,True,62,B,beauty_salon|establishment|point_of_interest
Karen Ortiz depilación profesional (exclusivo FEMENINO),Salon de Belleza,General,Hernandarias,,"Tape ryva, Hernandarias 100507, Paraguay",-25.3921578,-54.64688229999999,0975 148047,https://www.instagram.com/karenortizdepilacion?igsh=MTBnY2Z5NGVrNXhwcw==,5.0,1,True,62,B,beauty_salon|establishment|hair_care|point_of_interest
Pelukids,Peluqueria,General,Coronel Oviedo,Barrio Gral Caballero,"HH43+9R4, Coronel Oviedo 050107, Paraguay",-25.4439854,-56.4455652,0981 345560,https://www.instagram.com/pelu_kidspy?igsh=MXdwMThiM2k1OHIzcw==,4.8,4,True,62,B,establishment|hair_care|point_of_interest
Doda salon de belleza,Salon de Belleza,General,Hohenau,,"Armonia, 071402, Hohenau 071402, Paraguay",-27.0696627,-55.6428131,,,5.0,1,False,62,B,establishment|hair_care|point_of_interest
Salon de belleza Ibonn Unisex,Salon de Belleza,General,Hohenau,,"Doctor José Gaspar Rodríguez de Francia, Hohenau 071402, Paraguay",-27.070851,-55.6378654,,,5.0,2,False,62,B,beauty_salon|establishment|point_of_interest
S. A. Cabellos,Peluqueria,General,Caaguazú,,"Unnamed Road, Caaguazú 050202, Paraguay",-25.4553769,-56.0358409,0975 928496,,3.0,2,False,62,B,establishment|hair_care|point_of_interest
Salón Jessi Nuñez,Salon de Belleza,General,Caaguazú,,"GX94+JH5, Caaguazú 050213, Paraguay",-25.4813997,-56.04294549999999,,,5.0,2,False,62,B,beauty_salon|establishment|point_of_interest
Barberia y Peluquería Bartur,Peluqueria,General,Fernando de la Mora,Fernando Zona Sur,"MCFV+R3G, F Candia, Fernando de la Mora 110322, Paraguay",-25.3254457,-57.557299,0981 243029,https://www.instagram.com/artur099__?igsh=MTRib2FhaGF3ODR1cQ==,5.0,2,True,62,B,establishment|hair_care|health|point_of_interest
Fabulash Capiata,Salon de Belleza,General,Capiatá,,"JHV5+3HG, Cmdte Barreto, Capiatá 110220, Paraguay",-25.3573058,-57.4410487,,,5.0,4,False,62,B,beauty_salon|establishment|point_of_interest
Yemsil Hair Stylist,Peluqueria,General,Caacupé,Santa Ana,"Ruta Caacupe - Tobati, Caacupé 030101, Paraguay",-25.3685779,-57.1361931,0971 266291,,2.6,5,False,62,B,beauty_salon|establishment|point_of_interest
Rosbela,Peluqueria,General,Ñati'Ury Guasu,,"050502, Ñati'Ury Guasu 050502, Paraguay",-24.9283733,-56.3187525,0985 583819,https://www.instagram.com/art_store_ros_bela?igsh=NGk5Y2xobHhiazly,5.0,1,True,62,B,establishment|hair_care|point_of_interest
Flia Irala Aquino,Salon de Belleza,General,San Pedro de Ycuamandyyú,,"WW4H+6QW, San Pedro de Ycuamandyyú 020102, Paraguay",-24.0940838,-57.0704317,,,5.0,1,False,62,B,beauty_salon|establishment|point_of_interest
CJ Beauty Salón,Salon de Belleza,General,Caacupé,,"Juan E. O'Leary 1932, Caacupé 030103, Paraguay",-25.3883775,-57.1398326,,,5.0,1,False,62,B,beauty_salon|establishment|point_of_interest
Peluquería y Barbería Tu estilo💈✂️,Peluqueria,General,Villa Elisa,,"JCF9+WJ6, Av. Americo Picco, Villa Elisa 111510, Paraguay",-25.3752465,-57.58085190000001,,,5.0,1,False,62,B,establishment|hair_care|point_of_interest
Centro de belleza Hugo Garcia,Salon de Belleza,General,Coronel Oviedo,12 de Junio,"12 De Junio, Cnel. Oviedo 050106, Paraguay",-25.44733,-56.4392319,,,5.0,1,False,62,B,beauty_salon|establishment|point_of_interest|store
Coral Do Carmo - Salón de belleza,Peluqueria,General,Luque,,"Optaciano Carballo 00000, Luque 2003, Paraguay",-25.2623355,-57.48461969999999,0991 656671,https://instagram.com/_coralmakeup_?igshid=OGQ5ZDc2ODk2ZA==,5.0,3,True,62,B,establishment|hair_care|point_of_interest
Manos de Luz By Hilda,Salon de Belleza,General,Limpio,,"Primera entrada a San Marcos 3 Primera entrada a San Marcos 3, Agustín Pío Barrios, Limpio 110808, Paraguay",-25.1816133,-57.4965091,0981 131231,https://www.instagram.com/manosdeluz_byhilda?igsh=c204cHN4aWR6amln,5.0,1,True,62,B,beauty_salon|establishment|point_of_interest
Beauty Salón by Yessica Pereira,Peluqueria,General,Limpio,,"Limpio Asunción, Limpio 110817, Paraguay",-25.1639028,-57.46423069999999,0974 220695,https://www.instagram.com/invites/contact/?i=d8n7un7wdvbt&utm_content=oqb73p8,5.0,2,True,62,B,establishment|hair_care|point_of_interest
Fashion y Stylo,Salon de Belleza,General,Limpio,,"RGJG+FQ7, Limpio 110816, Paraguay",-25.1688609,-57.47282879999999,,,5.0,1,False,62,B,beauty_salon|establishment|point_of_interest
Salón de Belleza Ramona Torales,Salon de Belleza,General,Altos,,"PPRV+HM9, Altos 030201, Paraguay",-25.2585968,-57.25575079999999,,,5.0,3,False,62,B,beauty_salon|establishment|point_of_interest
Centro de Acondicionamiento Estetico LILA,Salon de Belleza,General,Altos,,"PQP4+4P6, Altos 030202, Paraguay",-25.2646938,-57.2432575,,,5.0,1,False,62,B,beauty_salon|establishment|point_of_interest
De Moda Boutique,Peluqueria,General,Altos,,"Ruta Altos - Loma Grande, Altos 030201, Paraguay",-25.258347,-57.246753,0971 961593,https://www.facebook.com/De-Moda-102382131363822/,5.0,1,True,62,B,establishment|hair_care|health|point_of_interest
Salón de Belleza Yani,Peluqueria,General,San Pedro de Ycuamandyyú,,"San Pedro de Ycuamandyyú 020103, Paraguay",-24.0918808,-57.0830588,,,5.0,1,False,62,B,establishment|hair_care|point_of_interest
Vanessa Acosta Belleza y estética,Salon de Belleza,General,Ñemby,,"Callejón 1° dE mAYO, Ñemby 111203, Paraguay",-25.3718947,-57.54611430000001,0981 752620,https://www.instagram.com/vanessacostapy?igsh=MTVrdDFkYTZmYWtpNg==,5.0,1,True,62,B,beauty_salon|establishment|point_of_interest
El NÓRDICO PELUQUERÍA Y BARBERIA,Peluqueria,General,Limpio,,"RGM3+2XQ, Parapití 1765, Limpio 110814, Paraguay",-25.1670687,-57.495406,,,5.0,1,False,62,B,establishment|hair_care|point_of_interest
Salón de Belleza Valentina,Peluqueria,General,Coronel Oviedo,,"HG4M+PW3, Coronel Oviedo 050112, Paraguay",-25.4432539,-56.4651588,,,5.0,1,False,62,B,establishment|hair_care|point_of_interest
Tere Acosta Salón de Belleza,Peluqueria,General,Itá,,"Ita poty, Itá 110501, Paraguay",-25.4976487,-57.37214609999999,,,5.0,2,False,62,B,establishment|hair_care|point_of_interest
Zhoemí Beauty,Salon de Belleza,General,Thompson,,"Avda Thompson ypane, Thompson 111803, Paraguay",-25.425299,-57.506325,0983 022793,https://www.instagram.com/zhoemibeauty?igsh=MTM4dW4zbmlnNXo2ZQ%3D%3D&utm_source=qr,5.0,4,True,62,B,beauty_salon|establishment|point_of_interest
SDG Salón de Belleza,Salon de Belleza,General,Encarnación,,"Juan Perroti, Encarnación 070109, Paraguay",-27.3317273,-55.8565007,0973 717828,http://instagram.com/sdgsalondebelleza/,5.0,4,True,62,B,beauty_salon|establishment|point_of_interest
Dey Chavez Salon,Salon de Belleza,General,Encarnación,,"Av. Victor Matiauda, Encarnación 070106, Paraguay",-27.3086791,-55.8746801,0993 314741,http://wa.me/595993314741,5.0,4,True,62,B,beauty_salon|establishment|point_of_interest
Biggie Express San Bernardino Aqua,Otros,General,San Bernardino,,"Ruta San Bernardino - Altos, San Bernardino 031607, Paraguay",-25.2972287,-57.2702685,(021) 729 0300,http://www.biggie.com.py/,4.4,122,True,62,B,establishment|food|grocery_or_supermarket|point_of_interest|store|supermarket
Bethania Micropigmentacion Labial,Salon de Belleza,General,Luque,,"MG4F+WF8, Luque 110209, Paraguay",-25.3427149,-57.4762966,0994 671269,https://www.instagram.com/betaniamicropigmentacion_?igsh=Yzh2eGQ0YXBuaGRh,5.0,1,True,62,B,beauty_salon|establishment|point_of_interest
Lady di peluqueria y barberia,Peluqueria,General,San Bernardino,,"MPV3+98X, San Bernardino 031602, Paraguay",-25.3065216,-57.2966308,,,5.0,2,False,62,B,establishment|hair_care|point_of_interest
AVALON masculino - femenino,Salon de Belleza,General,San Bernardino,,"CAPITAN FELIX ISMAEL FERREIRA, San Bernardino 031604, Paraguay",-25.3356383,-57.2626207,0981 234048,https://instagram.com/avalon_masculino_femenino?igshid=ZDZjYjU5YmM=,5.0,4,True,62,B,beauty_salon|establishment|point_of_interest
SALON JULIO CESSARE,Salon de Belleza,General,Pedro Juan Caballero,,"F735+VRQ, Perpétuo Socorro, Pedro Juan Caballero 130111, Paraguay",-22.5452882,-55.7403982,,,5.0,4,False,62,B,beauty_salon|establishment|point_of_interest
Peluquería Dos Pinos,Peluqueria,General,Presidente Franco,,"Dr.Francia, Pdte. Franco 7700, Paraguay",-25.5617174,-54.6012253,0981 829877,https://instagram.com/berbershop_dos_pinos?utm_medium=copy_link,4.7,3,True,62,B,establishment|hair_care|point_of_interest
Toda Bonita Salon de Belleza,Salon de Belleza,General,Santa Rita,,"6W46+75W, Internacional, Santa Rita 101302, Paraguay",-25.7942732,-55.0895389,,,5.0,1,False,62,B,establishment|hair_care|point_of_interest
Chiky Beauty salón,Peluqueria,General,Minga Guazú,,"G6CW+RFC, Minga Guazú 101103, Paraguay",-25.4779087,-54.7538376,,,5.0,1,False,62,B,establishment|hair_care|point_of_interest
Caprichos de Analia Cáceres,Peluqueria,General,Ciudad del Este,,"Alto Parana Minga guazú, Cd. del Este 101104, Paraguay",-25.4766535,-54.7411744,0975 174520,https://www.instagram.com/caprichos_de_analiacaceres?igsh=cjZkMnJudzQ1dGtk&utm_source=qr,5.0,1,True,62,B,establishment|hair_care|point_of_interest
Salón de Belleza Luli López,Peluqueria,General,J. E. Estigarribia,,"3660, J. E. Estigarribia 3660, Paraguay",-25.3632508,-55.7352115,0982 790118,,3.0,3,False,62,B,establishment|hair_care|point_of_interest
Salón de Belleza Elisa,Peluqueria,General,Doctor Juan Eulogio Estigarribia,,"J7JR+HWJ, Doctor Juan Eulogio Estigarribia 051201, Paraguay",-25.368534,-55.70774950000001,,,5.0,1,False,62,B,establishment|hair_care|point_of_interest
BELLA DONNA STUDIO DE BELLEZA,Salon de Belleza,General,Doctor Juan Eulogio Estigarribia,,"Carlos A. Lopez, Dr Juan Eulogio Estigarribia 051204, Paraguay",-25.3777738,-55.705555,,,5.0,3,False,62,B,beauty_salon|establishment|point_of_interest
Merce Beauty Salón,Salon de Belleza,General,Doctor Juan Eulogio Estigarribia,,"Carlos Antonio López/ c/ San José n° 1729 Dr. Juan E. Estigarribia ex, Dr Juan Eulogio Estigarribia 051204, Paraguay",-25.376987,-55.70542099999999,,,5.0,1,False,62,B,beauty_salon|establishment|point_of_interest
Bellisima Style Salón,Salon de Belleza,General,Doctor Juan Eulogio Estigarribia,,"J7QV+54Q, Doctor Juan Eulogio Estigarribia 051201, Paraguay",-25.3620426,-55.7071336,,,5.0,2,False,62,B,beauty_salon|establishment|point_of_interest
Bei Capelli salón de belleza,Peluqueria,General,Villa Hayes,,"Brasil, Laudo Hayes casi, Villa Hayes 4800, Paraguay",-25.0921488,-57.53020739999999,,,5.0,2,False,62,B,establishment|hair_care|point_of_interest
Ambeautyroomcde,Peluqueria,General,Ciudad del Este,,"Buongermini casi, Cd. del Este 100151, Paraguay",-25.5245592,-54.6197208,,,5.0,2,False,62,B,establishment|hair_care|point_of_interest
Glow IV,Peluqueria,General,Ciudad del Este,,"00, Cd. del Este 100139, Paraguay",-25.5263197,-54.60955569999999,0973 516492,https://www.instagram.com/glowi.v?igsh=MWhsdmdvaTMxNXRudQ==,5.0,2,True,62,B,establishment|hair_care|point_of_interest
Gracie Coiffure,Peluqueria,General,Ciudad del Este,,"10, Cd. del Este 101105, Paraguay",-25.4830507,-54.7302881,0973 585890,https://www.instagram.com/salon_debelleza_gracie?igsh=MWczaXZzZnlrcTBrMw==,5.0,2,True,62,B,establishment|hair_care|point_of_interest
Salón de belleza Evelyn,Salon de Belleza,General,Ciudad del Este,,"H823+VH2, Ciudad del Este 100108, Paraguay",-25.4478244,-54.6969242,,,5.0,2,False,62,B,beauty_salon|establishment|point_of_interest
Princess Beauty,Peluqueria,General,Ciudad del Este,,"6000, Cd. del Este 6000, Paraguay",-25.5125174,-54.6720018,,,5.0,1,False,62,B,establishment|hair_care|point_of_interest
Saru_Studio PMU,Salon de Belleza,General,Villarrica,,"Sobre humaita,media cuadra antes de, Cerro Cora, Villarrica 040109, Paraguay",-25.7768574,-56.4492239,0995 650065,https://instagram.com/saru_studiopy?igshid=NTc4MTIwNjQ2YQ==,5.0,2,True,62,B,beauty_salon|establishment|point_of_interest
Clinife,Otros,General,Villarrica,,"Humaita, Villarrica 5000, Paraguay",-25.779014,-56.4491071,0971 400520,,4.3,4,False,62,B,establishment|health|point_of_interest
SALÓN DE BELLEZA RENOVA. By: Rosana Sanabria,Peluqueria,General,Ciudad del Este,,"7000, Cd. del Este 7000, Paraguay",-25.4732778,-54.6907149,0992 907246,https://www.facebook.com/Fantastickm9/,5.0,2,True,62,B,establishment|hair_care|point_of_interest
Nimia Ferreira Coiffure,Peluqueria,General,Ciudad del Este,,"00000 Avda 1 C/ Yvotyty, Cd. del Este 7000, Paraguay",-25.518551,-54.6813466,,,5.0,3,False,62,B,establishment|hair_care|point_of_interest
Salón de belleza Ruvi,Salon de Belleza,General,Doctor Juan Eulogio Estigarribia,,"J8F3+W9J, Doctor Juan Eulogio Estigarribia 051204, Paraguay",-25.3750154,-55.6966257,,,5.0,3,False,62,B,beauty_salon|establishment|point_of_interest
Ella bella,Peluqueria,General,Villarrica,,"Valois Rivarola casi, Villarrica 040110, Paraguay",-25.7767166,-56.4593883,0984 172708,https://www.instagram.com/salon_ella_bella/profilecard/?igsh=OHdxaWkwM2F0ZXhs,5.0,1,True,62,B,establishment|hair_care|point_of_interest
raina_bymaurenvillega,Peluqueria,General,María Auxiliadora,,"07, María Auxiliadora 072416, Paraguay",-26.5262191,-55.2616078,0975 117967,https://www.instagram.com/raina_bymaurenvillega?igsh=ZHpqMzA2aHB5OTVi,5.0,1,True,62,B,establishment|hair_care|point_of_interest
Beauty Salón ND,Salon de Belleza,General,San Lorenzo,Centro de San Lorenzo,"Av. Defensores del Chaco, San Lorenzo 111422, Paraguay",-25.3431238,-57.50948760000001,0981 893136,https://www.instagram.com/beautysalon_nd?igsh=MWJkajI2dXdjejE0Yg==,5.0,1,True,62,B,beauty_salon|establishment|point_of_interest
Laidy Beauty Salón,Salon de Belleza,General,Itauguá,,"Virgen del Rosario, Itauguá 110605, Paraguay",-25.3840303,-57.3479316,0983 922648,https://www.instagram.com/laidy_beautysalon15?igsh=MXZrcG16eDhjYnZiOQ%3D%3D&utm_source=qr,5.0,2,True,62,B,beauty_salon|establishment|point_of_interest
Vale Studio Color,Peluqueria,General,Itauguá,,"Mariscal José Félix Estigarribia, Itauguá 110607, Paraguay",-25.3969754,-57.33994029999999,0991 228636,https://instagram.com/vale_studiocolor?igshid=bncbd3o0pupk,5.0,2,True,62,B,beauty_salon|establishment|point_of_interest
GG Beauty Salon,Salon de Belleza,General,Ciudad del Este,,"F9RR+V65, Ciudad del Este 100134, Paraguay",-25.5078724,-54.60940429999999,0983 401824,https://www.instagram.com/ggbeautysalon_?igsh=MXIxM2t0emYzZGJjaA==,5.0,2,True,62,B,establishment|hair_care|point_of_interest
Smart Fit - Ciudad del Este,Gimnasio/Fitness,General,Ciudad del Este,,"Ciudad del Este 100153, Paraguay",-25.5161875,-54.6226875,,https://www.smartfit.com.py/gimnasios/ciudad-del-este-1,4.4,151,True,62,B,establishment|gym|health|point_of_interest
Gabriela Salón de Belleza,Peluqueria,General,Paraguarí,,"Avenida Agustín Fernando de Pinedo, Paraguarí 090101, Paraguay",-25.6190003,-57.14674849999999,,,5.0,2,False,62,B,establishment|hair_care|point_of_interest
Maria Coiffure,Peluqueria,General,Caacupé,Barrio Daniel Escurra,"JV4C+H2R, Caacupé 030105, Paraguay",-25.392855,-57.1301633,,,5.0,2,False,62,B,establishment|hair_care|point_of_interest
SofLash,Salon de Belleza,General,Fernando de la Mora,Fernando Zona Norte,"Teniente Ettiene, Fernando de la Mora 110301, Paraguay",-25.3217736,-57.5395218,0971 131948,https://www.instagram.com/_soflash__?igsh=MW9xNHN5eWZ4OTR0aA==,5.0,1,True,62,B,beauty_salon|establishment|point_of_interest
Rosa Jazmín Beauty Center,Salon de Belleza,General,Pilar,,"4MGX+M6W, Pilar 120107, Paraguay",-26.8732631,-58.3027185,0971 947833,https://www.instagram.com/rosajazbeauty_center?igsh=MWk5ZDVqZHJqbG9lMA==,5.0,3,True,62,B,beauty_salon|establishment|point_of_interest
New Look Salon de Belleza Pilar Paraguay,Salon de Belleza,General,Pilar,,"Cerca de, Teniente René Ríos, Pilar 120104, Paraguay",-26.8543536,-58.30800929999999,,,5.0,1,False,62,B,establishment|hair_care|point_of_interest
T&C Beautybar,Salon de Belleza,General,Villarrica,,"Francisco Bilbao 774, 4930000 Villarrica, Araucanía, Chile",-39.2839953,-72.2282745,9 9593 2194,https://www.instagram.com/tyc_beautybar/,5.0,2,True,62,B,beauty_salon|establishment|point_of_interest
"Zamilu salon de belleza, peluquería, peinados",Salon de Belleza,General,Villarrica,,"Rio apa casi, Villarrica 040101, Paraguay",-25.7698118,-56.4645536,0971 465880,https://www.instagram.com/coiffure_zamilu?utm_source=qr&igsh=NTVuY3Rxdmx5aWsw,5.0,1,True,62,B,establishment|hair_care|point_of_interest
Priscela Aranda - Salón de Maquillaje,Maquillaje,General,Presidente Franco,,"C9RV+4J2, Presidente Franco 100222, Paraguay",-25.5597443,-54.6059832,,,4.2,18,False,62,B,beauty_salon|establishment|point_of_interest
M.C Salón de Belleza,Salon de Belleza,General,Presidente Franco,,"km 4 Monday, Pdte. Franco 100211, Paraguay",-25.5525245,-54.6326038,0992 401214,https://www.instagram.com/mc.salon_de_belleza?igsh=MWNjNWx1aGYxbTFrYw%3D%3D&utm_source=qr,5.0,4,True,62,B,beauty_salon|establishment|point_of_interest
M/S salon,Salon de Belleza,General,Villa Hayes,,"WF7F+J4P, Reducción Melodía, Villa Hayes 150405, Paraguay",-25.0859123,-57.5271566,,,5.0,2,False,62,B,establishment|hair_care|point_of_interest
Lulicoiffure,Peluqueria,General,Fernando de la Mora,Fernando Zona Norte,"Marconi Estrago 245, Fernando de la Mora 2300, Paraguay",-25.3236204,-57.5498222,0986 491217,https://instagram.com/katycoiffure_2013?igshid=OGQ5ZDc2ODk2ZA==,5.0,3,True,62,B,establishment|hair_care|point_of_interest
Jessi Studio,Salon de Belleza,General,Fernando de la Mora,Fernando Zona Sur,"11 de Setiembre Y, Fernando de la Mora 110320, Paraguay",-25.3374532,-57.5603763,0985 847017,https://www.instagram.com/jessistudio.py?igsh=bHZwbnBpY28wdmZj&utm_source=qr,5.0,4,True,62,B,beauty_salon|establishment|point_of_interest
360 Juan Prieto,Peluqueria,General,Fernando de la Mora,Fernando Zona Sur,"16 de Julio, Fernando de la Mora 110323, Paraguay",-25.3357146,-57.56231939999999,,https://www.instagram.com/360_juan_prieto?igsh=MWh6OGdtbDhkb3hndA==,5.0,11,True,62,B,establishment|hair_care|point_of_interest
Monchi Barber,Barberia,General,Paraguarí,,"Esquina, 14 de Mayo y, Paraguarí 090101, Paraguay",-25.6172608,-57.14595989999999,,,4.4,7,False,62,B,establishment|hair_care|health|point_of_interest
Camila Salcedo Studio,Salon de Belleza,General,Asunción,,"Sgto Pedro Montes, Asunción 001507, Paraguay",-25.2436565,-57.54784350000001,0991 429473,https://www.instagram.com/camilasalcedostudio?igsh=MWFrOWlvbm85aWYzdQ==&utm_source=qr,5.0,2,True,62,B,beauty_salon|establishment|point_of_interest
Salón de Belleza Kary&Mia,Salon de Belleza,General,Doctor Juan Eulogio Estigarribia,,"J7RQ+WGC Maracana, 051205, Dr Juan Eulogio Estigarribia 051205, Paraguay",-25.357676,-55.7112492,,,5.0,3,False,62,B,beauty_salon|establishment|point_of_interest
Salon de belleza Susi,Salon de Belleza,General,Doctor Juan Eulogio Estigarribia,,"J7CX+GWF, Doctor Juan Eulogio Estigarribia 051204, Paraguay",-25.3786757,-55.7001968,,,5.0,1,False,62,B,beauty_salon|establishment|point_of_interest
Lilith Tattoo,Tatuajes/Piercing,General,Minga Guazú,,"F7X7+MX5, Minga Guazú 101105, Paraguay",-25.5008685,-54.7350285,0985 339285,,4.0,2,False,62,B,establishment|point_of_interest|store
nadia peluqueria,Peluqueria,General,San Lorenzo,,"MF9W+5P7, Av. Dr. Gabriel Pellón, San Lorenzo 111419, Paraguay",-25.3320864,-57.5031978,,,5.0,2,False,62,B,establishment|hair_care|point_of_interest
Nails Make Up by:Nicole,Uñas/Nails,Salon Uñas,San Lorenzo,,"Gonzalez Alsina, San Lorenzo 111453, Paraguay",-25.3551362,-57.49779509999999,0981 818996,,4.0,1,False,62,B,establishment|point_of_interest|spa
PINK NAILS San Lorenzo Py,Uñas/Nails,Salon Uñas,San Lorenzo,,"Las Colinas, San Lorenzo 111417, Paraguay",-25.3347488,-57.4945027,0985 576755,https://fiweex.com/links/pinknails,4.4,127,True,62,B,beauty_salon|establishment|point_of_interest
Studio Carol lorscheitter,Salon de Belleza,General,Ciudad del Este,,"Gral. Bernardino Caballero, Cd. del Este 100151, Paraguay",-25.5167049,-54.6158932,(45) 99811-9533,https://www.instagram.com/p/C9qWKa4ypKf/?igsh=YTYyeXhvaHg3a281,5.0,1,True,62,B,beauty_salon|establishment|point_of_interest
Glavamon,Salon de Belleza,General,Ciudad del Este,,"Ciudad del Este 100156, Paraguay",-25.5366794,-54.6452781,0984 638006,https://instagram.com/glavamon?utm_source=qr&igshid=OGIxMTE0OTdkZA==,5.0,3,True,62,B,beauty_salon|establishment|point_of_interest
Romy Beauty Salon,Salon de Belleza,General,Ciudad del Este,,"29 de Setiembre, Cd. del Este 100151, Paraguay",-25.5204632,-54.6161396,0973 185070,https://instagram.com/romybeautysaloncde?igshid=MmIzYWVlNDQ5Yg==,5.0,3,True,62,B,establishment|hair_care|point_of_interest
Salón Bella Victoria,Salon de Belleza,General,Ciudad del Este,,"Ciudad del Este 100201, Paraguay",-25.5450476,-54.66892319999999,0981 478499,https://www.instagram.com/bella_victoria0219?igsh=dTc0NmxrM2Y0NHRm,5.0,4,True,62,B,beauty_salon|establishment|point_of_interest
Mia Bella Coiffure,Peluqueria,General,Doctor Juan León Mallorquín,,"HP8V+5Q8, Doctor Juan León Mallorquín 100402, Paraguay",-25.4345854,-55.2555341,,,5.0,1,False,62,B,establishment|hair_care|point_of_interest
Salon Siempre bela,Salon de Belleza,General,Hernandarias,,"J922+3J3, Hernandarias 100507, Paraguay",-25.399385,-54.64784100000001,,,4.7,3,False,62,B,beauty_salon|establishment|point_of_interest
JOTA TATTOO ESTUDIO,Tatuajes/Piercing,General,Concepción,,"14 de Mayo, Concepción 010108, Paraguay",-23.4111302,-57.449839,0975 395479,,4.0,4,False,62,B,establishment|point_of_interest|store
CDB AniGM...,Salon de Belleza,General,Coronel Bogado,,"25 de Noviembre &, Trinidad, Cnel. Bogado 070802, Paraguay",-27.1579189,-56.2354812,,,5.0,1,False,62,B,beauty_salon|establishment|point_of_interest
SaniBeautySalon,Salon de Belleza,General,Hernandarias,,"H8PW+FWQ, Hernandarias 100515, Paraguay",-25.412701,-54.65298929999999,,,4.5,4,False,62,B,establishment|hair_care|point_of_interest
Paty Ramirez Belleza Integral,Peluqueria,General,San Lorenzo,Centro de San Lorenzo,"Fortín Arce y, San Lorenzo 111424, Paraguay",-25.3395827,-57.5064048,0994 454014,https://www.instagram.com/patyramirezbi/?hl=es,5.0,3,True,62,B,establishment|hair_care|point_of_interest
NP Nadia Páez Servicios de belleza,Peluqueria,General,San Lorenzo,,"San Lorenzo 111452, Paraguay",-25.3514039,-57.4980712,0985 706342,https://www.facebook.com/nadia.paez.840?mibextid=ZbWKwL,5.0,4,True,62,B,establishment|hair_care|point_of_interest
Peluqueria mery,Peluqueria,General,Hernandarias,,"H993+VX3, Hernandarias 100517, Paraguay",-25.4304835,-54.64476620000001,,,5.0,1,False,62,B,establishment|hair_care|point_of_interest
Faty Salón de Belleza,Peluqueria,General,Minga Guazú,,"Km 14 monday, Minga Guazú 101119, Paraguay",-25.5109533,-54.7412071,,,5.0,1,False,62,B,establishment|hair_care|point_of_interest
CB STUDIO BEAUTY Clarii Bogarin,Salon de Belleza,General,Ciudad del Este,,"Barrio la victoria, Cd. del Este 1234, Paraguay",-25.5300743,-54.64344550000001,0975 557602,https://www.instagram.com/beauty__studio_cb?igsh=MXByZWJiOXRkdDlndA%3D%3D&utm_source=qr,5.0,3,True,62,B,beauty_salon|establishment|point_of_interest
Extensiones Ladysa Awala Py,Salon de Belleza,General,Capiatá,,"JH7R+Q7R, Capiatá 110226, Paraguay",-25.3854839,-57.40921319999999,0981 110829,https://www.instagram.com/extensionesladysaawalapy?igsh=MWIyajR2dDJybTU2Zw==,5.0,2,True,62,B,beauty_salon|establishment|point_of_interest
RC Fitness py,Gimnasio/Fitness,General,Paraguarí,,"9VG2+HG4, Ruta Pirayu - Paraguari, Paraguarí 090102, Paraguay",-25.6236156,-57.1486587,,,4.0,2,False,62,B,establishment|gym|health|point_of_interest
Aldo colman masajista,Otros,General,Carapeguá,,"6PGX+367, Carapeguá 090509, Paraguay",-25.7748357,-57.25196099999999,1163662733,,4.0,1,False,62,B,establishment|point_of_interest
Peluquería Sofi,Peluqueria,General,Concepción,,"Concepción 010108, Paraguay",-23.4121706,-57.4464206,,,5.0,1,False,62,B,establishment|hair_care|point_of_interest
Studio 88 Peluquería Unisex Spa,Peluqueria,Spa,San Lorenzo,Centro de San Lorenzo,"MF5R+9VC, San Lorenzo 111423, Paraguay",-25.3414017,-57.50793129999999,0981 555597,https://www.instagram.com/p/C-QhTJRg19h/?igsh=MXBiMzEwOGJoZDdlNA==,5.0,2,True,62,B,beauty_salon|establishment|hair_care|health|point_of_interest
Fábrica de Rubios PY,Otros,General,Presidente Franco,,"Fulgencio Yegros, Pdte. Franco, 25.561396, -54.607826, Pdte. Franco, 7700, Paraguay",-25.561401,-54.6076493,0975 586961,https://www.instagram.com/fabrica_derubiospy/?hl=es,4.1,16,True,62,B,establishment|point_of_interest
Daihana Verón salón de belleza,Peluqueria,General,Villa Elisa,,"2610, Villa Elisa 110211, Paraguay",-25.3792815,-57.6019239,0986 322536,https://www.instagram.com/dahiveron21?igsh=MWxua2F5MjZydGppNg==,5.0,1,True,62,B,establishment|hair_care|point_of_interest
Arioz Coiffure,Peluqueria,General,Villa Elisa,,"Luis Alberto del Paraná casi, Villa Elisa 111502, Paraguay",-25.3499716,-57.5797647,0971 232101,https://www.instagram.com/ariozcoiffure?igsh=dWl3OTl4cmFndW83,5.0,1,True,62,B,establishment|hair_care|point_of_interest
Salon esplendor,Salon de Belleza,General,Naranjal,,"2RF6+JM5, Naranjal 101401, Paraguay",-25.9759369,-55.1884346,,,5.0,1,False,62,B,bar|establishment|night_club|point_of_interest
Centro Estético Nature,Spa/Wellness,General,Fernando de la Mora,Fernando Zona Norte,"Albert Sabin 633 casi, Fernando de la Mora 110307, Paraguay",-25.3193938,-57.5493907,0981 201108,https://www.facebook.com/NatureSpaPY/,4.3,4,True,62,B,establishment|point_of_interest|spa
Ofeliapeluquería,Peluqueria,General,Mariano Roque Alonso,,"Gral. Bernardino Caballero, Mariano Roque Alonso 111006, Paraguay",-25.2069646,-57.5056404,0981 217374,https://wa.me/message/XDVFU3PYBXDWO1,5.0,2,True,62,B,establishment|hair_care|point_of_interest
Belleza e Imagen.,Peluqueria,General,Mariano Roque Alonso,Caacupe Mi,"RutaTranschaco 5, Mariano Roque Alonso 111012, Paraguay",-25.202971,-57.52494799999999,,,5.0,1,False,62,B,establishment|hair_care|point_of_interest
Color cristi,Peluqueria,General,Caaguazú,,"GXQH+GH9, Av. Silvio Pettirossi, Caaguazú 050208, Paraguay",-25.4612351,-56.0212697,,,5.0,1,False,62,B,beauty_salon|establishment|point_of_interest
Gloss Beauty,Salon de Belleza,General,Minga Guazú,,"G6CM+5PW, Minga Guazú 101101, Paraguay",-25.4795205,-54.7656659,,,5.0,1,False,62,B,beauty_salon|establishment|point_of_interest
Monchi Fariña,Peluqueria,General,Coronel Bogado,,"RQR6+PQ3, Coronel Bogado 070802, Paraguay",-27.1582444,-56.2380747,,,4.5,2,False,62,B,establishment|hair_care|point_of_interest
Betha House,Salon de Belleza,General,Coronel Bogado,,"RQQ8+55F, Fulgencio Yegros, Cnel. Bogado 070802, Paraguay",-27.16207,-56.23457999999999,,,5.0,3,False,62,B,beauty_salon|establishment|point_of_interest
Salón de belleza Mariela punto de TFF MEDÍA,Salon de Belleza,General,Minga Guazú,,"G7C2+VF7, Minga Guazú 101104, Paraguay",-25.4779354,-54.7488869,,,5.0,4,False,62,B,beauty_salon|establishment|point_of_interest
GLAM by Dalva Márlym,Salon de Belleza,General,Villa Hayes,,"Curupayty, Villa Hayes 150403, Paraguay",-25.0920301,-57.53238359999999,,,5.0,1,False,62,B,beauty_salon|establishment|point_of_interest|spa
Mabel Coiffure Unisex,Peluqueria,General,Caaguazú,,"Gral. Eduvigis Diaz, Caaguazú 050208, Paraguay",-25.4613135,-56.0194352,0981 700994,https://www.facebook.com/profile.php?id=100064618544499&mibextid=ZbWKwL,5.0,1,True,62,B,establishment|hair_care|point_of_interest
Koke Peluquería,Peluqueria,General,Caaguazú,,"GXPM+8F5, Caaguazú 050208, Paraguay",-25.4642477,-56.0162617,,http://www.facebook.com/KOKE.Peluqueria.Unisex,4.6,17,True,62,B,establishment|hair_care|point_of_interest
Clínica Medisan,Otros,General,San Lorenzo,,"Marcelina Insfran & Tte Benitez, JFXQ+V24, San Lorenzo 111431, Paraguay",-25.3503704,-57.5124289,(021) 573 063,,4.0,3,False,62,B,establishment|health|point_of_interest
Masajes Asuncion,Spa/Wellness,General,Asunción,,"Santisimo Sacramento casi, Asunción 001519, Paraguay",-25.2549546,-57.5762453,0986 855888,,0.0,0,False,60,B,establishment|point_of_interest
HydroLechu,Otros,General,Rosario,,"Villa del, Teniente Velázquez, Rosario 8180, Paraguay",-24.4196323,-57.11808989999999,,https://www.facebook.com/HydroLechu.com.py,4.8,31,True,60,B,establishment|point_of_interest|store
Yoga Center Laura Villa,Gimnasio/Fitness,Yoga/Pilates,Rosario,,"Av. Rivadavia 2317, S2000JAB Rosario, Santa Fe, Argentina",-32.931905,-60.6520757,0341 15-341-3593,http://www.lauravilla.com.ar/,4.9,42,True,60,B,establishment|gym|health|point_of_interest
Biolaser Medicina Estética,Depilacion,Depilacion Laser,Asunción,,"San Rafael 698 esquina, Ntra. Sra. del Carmen 698, Asunción 001529, Paraguay",-25.2816625,-57.5743704,0983 118888,http://www.biolaser.com.py/,4.9,88,True,60,B,establishment|health|point_of_interest|store
AM Estetica SPA,Spa/Wellness,Spa,Ypané,,"Ypané 111804, Paraguay",-25.4433593,-57.5011413,0984 929374,,0.0,0,False,60,B,beauty_salon|establishment|point_of_interest
Masaje y Tarot Moni,Spa/Wellness,General,San Pedro de Ycuamandyyú,,"020101 San Pablo kokuere, San Pedro de Ycuamandyyú 020101, Paraguay",-24.0852627,-57.07454689999999,0984 262621,,0.0,0,False,60,B,establishment|point_of_interest
Barbería Gustavo Diaz,Barberia,General,Limpio,,"Av. San José, Limpio 110813, Paraguay",-25.1632183,-57.4756239,,,5.0,4,False,60,B,establishment|hair_care|health|point_of_interest
Aura Estética,Spa/Wellness,General,Ypané,,"ex acceso sur, 10 de Agosto casi, Ypané 111813, Paraguay",-25.460086,-57.51357519999999,0986 489535,,0.0,0,False,60,B,establishment|point_of_interest|spa
Fisio Estética DAS,Spa/Wellness,General,Ypané,,"HFGW+4HF Ruta, Ypané 111803, Paraguay",-25.4246857,-57.5035934,0974 141920,,0.0,0,False,60,B,establishment|point_of_interest|spa
Daisy Espinola/Spa,Spa/Wellness,Spa,Julian Augusto Saldívar,,"210, Julian Augusto Saldívar 111806, Paraguay",-25.4379856,-57.4708769,0992 355963,,0.0,0,False,60,B,beauty_salon|establishment|point_of_interest|spa
Katuikutu Tatuajes,Tatuajes/Piercing,General,Ypané,,"GFRR+PG8, Defensores del Chaco, Ypané 111810, Paraguay",-25.446578,-57.51372079999999,0985 348499,https://instagram.com/katuikutu?utm_medium=copy_link,4.9,7,True,60,B,establishment|point_of_interest|store
SNOW STUDIO TATTOO,Tatuajes/Piercing,General,Limpio,,"C. San Isidro, Limpio 2020, Paraguay",-25.1512961,-57.4494225,0984 013226,https://instagram.com/snowtattoopy?igshid=Yzg5MTU1MDY=,5.0,5,True,60,B,establishment|point_of_interest
DEDE MASAJEs,Spa/Wellness,General,Lambaré,,"Paz del Chaco, Lambaré 110708, Paraguay",-25.3395902,-57.6100683,0991 940491,,0.0,0,False,60,B,establishment|point_of_interest|spa
Power Fitness - Villa del Rosario,Gimnasio/Fitness,General,Villa del Rosario,,"Carlos Antonio López, Villa del Rosario 021301, Paraguay",-24.4246018,-57.1223677,0976 470124,,0.0,0,False,60,B,establishment|gym|health|point_of_interest
IPS - Unidad Sanitaria Puerto Rosario,Otros,General,Villa del Rosario,,"HV54+XCM, Villa del Rosario 021302, Paraguay",-24.4400485,-57.1439544,(044) 213 223,,3.4,5,False,60,B,establishment|health|hospital|point_of_interest
Gimnasio Smart Fit - Pedro Juan Caballero,Gimnasio/Fitness,Gimnasio,Pedro Juan Caballero,Vila Militar II,"Shopping Dubai, Ruta V, Pedro Juan Caballero 8500, Paraguay",-22.5605081,-55.7135956,,https://www.smartfit.com.py/gimnasios/pedro-juan-caballero,4.6,55,True,60,B,establishment|gym|health|point_of_interest
Encantadas Nails spa,Spa/Wellness,Spa,Ñemby,,"Bernardino Caballero, Ñemby 111216, Paraguay",-25.395695,-57.5410159,0991 825683,,0.0,0,False,60,B,beauty_salon|establishment|point_of_interest
Beauty_spa_mabel,Spa/Wellness,Spa,Doctor Juan Eulogio Estigarribia,,"123, Dr Juan Eulogio Estigarribia 1233, Paraguay",-25.36688,-55.7136231,0982 910411,,0.0,0,False,60,B,establishment|point_of_interest
GYMBRO,Gimnasio/Fitness,Gimnasio,Doctor Juan Eulogio Estigarribia,,"J8M3+H8X, Las Residentas, Dr Juan Eulogio Estigarribia 051203, Paraguay",-25.3660169,-55.6966299,0983 506998,,0.0,0,False,60,B,establishment|gym|health|point_of_interest
Vitaly refor pilates & yoga,Gimnasio/Fitness,Yoga/Pilates,Doctor Juan Eulogio Estigarribia,,"04, Dr Juan Eulogio Estigarribia 5120, Paraguay",-25.3732849,-55.703043,0987 306008,,0.0,0,False,60,B,establishment|gym|health|point_of_interest
RodWill,Gimnasio/Fitness,General,Areguá,,"MJ46+C6P, Areguá 110124, Paraguay",-25.3402041,-57.3835572,0981 889626,,0.0,0,False,60,B,establishment|gym|health|point_of_interest
MB Nails Studio,Uñas/Nails,Salon Uñas,Ñemby,,"111214, Ñemby 111214, Paraguay",-25.3929969,-57.543929,0971 513445,https://www.instagram.com/milagronailsstudio?igsh=MTBucGNzd3UxdmpnaQ%3D%3D&utm_source=qr,5.0,5,True,60,B,beauty_salon|establishment|point_of_interest
Centro de Estudiantes CSDB Minga Guazú,Gimnasio/Fitness,General,Minga Guazú,,"Minga Guazú 101101, Paraguay",-25.4691144,-54.765868,0973 558866,,0.0,0,False,60,B,establishment|gym|health|point_of_interest
Karen Mussi - Estudio de micropigmentacion - Spa de manos y pies - Extensiones de pestañas,Spa/Wellness,Spa,Mariano Roque Alonso,,"Jazmin 4489 casi, Mariano Roque Alonso 2040, Paraguay",-25.2061375,-57.50748960000001,0974 896581,,0.0,0,False,60,B,establishment|point_of_interest|store
JG Nails Beauty,Uñas/Nails,Salon Uñas,Ñemby,,"La paz 6, Ñemby 111209, Paraguay",-25.3767652,-57.5581103,0985 246783,https://instagram.com/jg.nails_beauty?igshid=MzRlODBiNWFlZA==,5.0,9,True,60,B,beauty_salon|establishment|point_of_interest
VICK NAILS STUDIO,Uñas/Nails,Salon Uñas,Lambaré,,"M97M+XHQ, Paz del Chaco, Lambaré 110708, Paraguay",-25.3342613,-57.6116791,0985 241265,https://www.instagram.com/vick.nails_studio?igsh=OGU1aGZlNnQzcTQy,5.0,6,True,60,B,beauty_salon|establishment|point_of_interest
Encanto de Belleza Make-Up,Otros,General,San Ignacio Guazú,,"4X74+4M3, San Ignacio Guazú 080305, Paraguay",-26.8872472,-57.0433144,0972 998753,https://www.facebook.com/Eligaleanoboga5,4.8,5,True,60,B,establishment|point_of_interest|store
Gym k M Training,Gimnasio/Fitness,Gimnasio,Ypané,Posta Ybycua,"Col. Thompson, Ypané 1938, Paraguay",-25.4245375,-57.50352659999999,0982 205144,,0.0,0,False,60,B,establishment|gym|health|point_of_interest
Silver Barber,Barberia,General,San Ignacio Guazú,,"4X3P+86, San Ignacio Guazú 080302, Paraguay",-26.8967263,-57.0144301,,,5.0,1,False,60,B,establishment|hair_care|health|point_of_interest
MR Nails Spa,Spa/Wellness,Spa,San Ignacio Guazú,,"14 de Mayo &, Av. Estero Bellaco, San Ignacio Guazú 080301, Paraguay",-26.8854307,-57.0165592,0992 671859,,0.0,0,False,60,B,beauty_salon|establishment|point_of_interest
Karen Gómez BeautySpa,Spa/Wellness,Spa,Limpio,,"Roberto Benítez y, Limpio 110816, Paraguay",-25.1714958,-57.47548759999999,0981 294809,,0.0,0,False,60,B,beauty_salon|establishment|point_of_interest
Beat Wellness Studio,Spa/Wellness,General,Villeta,,"Villetana, Villeta 111602, Paraguay",-25.5147294,-57.5591876,0992 197158,,0.0,0,False,60,B,establishment|gym|health|point_of_interest
Be Fit,Gimnasio/Fitness,General,Lambaré,,"Av. Bruno Guggiari 1776, Lambaré 1104, Paraguay",-25.3252685,-57.61720150000001,0985 116176,http://befitpy.com/,4.8,38,True,60,B,establishment|gym|health|point_of_interest
Gimnasio Smart Fit - Lambaré Asunción,Gimnasio/Fitness,Gimnasio,Lambaré,,"Av. Cacique Lambare y, Lambaré 110719, Paraguay",-25.3422381,-57.6073722,,https://www.smartfit.com.py/gimnasios/lambare,4.5,62,True,60,B,establishment|gym|health|point_of_interest
ZonaGym,Gimnasio/Fitness,Gimnasio,Pilar,,"4MQX+CVR, Sgto. Azzarini, Pilar 120106, Paraguay",-26.861396,-58.30034659999999,0971 870034,,0.0,0,False,60,B,establishment|gym|health|point_of_interest
Spa canina Dejando Huellas,Spa/Wellness,Spa,Caacupé,,"cabañas, Caacupé 030123, Paraguay",-25.3627863,-57.18651629999999,0981 554530,,0.0,0,False,60,B,establishment|point_of_interest
Perfect Cosmetics Centro,Estetica/Facial,General,Encarnación,,"entre Cerro Corá y, Encarnación 070117, Paraguay",-27.3348264,-55.8676635,0985 790520,https://wa.me/595985790520,5.0,5,True,60,B,clothing_store|establishment|point_of_interest|store
"DISTRIBUIDORA DON TEO ""Cosméticos Professional Multimarcas""",Otros,General,Encarnación,,"J5V3+MG7 Circuito Comercial de Encarnacion, a una cuadra de la rotonda de la EBY, Prof. Clemetina Irrazabal, Encarnación 070101, Paraguay",-27.3558377,-55.84613969999999,0985 852323,https://altacosmeticos.com/,4.9,68,True,60,B,establishment|point_of_interest|store
Barbershop Brian,Barberia,General,,,"1, 110520, Paraguay",-25.5256358,-57.3415675,,,4.7,3,False,60,B,establishment|hair_care|health|point_of_interest
Nilu_nails,Uñas/Nails,Salon Uñas,Encarnacion,,"M47Q+2CJ, Encarnacion 070118, Paraguay",-27.3375463,-55.8613671,,,4.6,9,False,60,B,beauty_salon|establishment|point_of_interest
Larissa Nails Spa,Spa/Wellness,Spa,Encarnación,,"Independencia Nacional y, Encarnación 070110, Paraguay",-27.3305707,-55.8617506,0985 750177,,0.0,0,False,60,B,beauty_salon|establishment|point_of_interest
JASI SPA MASAJE PY,Spa/Wellness,Spa,Luque,,"Dora Gomez Bueno de Acuña, Luque 110910, Paraguay",-25.2674277,-57.4826205,0994 468578,,0.0,0,False,60,B,establishment|point_of_interest|spa
Claribel Nails Luque,Uñas/Nails,Salon Uñas,Luque,,"Tuyuti 17, entre Pilar y, Luque 110917, Paraguay",-25.2638537,-57.49977060000001,0986 783936,https://www.instagram.com/claribelnailspy?igsh=b2Q2NzViaWttYm9x,4.8,9,True,60,B,beauty_salon|establishment|point_of_interest
Beautiful Body Estética,Spa/Wellness,General,Minga,,"Valle Hermoso, Minga 7420, Paraguay",-25.4801541,-54.7991446,0993 256487,,0.0,0,False,60,B,establishment|point_of_interest|spa
Barber shop Cazal,Barberia,Barberia Moderna,Doctor Juan Eulogio Estigarribia,,"J7VC+H98, Doctor Juan Eulogio Estigarribia 051205, Paraguay",-25.3560995,-55.7290333,,,4.5,2,False,60,B,establishment|hair_care|health|point_of_interest
Ange barber,Barberia,General,Areguá,,"MH5V+9RM, C. Bicentenario, Areguá 110122, Paraguay",-25.341428,-57.40479199999999,0983 696762,https://www.instagram.com/ange_444a?igsh=MWM1Z2U3ZnlrMm90ZQ==,5.0,4,True,60,B,establishment|hair_care|health|point_of_interest
MonBalbuena.MakeupStudio,Maquillaje,General,Areguá,,"Teodoro Labrano 502, Areguá 110101, Paraguay",-25.316977,-57.3814069,,,5.0,7,False,60,B,beauty_salon|establishment|point_of_interest
Clínica Clivaccine,Otros,General,Pedro Juan Caballero,Vila Militar II,"Naciones unidas, C. Carlos Antonio López 2179, Pedro Juan Caballero 0113, Paraguay",-22.5485654,-55.7277932,0993 447400,https://www.atom.bio/clivaccine?fbclid=IwAR2pBQztEAMGz9uUS5ZPFLSVJdpXALZ3USS9NF2n1oAYsLYa_fl7320QjQk,5.0,64,True,60,B,doctor|establishment|health|hospital|point_of_interest
Andrea kegler Salón de belleza y spa,Spa/Wellness,Spa,Areguá,,"Ruta Areguá-Capiatá, Areguá 2000, Paraguay",-25.33203,-57.4036815,0985 832649,,0.0,0,False,60,B,beauty_salon|establishment|point_of_interest
Dresh and Rocan studio,Otros,General,Pedro Juan Caballero,Vila Militar II,"Perpétuo Socorro 157, Pedro Juan Caballero 130112, Paraguay",-22.5409854,-55.731808,0976 827010,https://m.facebook.com/dreshandrocantattoo/,4.8,8,True,60,B,establishment|point_of_interest
Chori barber mg,Barberia,General,Minga Guazú,,"Km 16, Minga Guazú 101102, Paraguay",-25.4876936,-54.7662841,,,5.0,1,False,60,B,establishment|hair_care|health|point_of_interest
Boutique Yenilu y Luján Aguilera Nails,Uñas/Nails,Salon Uñas,Atyrá,,"Ruta Atyra, Atyrá 030407, Paraguay",-25.3161426,-57.1905034,0994 693827,https://www.instagram.com/p/CnHVCnEOrDf/?igshid=YWJhMjlhZTc=,5.0,5,True,60,B,clothing_store|establishment|point_of_interest|store
Clínica Acacia Dorada,Otros,General,Pedro Juan Caballero,Vila Militar II,"Bernardino Caballero entre Teniente Herrero y N Talavera Pedro Juan Caballero, Pedro Juan Caballero 8500, Paraguay",-22.5468116,-55.7307548,0986 122986,http://www.facebook.com/acaciapjc,5.0,7,True,60,B,establishment|health|hospital|point_of_interest
Aquarela Joyas & accesorios,Otros,General,Doctor Juan Eulogio Estigarribia,,"Las Residentas, Dr Juan Eulogio Estigarribia 051204, Paraguay",-25.3776563,-55.6978218,0975 492285,https://www.facebook.com/aquarelaacc/,4.6,5,True,60,B,establishment|jewelry_store|point_of_interest|store
CyntiaCoronelnails,Uñas/Nails,Salon Uñas,Minga Guazú,,"Km 20, Minga Guazú 101115, Paraguay",-25.4783631,-54.7937874,,,4.7,7,False,60,B,beauty_salon|establishment|point_of_interest
Salud Y Belleza Spa,Spa/Wellness,Spa,Doctor Juan Eulogio Estigarribia,,"J7GV+W2C, Unnamed Road, Dr Juan Eulogio Estigarribia 051201, Paraguay",-25.3726754,-55.70748159999999,0991 453327,,0.0,0,False,60,B,establishment|point_of_interest|spa
Noe Estética Integral,Spa/Wellness,General,Ñemby,,"Santa Rosa 394 c, Ñemby 2540, Paraguay",-25.3991317,-57.5487058,0991 501252,,0.0,0,False,60,B,establishment|point_of_interest|spa
Loto energy spa,Spa/Wellness,Spa,Ñemby,,"10 de Agosto, Ñemby 111213, Paraguay",-25.3993207,-57.54865749999999,0985 161781,,2.0,1,False,60,B,establishment|point_of_interest
Varón Spa ✨,Spa/Wellness,Spa,Encarnacion,,"M595+56, Encarnacion 070301, Paraguay",-27.332003,-55.841977,0985 227581,,0.0,0,False,60,B,establishment|point_of_interest|spa
Honey Spa,Spa/Wellness,Spa,Encarnación,,"6000, Encarnación 070119, Paraguay",-27.3455037,-55.8583535,0986 232238,,0.0,0,False,60,B,establishment|point_of_interest|spa
Rivals Barbershop,Barberia,General,Luque,,"PGG7+4CH, Luque 110931, Paraguay",-25.274681,-57.4863866,0971 226015,https://www.instagram.com/rivals_barbershop?igsh=dm8wM3M0MjZ6OGl0&utm_source=qr,5.0,2,True,60,B,establishment|hair_care|point_of_interest
A TU GUSTO makeup,Maquillaje,General,Asunción,,"Sargento Silva 817 1840, Asunción 001405, Paraguay",-25.2992706,-57.55363860000001,0984 111107,https://instagram.com/atugusto_py?igshid=kbxez5qnc3xg,5.0,5,True,60,B,establishment|point_of_interest|store
Spacio Vital Ayolas,Spa/Wellness,Spa,Ayolas,,"J59H+G2C, Ayolas 080203, Paraguay",-27.3811866,-56.8224797,0972 452056,,0.0,0,False,60,B,beauty_salon|establishment|point_of_interest
Sanjo Padel,Otros,General,Ayolas,,"H4WQ+G2, Ayolas 080204, Paraguay",-27.40363,-56.8624933,,,4.8,6,False,60,B,establishment|point_of_interest
LIFE STYLE FITNESS CENTER,Gimnasio/Fitness,Gimnasio,Limpio,,"RGJH+F2J, Limpio 110816, Paraguay",-25.1687625,-57.4725971,,https://www.instagram.com/lifestylegym_py?igsh=ajdzYWtkaDZlZWRq,5.0,6,True,60,B,establishment|gym|health|point_of_interest
FIT360 Gym,Gimnasio/Fitness,Gimnasio,Pilar,,"4MVV+C5X, Pilar 120105, Paraguay",-26.8564347,-58.30719299999999,0985 384179,,0.0,0,False,60,B,establishment|gym|health|point_of_interest
"Cancha Coe'ju, Ayolas Misiones",Otros,General,Ayolas,,"J46Q+2FC, Ayolas 080204, Paraguay",-27.3899499,-56.86134819999999,,,3.3,24,False,60,B,establishment|point_of_interest
Tranquility Spa,Spa/Wellness,Spa,Asunción,,"Av. Eusebio Ayala 2279, Asunción 001230, Paraguay",-25.306883,-57.6007853,0981 494027,https://linktr.ee/tranquipy,4.5,45,True,60,B,beauty_salon|establishment|hair_care|point_of_interest|spa
Frida'Spa,Spa/Wellness,Spa,Ayolas,,"1518, Ayolas 4830, Paraguay",-27.3863996,-56.8479878,0984 848135,,0.0,0,False,60,B,establishment|point_of_interest|spa
Cindy nails spa de manos y pies (TFF MEDIA),Spa/Wellness,Spa,Ayolas,,"J563+HCP, Ayolas 080202, Paraguay",-27.3885338,-56.8464089,0984 302416,,0.0,0,False,60,B,beauty_salon|establishment|point_of_interest
TAJOS Barberos (CIT),Barberia,General,Asunción,,"Tte. 2do. Benigno Cáceres, Asunción 001403, Paraguay",-25.2876977,-57.543803,0984 909422,http://wa.me/595984909422,4.7,3,True,60,B,establishment|hair_care|health|point_of_interest
Clínica Raquel Zanchettin | Centro Estético,Otros,General,Santa Rita,,"Indio guaraní, Santa Rita 101304, Paraguay",-25.8019695,-55.0839363,0982 423522,https://www.instagram.com/clinicaraquelzanchettin,5.0,6,True,60,B,establishment|health|point_of_interest
Spacio Mujer,Spa/Wellness,Spa,San Ignacio Guazú,,"4X7H+G9X, Av. Félix Bogado, San Ignacio Guazú 080303, Paraguay",-26.8861313,-57.0216316,0973 826640,,0.0,0,False,60,B,establishment|point_of_interest|spa
Nair Soares Fisioterapeuta,Gimnasio/Fitness,General,Santa Rita,,"6W33+355, Santa Rita 101301, Paraguay",-25.7973636,-55.0970301,0985 511979,,0.0,0,False,60,B,establishment|gym|health|point_of_interest
BARBER KING_ PY,Barberia,General,Doctor Juan Eulogio Estigarribia,,"San José, Dr Juan Eulogio Estigarribia 051204, Paraguay",-25.3766941,-55.69116829999999,,,5.0,1,False,60,B,establishment|hair_care|health|point_of_interest
barbería Báez,Barberia,General,Minga Guazú,,"G725+CHG, Minga Guazú 101106, Paraguay",-25.4989384,-54.74103580000001,,,5.0,1,False,60,B,establishment|hair_care|health|point_of_interest
HeraSpa,Spa/Wellness,Spa,Capiatá,,"MH32+M8P, Curupayty, Capiatá 110207, Paraguay",-25.3457665,-57.4492981,0991 292481,,0.0,0,False,60,B,establishment|point_of_interest|spa
Georgina Nails Spa,Spa/Wellness,Spa,Capiatá,,"Georgina Nails Spa calle San Alfredo esquina, Itapua 102, Capiatá 110216, Paraguay",-25.3648625,-57.4582791,0981 902214,,0.0,0,False,60,B,establishment|point_of_interest|spa
Memo Barber Shop,Barberia,Barberia Moderna,Minga Guazú,,"G67M+M2W, Minga Guazú 101102, Paraguay",-25.485767,-54.76743399999999,,,5.0,2,False,60,B,establishment|hair_care|health|point_of_interest
Barber Shop BRACHO,Barberia,Barberia Moderna,Areguá,,"MJQ5+J5H, Areguá 110103, Paraguay",-25.311131,-57.3914003,,,5.0,3,False,60,B,establishment|hair_care|health|point_of_interest
Terra Pilates Studio,Gimnasio/Fitness,Yoga/Pilates,Mariano R Alonso,Caacupe Mi,"Mariano Roque Alonso, Mariano R Alonso 111010, Paraguay",-25.2157778,-57.5316433,0982 015267,,0.0,0,False,60,B,establishment|gym|health|point_of_interest
Amanecerbabyspa,Spa/Wellness,Spa,Minga Guazú,,"G69P+95W, Carlos Antonio López, Minga Guazú 101102, Paraguay",-25.4815174,-54.76453890000001,0973 256182,,0.0,0,False,60,B,establishment|point_of_interest|spa
DGYM-AREGUÁ,Gimnasio/Fitness,Gimnasio,Areguá,,"Cerca de, 110104, Areguá 110104, Paraguay",-25.3132151,-57.40847309999999,0982 452097,,0.0,0,False,60,B,establishment|gym|health|point_of_interest
Praxis Estudio de Pilates Sucursal 1,Gimnasio/Fitness,Yoga/Pilates,Capiatá,Posta Ybycua,"JG2M+HP2, Capiatá 110254, Paraguay",-25.3985284,-57.4657816,0992 336964,,0.0,0,False,60,B,establishment|gym|health|point_of_interest
Serenity Urbano,Spa/Wellness,General,Pilar,,"4MVV+F22, Pilar 120105, Paraguay",-26.8564834,-58.3077161,0975 751482,,0.0,0,False,60,B,establishment|point_of_interest|spa
Salón de belleza Zull,Otros,General,San Ignacio Guazú,,"Av. Estero Bellaco 883, San Ignacio Guazú 080303, Paraguay",-26.8836032,-57.0212234,,,4.6,7,False,60,B,clothing_store|establishment|point_of_interest|store
Consiencia mística,Gimnasio/Fitness,General,Santa Rosa,,"Pdte. Franco 749, Santa Rosa 080703, Paraguay",-26.8885332,-56.8496791,0974 476367,,0.0,0,False,60,B,establishment|gym|health|point_of_interest
Barberia la buena vibra,Barberia,General,Ayolas,,"J43Q+H9C, Unnamed Road, Ayolas 080204, Paraguay",-27.396068,-56.8616195,0991 362517,https://www.facebook.com/barberialabuenavibra,5.0,1,True,60,B,establishment|hair_care|point_of_interest
Radiance Spa 🧖‍♀️,Spa/Wellness,Spa,Lambaré,,"M92J+JFJ, Lambaré 110722, Paraguay",-25.348415,-57.61892049999999,0971 376489,,0.0,0,False,60,B,beauty_salon|establishment|point_of_interest
MG makeup,Maquillaje,General,Lambare,,"Manuel Domínguez 410 casi Río verde Lambaré, Lambare 2420, Paraguay",-25.344774,-57.60159900000001,0982 707338,https://monigaray.com/,4.6,63,True,60,B,beauty_salon|establishment|point_of_interest
Exen Gym - Luque,Gimnasio/Fitness,Gimnasio,Luque,,"Comandante Peralta, Luque 110918, Paraguay",-25.2646333,-57.49412519999999,0971 224640,https://exen.com.py/,4.8,46,True,60,B,establishment|gym|health|point_of_interest
Premier Fitness Club Luque,Gimnasio/Fitness,General,Luque,,"PGJ7+9G2, Cerro Cora, Luque 110930, Paraguay",-25.2691181,-57.4862201,0971 658668,http://www.premier.com.py/,4.7,28,True,60,B,establishment|gym|health|point_of_interest
Studio de maquillaje - Nahely Petters,Maquillaje,General,Cerrito,,"2C6W+F67, Cerrito 150201, Paraguay",-24.9884482,-57.554779,,,5.0,5,False,60,B,establishment|point_of_interest
Nbarete gym,Gimnasio/Fitness,Gimnasio,Itauguá,,"HMV9+MPM, Av. Japón, Itauguá 110609, Paraguay",-25.4057903,-57.33070879999999,0971 861243,,0.0,0,False,60,B,establishment|gym|health|point_of_interest
Casa de luisinho barber,Barberia,General,Asunción,,"HMX4+RVW, Av. Japón, Asunción 110607, Paraguay",-25.4003917,-57.3428,,,5.0,1,False,60,B,establishment|hair_care|health|point_of_interest
Spa piel Soñada,Spa/Wellness,Spa,Encarnación,,"45, Encarnación 070117, Paraguay",-27.3403245,-55.8656356,0981 409543,,0.0,0,False,60,B,beauty_salon|establishment|hair_care|point_of_interest
Nuevo Espacio,Spa/Wellness,Spa,Encarnación,,"0000, Encarnación 6000, Paraguay",-27.3287307,-55.860706,0982 104903,,0.0,0,False,60,B,establishment|point_of_interest|spa
Ipanema Spa y Bronce,Spa/Wellness,Spa,Coronel Oviedo,San Miguel,"Ita Ybate y, Cnel. Oviedo 050107, Paraguay",-25.443286,-56.4353943,0994 557179,,0.0,0,False,60,B,establishment|point_of_interest|spa
Centro Estético El Salón,Spa/Wellness,General,Coronel Oviedo,Barrio 12 De Junio,"HH27+JVG, Coronel Oviedo 050106, Paraguay",-25.4484335,-56.4352944,0975 311402,,0.0,0,False,60,B,establishment|point_of_interest|spa
ROMI SOSA NAILS,Uñas/Nails,Salon Uñas,Itá,,"FJRR+4F8, Itá 110505, Paraguay",-25.509708,-57.3587887,0983 570842,https://www.instagram.com/p/Bzlcb3XgJ-k/?igshid=1fu8yu55o7bna,5.0,6,True,60,B,beauty_salon|establishment|point_of_interest
Mi Bella Flor spa,Spa/Wellness,Spa,Encarnación,,"Cdad. Nueva, Encarnación 070119, Paraguay",-27.3501177,-55.849965,0985 139988,,0.0,0,False,60,B,establishment|hair_care|point_of_interest
Espaço Nirodha,Spa/Wellness,Spa,,Centro,"R. Mal. Floriano, 2402 - Centro, Ponta Porã - MS, 79904-586, Brazil",-22.5353919,-55.7320527,(67) 99291-1962,,0.0,0,False,60,B,establishment|gym|health|point_of_interest
Evercardozo321,Gimnasio/Fitness,General,Coronel Bogado,,"PY01, Cnel. Bogado 7811, Paraguay",-27.1560268,-56.24077819999999,0991 243402,,0.0,0,False,60,B,establishment|gym|health|point_of_interest
Gabibogadomk,Otros,General,San Antonio,,"15 de Agosto, San Antonio 111304, Paraguay",-25.4140942,-57.56546409999999,0986 566969,https://www.instagram.com/gabibogadomk?igsh=MXNqOWhyeW0waXo5OQ==,5.0,9,True,60,B,establishment|point_of_interest
Mariela Nails Spa y Desing,Spa/Wellness,Spa,Hernandarias,,"Pedro Juan Caballero c/ Iturbe Hernandarias, Hernandarias 7220, Paraguay",-25.4069674,-54.6424734,0984 820786,,0.0,0,False,60,B,beauty_salon|establishment|point_of_interest
Laujo,Spa/Wellness,General,Hernandarias,,"2060, Hernandarias 7220, Paraguay",-25.4030803,-54.64062819999999,0973 560487,,0.0,0,False,60,B,establishment|point_of_interest|spa
YvyÑandeSy,Gimnasio/Fitness,General,Mariano Roque Alonso,,"Israel casi, Mariano Roque Alonso 111019, Paraguay",-25.2202564,-57.52780079999999,0981 483444,,0.0,0,False,60,B,establishment|gym|health|point_of_interest
Gravity Tranning,Otros,General,Mariano Roque Alonso,Caacupe Mi,"QFQ6+PX2, Mariano Roque Alonso 111010, Paraguay",-25.2107367,-57.5376111,,,5.0,9,False,60,B,establishment|point_of_interest
Liz Fabiana SPA & ODONTOLOGIA,Spa/Wellness,Spa,Villarrica,,"Humaita, &, Villarrica 040109, Paraguay",-25.7783354,-56.4492317,0981 797856,http://www.lizfabianaspa.com/,4.5,37,True,60,B,establishment|health|point_of_interest|spa
Super Treino Funcional Gym,Gimnasio/Fitness,Gimnasio,Pedro Juan Caballero,Vila Militar II,"Natalício Talavera, Pedro Juan Caballero 3381, Paraguay",-22.5545544,-55.7253711,0975 590541,,0.0,0,False,60,B,establishment|gym|health|point_of_interest
Charles Barber Shop,Barberia,Barberia Moderna,Mariano Roque Alonso,Caacupe Mi,"QCJW+HGF, Anastacio Quintana, Mariano Roque Alonso 111016, Paraguay",-25.2185529,-57.55371479999999,,,5.0,1,False,60,B,establishment|point_of_interest
Black Spa Minga Guazú,Spa/Wellness,Spa,Minga Guazú,,"G67W+7V6 Paduva Eventos, Minga Guazú 101103, Paraguay",-25.4874629,-54.7527173,0974 526300,,0.0,0,False,60,B,establishment|point_of_interest|spa
"Clínica Franco FERNANDO DE LA MORA, CENTRAL",Otros,General,Fernando de la Mora,Fernando Zona Sur,"15 de Mayo, Fernando de la Mora 110308, Paraguay",-25.321051,-57.5593474,0982 222192,https://www.facebook.com/DraRosadeFranco?mibextid=ZbWKwL,5.0,5,True,60,B,doctor|establishment|health|point_of_interest
Dra. Juliane Pelloso,Otros,General,,Centro,"R. Gen. Osório, 334 - Centro, Ponta Porã - MS, 79904-664, Brazil",-22.5372372,-55.7233076,(67) 99325-6584,https://api.whatsapp.com/send?phone=5567993256584&text=Clique+e+deixe+seu+recado!,5.0,64,True,60,B,establishment|point_of_interest|store
Ana León Makeup Studio,Maquillaje,General,Mariano Roque Alonso,Caacupe Mi,"Del Carmen 2040, Mariano Roque Alonso 111010, Paraguay",-25.2167459,-57.5314007,,,4.6,9,False,60,B,beauty_salon|establishment|point_of_interest
Km 16 acaray,Otros,General,Minga Guasu,,"G6QV+R8H, Km 16, Minga Guasu 101118, Paraguay",-25.4604367,-54.7566409,,,5.0,5,False,60,B,establishment|point_of_interest
Sophia Beauty Salón y Spa,Spa/Wellness,Spa,Ciudad del Este,,"C. km 9 Lado Acaray, Cd. del Este 5000, Paraguay",-25.4789296,-54.68892779999999,0975 172264,,0.0,0,False,60,B,establishment|hair_care|point_of_interest
BEAUTY TIME Peinado & Maquillaje,Maquillaje,General,Presidente Franco,,"Gral. Bernardino Caballero, Pdte. Franco 100218, Paraguay",-25.5543962,-54.6070421,0985 800771,https://m.facebook.com/profile.php?id=411852692687358&ref=content_filter,4.7,6,True,60,B,establishment|hair_care|point_of_interest
Barber Shop Colombia,Barberia,Barberia Moderna,Limpio,,"RGH6+JCV, Manuel Gondra, Limpio 110815, Paraguay",-25.1708784,-57.4889574,,,5.0,1,False,60,B,establishment|point_of_interest
Barbería Duvan,Barberia,General,Limpio,,"Fulgencio Yegros, Limpio 110816, Paraguay",-25.1710915,-57.47977770000001,0991 891106,https://sites.google.com/view/duvanbarbershop/p%C3%A1gina-principal,4.5,15,True,60,B,establishment|hair_care|point_of_interest
BARBERIA *A.R*,Barberia,General,Limpio,,"RG6H+7X5, Limpio 110824, Paraguay",-25.18892,-57.469848,,,5.0,1,False,60,B,establishment|hair_care|health|point_of_interest
Centro Pilates Enc,Gimnasio/Fitness,Yoga/Pilates,Encarnación,,"Independencia Nacional casi, Encarnación 070118, Paraguay",-27.3365087,-55.8612324,0992 328976,,0.0,0,False,60,B,establishment|gym|health|point_of_interest
Spacio Pilates,Spa/Wellness,Spa,Encarnación,,"M48V+X33, Waldino Lovera, Encarnación 070109, Paraguay",-27.3326198,-55.85733889999999,0984 800059,,0.0,0,False,60,B,establishment|gym|health|point_of_interest
VM Spa,Spa/Wellness,Spa,Pilar,,"Saavedra, Pilar 120104, Paraguay",-26.8566836,-58.3033626,0985 136325,,0.0,0,False,60,B,establishment|point_of_interest|spa
Master barber,Barberia,General,Paraguarí,,"9VH3+GGR, Paraguarí 090101, Paraguay",-25.6207617,-57.1464783,,,5.0,2,False,60,B,establishment|hair_care|point_of_interest
Shears Barber Shop,Barberia,Barberia Moderna,Paraguarí,,"9RGX+JPC, PY01, Paraguarí 090102, Paraguay",-25.6234363,-57.15073719999999,,,5.0,1,False,60,B,establishment|hair_care|health|point_of_interest
Ricky Barber Shop,Barberia,Barberia Moderna,Paraguarí,,"9RHX+37J, PY01, Paraguarí 090102, Paraguay",-25.6222811,-57.1518562,,,5.0,1,False,60,B,establishment|point_of_interest
Guada estudio de cejas,Pestañas/Cejas,General,Luque,,"Cnel. Oviedo, Luque 110933, Paraguay",-25.2698198,-57.4993024,0971 528250,https://linktr.ee/guadaestudiodecejas,5.0,54,True,60,B,establishment|point_of_interest
GALEN COSMETICOS,Estetica/Facial,Perfumeria,Luque,,"PGJ6+P2W, Luque 110930, Paraguay",-25.268074,-57.4898655,,,4.9,7,False,60,B,establishment|point_of_interest|store
Nova Performance Gym,Gimnasio/Fitness,Gimnasio,Puerto Iguazú,,"Perito Moreno 268, N3370 Puerto Iguazú, Misiones, Argentina",-25.5971635,-54.578599,03757 54-1662,,0.0,0,False,60,B,establishment|gym|health|point_of_interest
Estudio 939. Pilates,Gimnasio/Fitness,Yoga/Pilates,Asunción,,"Alfredo Seiferheld 4896, Asunción 1421, Paraguay",-25.3053483,-57.58931450000001,0986 347933,,0.0,0,False,60,B,establishment|gym|health|point_of_interest
BONITA SHOP-ITAUGUÁ,Otros,General,Itauguá,,"Cabo Gilberto Fernández esquina, Itauguá 110604, Paraguay",-25.3925014,-57.3528171,0994 215874,https://bonitashop.com.py/,4.6,72,True,60,B,establishment|point_of_interest|store
M B T piercing,Tatuajes/Piercing,Piercing Studio,Ytaygua,,"Lapacho 6, Ytaygua 110605, Paraguay",-25.3870354,-57.35084029999999,,,4.9,8,False,60,B,establishment|point_of_interest|store
Monkey Barber Supply,Barberia,General,Ciudad del Este,,"Avenida Monseñor Rodriguez, Esquina com Dr. Luiz Maria Argaña Shopping box 1º piso, Ciudad del Este 7000, Paraguay",-25.5099621,-54.60691629999999,0975 340790,https://www.facebook.com/monkeybarbersupply/shop,4.5,2,True,60,B,establishment|hair_care|health|point_of_interest
Joseph Coiffure Carmelitas,Spa/Wellness,General,Asunción,,"Av. España 1480, Asunción 001411, Paraguay",-25.2863659,-57.5735593,0981 452622,https://www.joseph.com.py/,4.5,28,True,60,B,establishment|hair_care|point_of_interest
Fantastico py,Spa/Wellness,General,Pilar,,"Ayolas, Pilar 0107, Paraguay",-26.8642805,-58.2989804,0986 125998,,0.0,0,False,60,B,establishment|point_of_interest|spa
Grego Spa,Spa/Wellness,Spa,Atyrá,,"PRCG+7F7, Mcal. Francisco San López, Atyrá 030401, Paraguay",-25.2793473,-57.1738387,0982 208443,,0.0,0,False,60,B,establishment|point_of_interest
Makeup studio Salve Regina,Maquillaje,General,Mariano Roque Alonso,,"Gral. Bernardino Caballero, Mariano Roque Alonso 111007, Paraguay",-25.2142137,-57.51568930000001,0992 402777,https://wa.me/message/LE6RUXOTT7FML1,5.0,5,True,60,B,beauty_salon|establishment|point_of_interest
Maria Isabel tu espacio de belleza,Spa/Wellness,Spa,Hernandarias,,"5485, Hernandarias 100513, Paraguay",-25.4018054,-54.6505145,0973 840104,,0.0,0,False,60,B,establishment|hair_care|point_of_interest
PAOLA NAILS,Uñas/Nails,Salon Uñas,Pedro Juan Caballero,,"Avenida Fernando de la Mora &, F723+CXR, 14 de Mayo, Pedro Juan Caballero 130109, Paraguay",-22.5488819,-55.745103,,,4.5,8,False,60,B,beauty_salon|establishment|point_of_interest
ARTESANÍA EN CUERO JC,Otros,General,Atyrá,,"Av Atyra, Atyrá 030401, Paraguay",-25.2792098,-57.1752305,,https://www.facebook.com/artesaniaencuerojc/,4.9,49,True,60,B,establishment|point_of_interest|shopping_mall
Lovely Cosmeticos,Estetica/Facial,Perfumeria,Hernandarias,,"J953+6P4, Hernandarias 100507, Paraguay",-25.3939635,-54.646839,,,5.0,5,False,60,B,beauty_salon|establishment|point_of_interest
Microclinic,Otros,General,Hernandarias,,"Haití 425 E, Guyana Y, Hernandarias 100510, Paraguay",-25.4071602,-54.6252814,0981 454015,http://www.instagram.com/microclinicpy,5.0,7,True,60,B,establishment|point_of_interest|store
Arnaldo Amarilla Tattoos,Tatuajes/Piercing,General,Villarrica,,"Mompox, Villarrica 040113, Paraguay",-25.7897806,-56.453777,0986 744776,https://www.facebook.com/share/1ZATSxAeTd/,5.0,5,True,60,B,establishment|point_of_interest
Dahia pilates,Gimnasio/Fitness,Yoga/Pilates,Coronel,,"Mal. Estigarribia, Coronel 6920, Paraguay",-27.1546386,-56.2393553,0975 291345,,0.0,0,False,60,B,establishment|gym|health|point_of_interest
Barberia,Barberia,General,Villarrica,,"6HJ6+6CP, Olimpo, Villarrica 040104, Paraguay",-25.7694246,-56.4389333,,,5.0,1,False,60,B,establishment|hair_care|point_of_interest
Milena Estética spa,Spa/Wellness,Spa,Villarrica,,"Gregorio Benitez, Villarrica 041401, Paraguay",-25.7753683,-56.444827,0992 556339,,0.0,0,False,60,B,establishment|hair_care|point_of_interest
ALPHA BARBER,Barberia,General,Villarrica,,"6HG6+322, Dr. Blas Garay, Villarrica 040104, Paraguay",-25.7748571,-56.4399786,,,5.0,4,False,60,B,establishment|hair_care|health|point_of_interest
Santi Barber Shop,Barberia,Barberia Moderna,Villarrica,,"Bv. Bicentenario 8, Villarrica 040104, Paraguay",-25.7746208,-56.4398424,,,5.0,1,False,60,B,establishment|hair_care|health|point_of_interest
NR. BARBER,Barberia,General,Pilar,,"14 de Mayo &, Antequera, Pilar 120104, Paraguay",-26.8580187,-58.29902649999999,,,5.0,3,False,60,B,establishment|hair_care|health|point_of_interest
Cool Siluet Universe (Nazareth),Spa/Wellness,General,Asunción,,"Dr. Osvaldo Chavez 1763, Asunción 001422, Paraguay",-25.3125601,-57.5933545,0984 396990,,0.0,0,False,60,B,establishment|point_of_interest|spa
Fabián Barber Shop. Pilar,Barberia,Barberia Moderna,Carmen del Paraná,,"4MRX+898, Tacuary, Carmen del Paraná 120104, Paraguay",-26.8592128,-58.3015504,,,5.0,1,False,60,B,establishment|hair_care|health|point_of_interest
Mara Masajes,Spa/Wellness,General,Paraguarí,,"Iturbe, Paraguarí 4000, Paraguay",-25.6205194,-57.15925559999999,0971 244695,,0.0,0,False,60,B,establishment|point_of_interest
Tattoo Addict - Body Piercing Py,Tatuajes/Piercing,Piercing Studio,Asunción,,"Av. La Victoria esq, Asunción 001426, Paraguay",-25.3292731,-57.5855541,,https://instagram.com/tattooaddictbody?utm_medium=copy_link,4.6,21,True,60,B,establishment|point_of_interest
MK GYM,Gimnasio/Fitness,Gimnasio,Asunción,,"Camino Quimbaya, Av. Dr. Guido Boggiani, Asunción 001416, Paraguay",-25.2982921,-57.57566070000001,(021) 614 872,http://www.mk.com.py/,4.7,26,True,60,B,establishment|gym|health|point_of_interest
Bar de Cejas,Pestañas/Cejas,General,282,,"Julio Correa, 282 1429, Paraguay",-25.2731131,-57.56570980000001,(021) 728 8000,http://www.bardecejas.com/,4.7,85,True,60,B,beauty_salon|establishment|point_of_interest
Marco De La Piel,Otros,General,Ciudad del Este,,"Ciudad del Este 100153, Paraguay",-25.5106806,-54.6348516,0982 935830,http://www.marcodelapiel.com/,4.6,84,True,60,B,establishment|point_of_interest|store
Guapas cosmeticos,Estetica/Facial,Perfumeria,Itauguá,,"JM32+FHH, Tte Esteban Martínez, Itauguá 110610, Paraguay",-25.3963095,-57.3485181,,,5.0,7,False,60,B,establishment|point_of_interest|store
Alba & Rossi Spa,Spa/Wellness,Spa,Itauguá,,"Virgen del Rosario 2740, Itauguá 110605, Paraguay",-25.3920749,-57.3501236,0985 987719,,0.0,0,False,60,B,beauty_salon|establishment|health|point_of_interest|spa
Masajes Varua,Spa/Wellness,General,Ytaygua,,"Avenida Unión Guaraní 123, Ytaygua 110612, Paraguay",-25.3837858,-57.3744611,0982 101994,,0.0,0,False,60,B,establishment|point_of_interest
Vida fitness,Gimnasio/Fitness,General,Presidente Franco,,"Rua 12 de junho 408, Pdte. Franco 100214, Paraguay",-25.5497871,-54.62659679999999,0994 923709,,0.0,0,False,60,B,establishment|gym|health|point_of_interest
M&M GUAPAS FITNESS,Gimnasio/Fitness,General,Presidente Franco,,"Av Monday, Pdte. Franco 100222, Paraguay",-25.5620548,-54.6086165,0973 575613,,0.0,0,False,60,B,establishment|gym|health|point_of_interest
Team Alacrán,Gimnasio/Fitness,General,Limpio,,"Centro Santa Lucia, Limpio 110814, Paraguay",-25.1680227,-57.4876455,0986 637292,,0.0,0,False,60,B,establishment|gym|health|point_of_interest
AG Sthetic Center,Uñas/Nails,General,Asunción,,"Arquitecto Miguel Angel Alfaro 227, Asunción 001521, Paraguay",-25.266187,-57.565192,0971 111636,https://www.instagram.com/ag.stheticcenter/,5.0,7,True,60,B,establishment|point_of_interest|store
PlastiClinica Spa,Spa/Wellness,Spa,Asunción,,"Cruz Del Chaco 1122, Asunción 001414, Paraguay",-25.3026371,-57.58410719999999,,http://www.plasticlinica.com.py/,4.7,61,True,60,B,beauty_salon|establishment|point_of_interest|spa
Global Esthetics,Otros,General,Asunción,,"Ri 3 Corrales, Asunción 001416, Paraguay",-25.3000439,-57.57104469999999,(021) 610 945,https://www.instagram.com/globalesthetics_py/,4.8,8,True,60,B,establishment|health|point_of_interest
Bali Barber,Barberia,General,Mariano Roque Alonso,Caacupe Mi,"Nanawa Gondra Mariano Roque Alonso, Mariano Roque Alonso 0000, Paraguay",-25.2090862,-57.53351900000001,0993 546586,https://instagram.com/_balibarber?igshid=YmMyMTA2M2Y=,5.0,2,True,60,B,establishment|hair_care|health|point_of_interest
Bettania Cabrera Nails,Uñas/Nails,Salon Uñas,Mariano Roque Alonso,,"Constitucion casi Medalla Milagrosa Bo. Palermo Mariano Roque Alonso, Mariano Roque Alonso 2040, Paraguay",-25.1984226,-57.52362249999999,0983 705427,https://instagram.com/bettaniacabreranails?utm_medium=copy_link,5.0,8,True,60,B,beauty_salon|establishment|point_of_interest
Fritz Barber,Barberia,General,Encarnación,,"Villarrica 58, Encarnación 070116, Paraguay",-27.3308347,-55.8719841,0972 742501,https://www.instagram.com/fritzbarber_/?hl=es,5.0,3,True,60,B,establishment|hair_care|health|point_of_interest
Barber Vip,Barberia,General,Piribebuy,,"GXR2+PM3, Piribebuy 031401, Paraguay",-25.4575351,-57.0488343,0972 606302,https://www.instagram.com/_barber__vip_?igsh=MXJ4NG13cG14ZmQ2MA==,5.0,1,True,60,B,establishment|hair_care|health|point_of_interest
Lis Vulczak | Harmonização Facial em Foz do Iguaçu,Estetica/Facial,General,,Campos Do Iguaçu,"Av. República Argentina, 2567 - Sala 4 - Jardim Tarobá, Foz do Iguaçu - PR, 85852-090, Brazil",-25.5345392,-54.56662439999999,(45) 98818-8830,https://lissaudeestetica.com.br/,5.0,77,True,60,B,establishment|health|hospital|point_of_interest|spa|store
Fitness Life Funcional Gym,Gimnasio/Fitness,Gimnasio,Limpio,,"Avenida San José, Limpio 110801, Paraguay",-25.1012028,-57.4909668,0983 273370,,0.0,0,False,60,B,establishment|gym|health|point_of_interest
MoonFlower Nails Studio,Spa/Wellness,Salon Uñas,Hohenau,,"Doctor José Gaspar Rodríguez de Francia, Hohenau 071402, Paraguay",-27.0691157,-55.63452419999999,0985 237962,,0.0,0,False,60,B,beauty_salon|establishment|hair_care|point_of_interest
Jimmy's GYM,Gimnasio/Fitness,Gimnasio,Hernandarias,,"Barrio las americas, Panamá, Hernandarias 7220, Paraguay",-25.4066826,-54.626359,0974 500163,,0.0,0,False,60,B,establishment|gym|health|point_of_interest
Bruno BarberShop-Hernandarias-PY,Barberia,General,Hernandarias,,"J88X+4F5, General Fulgencio Yegros, Hernandarias 100503, Paraguay",-25.38474,-54.6512686,,,5.0,2,False,60,B,establishment|hair_care|health|point_of_interest
FranStyle Barber Shop,Barberia,Barberia Moderna,Hernandarias,,"Av. Ka'a 7220, Hernandarias 100501, Paraguay",-25.3772328,-54.648696,0982 507290,https://www.facebook.com/FranStylepy-101785581935610,5.0,4,True,60,B,establishment|hair_care|health|point_of_interest
Bella Cosméticos,Otros,General,San Lorenzo,Centro de San Lorenzo,"Julia Miranda Cueto &, MF3Q+XQX, Julia M. Cueto, San Lorenzo 111422, Paraguay",-25.3450219,-57.51052000000001,0981 072488,,3.4,5,False,60,B,establishment|point_of_interest|store
Golden Nails,Uñas/Nails,Salon Uñas,Villarrica,,"6G8Q+62C, Sauce, Villarrica 040111, Paraguay",-25.7844439,-56.4624762,,,5.0,5,False,60,B,beauty_salon|establishment|point_of_interest
Diván Beauty spa,Spa/Wellness,Spa,Presidente Franco,,"F999+RC9, Av. Choferes del Chaco, Pdte. Franco 100153, Paraguay",-25.5304503,-54.63139719999999,0972 930622,,0.0,0,False,60,B,establishment|point_of_interest|spa
Prime gym,Gimnasio/Fitness,Gimnasio,Santa Rita,,"6V5X+MMF, 14 de Mayo, Santa Rita 101302, Paraguay",-25.7908098,-55.1008424,0985 183817,,0.0,0,False,60,B,establishment|gym|health|point_of_interest
Leti Diaz Nails,Uñas/Nails,Salon Uñas,Presidente Franco,,"Oddone Sarubbi, Presidente Franco 100218, Paraguay",-25.5521654,-54.6059998,0981 250953,https://www.facebook.com/profile.php?id=100057504165696,5.0,6,True,60,B,beauty_salon|establishment|point_of_interest
Holly Cross Barber Shop,Barberia,Barberia Moderna,Villarrica,,"Pte. Franco, Villarrica 040109, Paraguay",-25.7814718,-56.45001509999999,0994 969644,https://www.instagram.com/holycross_barbershop?igsh=ZXV0ZDM0MDNhN2hz,5.0,2,True,60,B,establishment|hair_care|health|point_of_interest
Estetica Spa AS,Spa/Wellness,Spa,Obligado,,"Juan O'Leary entre, W9W8+HW9, Cerro Corá, Obligado 071702, Paraguay",-27.0536439,-55.6326153,0984 321009,,0.0,0,False,60,B,establishment|hair_care|point_of_interest
Toni S Barbero - Estilista,Barberia,General,Hohenau,,"W9G5+FH2 071402, Eligio Ayala, Hohenau 071402, Paraguay",-27.0738125,-55.6410625,0985 122984,https://www.instagram.com/toni_servin_benitez1/?hl=es,5.0,2,True,60,B,establishment|hair_care|health|point_of_interest
Jotinha-Barber,Barberia,General,Presidente Franco,,"C9QM+QX9, Presidente Franco 100219, Paraguay",-25.5605709,-54.6150354,,,5.0,1,False,60,B,establishment|hair_care|health|point_of_interest
Hanae Body Art,Tatuajes/Piercing,General,Kapi'atã,,"Adan Ramírez, Kapi'atã 110240, Paraguay",-25.3754844,-57.4711005,0973 788520,https://www.instagram.com/hanae_bodyart?igsh=MWxkeWM2MmJiZmJ3Mg==,5.0,6,True,60,B,establishment|point_of_interest|store
Aura spa,Spa/Wellness,Spa,Altos,,"PQQ2+G6H, Ruta Altos - Loma Grande, Altos 030202, Paraguay",-25.2612714,-57.249441,0972 242688,,0.0,0,False,60,B,beauty_salon|establishment|point_of_interest
Bio Masajes Oriental,Spa/Wellness,General,Presidente Franco,,"Ciudad del este, Pdte. Franco 100221, Paraguay",-25.569605,-54.61365379999999,0982 209966,,0.0,0,False,60,B,establishment|point_of_interest|spa
Bellalma Baby Spa,Spa/Wellness,Spa,Presidente Franco,,"https://maps.app.goo.gl/96cXgWx9a2asx2Tu8?g_st=ic, Pdte. Franco 100214, Paraguay",-25.5563618,-54.6279602,0975 883988,,0.0,0,False,60,B,establishment|point_of_interest|spa
CONSULTORIO DE SPA Y FISIOTERAPIA,Spa/Wellness,Spa,Presidente Franco,,"C9PM+H3Q, Av Monday, Pdte. Franco 100220, Paraguay",-25.5635308,-54.6172559,0994 496492,,0.0,0,False,60,B,establishment|health|physiotherapist|point_of_interest
CARLOS BARBER,Barberia,General,Coronel Oviedo,Barrio Gral Caballero,"HG2W+XWH, Coronel Oviedo 050117, Paraguay",-25.4475301,-56.4526188,0991 329038,https://www.instagram.com/carlos_davalos_08?igsh=MTFmN3Y4eWV0dmx5Yw==&utm_source=qr,5.0,1,True,60,B,establishment|hair_care|health|point_of_interest
Braavos Barber Shop,Barberia,Barberia Moderna,Luque,,"Santander casi, Luque 110934, Paraguay",-25.2703638,-57.5089539,0961 673600,https://www.instagram.com/braavos_barbershop?igsh=MXFqNmFsNnc5Ym50YQ==,5.0,1,True,60,B,establishment|hair_care|health|point_of_interest
Italo cosméticos Luque,Otros,General,Luque,,"Cap. Andres Insfran, Luque 110943, Paraguay",-25.2955664,-57.5025108,0983 438870,https://www.instagram.com/italocosmeticos_luque?igsh=MWxreHp4cHk0dWM3bw==,5.0,6,True,60,B,establishment|point_of_interest|store
Tito barbershop. Estilista,Barberia,General,Itaugua,,"JM59+4XV, Itaugua 110607, Paraguay",-25.3921467,-57.3300716,,,5.0,4,False,60,B,beauty_salon|establishment|point_of_interest
May Ovelar Nails,Uñas/Nails,Salon Uñas,Itauguá,,"Unnamed Road, Itauguá 110607, Paraguay",-25.395632,-57.326218,0984 670603,https://instagram.com/maydeovelar_nails?igshid=OGQ5ZDc2ODk2ZA==,4.8,9,True,60,B,beauty_salon|establishment|point_of_interest
Letyy Uñas y peinados,Uñas/Nails,Salon Uñas,Ciudad del Este,,"Carolina-Las Mercedes-Mburukuja, Cd. del Este 7000, Paraguay",-25.4872117,-54.6556388,,,4.7,9,False,60,B,beauty_salon|establishment|point_of_interest
LEIRBAG GIMNASIA FUNCIONAL Y HAPKIDO,Gimnasio/Fitness,General,San Bernardino,,"PP29+J77, San Bernardino 031602, Paraguay",-25.2984518,-57.2817819,0986 331737,,0.0,0,False,60,B,establishment|gym|health|point_of_interest
DB tattoo,Tatuajes/Piercing,General,Coronel,Barrio Capitan Roa,"Las Mercedes, Coronel 3300, Paraguay",-25.4378739,-56.4387683,0971 486037,https://instagram.com/diegobs_tattoo?igshid=ZDdkNTZiNTM=,5.0,5,True,60,B,establishment|point_of_interest|store
ELEGANT BARBER💈,Barberia,General,Itaugua,,"Itaugua 110607, Paraguay",-25.3947969,-57.33939760000001,,,5.0,1,False,60,B,establishment|hair_care|health|point_of_interest
El Vikingo Peluqueria Masculina Y Barberia,Peluqueria,General,Itauguá,,"JJ5V+487, Tte Esteban Martínez, Itauguá 110611, Paraguay",-25.3922201,-57.3567183,,,3.8,5,False,60,B,establishment|point_of_interest
Betos barber,Barberia,General,Itauguá,,"JJ4W+33R, Teniente Adolfo Martínez, Itauguá 110611, Paraguay",-25.3947621,-57.3547263,,,5.0,3,False,60,B,establishment|hair_care|health|point_of_interest
JCbarber_py,Barberia,General,Calle,,"9RHX+H58, Calle 090103, Paraguay",-25.6210881,-57.1520373,,,5.0,1,False,60,B,establishment|hair_care|health|point_of_interest
Silueta Spa,Spa/Wellness,Spa,Pedro Juan Caballero,,"130106, Pedro Juan Caballero 130106, Paraguay",-22.5393849,-55.7411609,0973 655459,,0.0,0,False,60,B,establishment|point_of_interest|spa
Life spa,Spa/Wellness,Spa,Pedro Juan Caballero,Vila Militar II,"Cerro León, Pedro Juan Caballero 130112, Paraguay",-22.54497,-55.7338815,0986 878772,,0.0,0,False,60,B,establishment|point_of_interest|spa
SPA SOLEIL,Spa/Wellness,Spa,Pedro Juan Caballero,,"General Bruguez, Pedro Juan Caballero 130104, Paraguay",-22.5378139,-55.739338,0983 714026,,0.0,0,False,60,B,establishment|health|point_of_interest|spa
Studio de Belleza Paola Nuñez,Spa/Wellness,General,Pedro Juan Caballero,,"Elias Gil Viana, Pedro Juan Caballero 130101, Paraguay",-22.5289847,-55.7484074,0975 248835,,0.0,0,False,60,B,establishment|point_of_interest|spa
Evolution RS Pilates,Gimnasio/Fitness,Yoga/Pilates,Luque,,"PG98+43J, Miguel Escobar, Luque 110927, Paraguay",-25.2821653,-57.4848471,0983 094313,,0.0,0,False,60,B,establishment|gym|health|point_of_interest
Dynamos Pilates Terapéutico,Gimnasio/Fitness,Yoga/Pilates,Luque,,"Sauce, Emiliano R. Fernández 1956 esquina, Luque 2060, Paraguay",-25.2669394,-57.51213089999999,0994 388844,,0.0,0,False,60,B,establishment|gym|health|point_of_interest
Barber Shop BR,Barberia,Barberia Moderna,Presidente Franco,,"C9MV+GR2 Pdte. Franco Cuidad, Pdte. Franco 1002, Paraguay",-25.566241,-54.6054363,0993 266969,https://instagram.com/barberia_br277?igshid=MzRlODBiNWFlZA==,5.0,4,True,60,B,establishment|hair_care|health|point_of_interest
Eche Barber Club,Barberia,General,Pedro Juan Caballero,,"Cerro León 266, Pedro Juan Caballero 130104, Paraguay",-22.5318735,-55.7417096,,,5.0,4,False,60,B,establishment|hair_care|health|point_of_interest
Fernando Barber,Barberia,General,Pedro Juan Caballero,,"Naciones Unidas, Pedro Juan Caballero 130116, Paraguay",-22.5607137,-55.7478308,,,5.0,1,False,60,B,establishment|hair_care|health|point_of_interest
Miri Yoga - Estudio de yoga,Gimnasio/Fitness,Yoga/Pilates,Luque,,"Cruz del Defensor, Luque 110917, Paraguay",-25.260958,-57.5115298,0983 190100,,0.0,0,False,60,B,establishment|gym|health|point_of_interest
gym progress,Gimnasio/Fitness,Gimnasio,Luque,,"PGV7+25W, Luque 110920, Paraguay",-25.257376,-57.4870352,0985 815832,,0.0,0,False,60,B,establishment|gym|health|point_of_interest
Millenium Gym,Gimnasio/Fitness,Gimnasio,Hernandarias,,"Estacion De Servicio Copetrol, Hernandarias 100506, Paraguay",-25.388615,-54.6418155,0975 815395,,0.0,0,False,60,B,establishment|gym|health|point_of_interest
Terrazas Terapias,Spa/Wellness,General,Hernandarias,,"Calle Epifanio Mendes Fleitas, Manzana 1, lote 11, sala 1, Hernandarias 7220, Paraguay",-25.4069674,-54.6424734,0984 299701,,0.0,0,False,60,B,establishment|point_of_interest|spa
Wilis Walas Barber Shop,Barberia,Barberia Moderna,Caazapá,Barrio San Antonio,"Teniente Herreros 710, Caazapá 060101, Paraguay",-26.1913375,-56.365604,0983 367842,https://www.facebook.com/profile.php?id=61577864123199,5.0,2,True,60,B,establishment|hair_care|point_of_interest
CARVCA,Gimnasio/Fitness,General,Villarrica,,"RUIZ, Villarrica 040109, Paraguay",-25.7797935,-56.4498468,0994 522258,,0.0,0,False,60,B,establishment|gym|health|point_of_interest
Gimnasio de Artes Marciales GAM,Gimnasio/Fitness,Gimnasio,Villa Hayes,,"WF29+M2F, Wilfrido Insaurralde, Villa Hayes 150403, Paraguay",-25.098318,-57.53246559999999,0971 166345,,0.0,0,False,60,B,establishment|gym|health|point_of_interest
TEAM BARNY Training,Gimnasio/Fitness,General,Villa Hayes,,"A A, Villa Hayes 150404, Paraguay",-25.0967041,-57.520016,0983 785162,,0.0,0,False,60,B,establishment|gym|health|point_of_interest
SEDA COSMÉTICA,Otros,General,Capiatá,,"JHW4+GW6, Capiatá 110218, Paraguay",-25.3536407,-57.44281189999999,,,3.1,20,False,60,B,establishment|point_of_interest
ARCEBARBERSHOP..,Barberia,General,Concepción,Barrio Villa Oliva,"JH3C+JQC, Concepción 010103, Paraguay",-23.3958524,-57.42808549999999,,,5.0,1,False,60,B,establishment|hair_care|health|point_of_interest
El Rafa Barber,Barberia,General,Concepción,Barrio Inmaculada,"JH23+C8C, Concepción 010101, Paraguay",-23.3989457,-57.44673799999999,,,5.0,1,False,60,B,establishment|hair_care|health|point_of_interest
Dr. Alexis Gallagher,Otros,General,Asunción,,"Sta. Rosa 944, Asunción 001535, Paraguay",-25.2825504,-57.59024,0994 400230,http://www.cirujanoplastico.com.py/,4.9,54,True,60,B,doctor|establishment|health|point_of_interest
Clínica Maely Sales,Otros,General,Asunción,,"Camilo Recalde 595 Esquina, Asunción 001416, Paraguay",-25.3019008,-57.57637820000001,0991 719767,https://www.instagram.com/clinicamaelysales?igsh=cng4czltc3hiYjJr,5.0,9,True,60,B,establishment|health|point_of_interest
Sanie Beauty Spa,Spa/Wellness,Spa,Ciudad del Est,,"Barrio Boquerón Ciudad del Este, Ciudad del Est 100151, Paraguay",-25.5238531,-54.6227001,0973 404892,https://wa.link/8awoau,5.0,25,True,60,B,beauty_salon|establishment|hair_care|health|point_of_interest|spa
ViverClin estúdio,Gimnasio/Fitness,General,Santa Rosa del Monday,,"12 de Octubre, Santa Rosa del Monday 101501, Paraguay",-25.8116907,-54.9088261,0982 301835,,0.0,0,False,60,B,establishment|gym|health|point_of_interest
Zona Fit Concepción,Gimnasio/Fitness,General,Concepción,,"Profesor Cabral, Concepción 010109, Paraguay",-23.4058044,-57.4387486,0993 336041,,0.0,0,False,60,B,establishment|gym|health|point_of_interest
Fithouse Concepción,Gimnasio/Fitness,General,Concepción,,"Fulgencio Yegros 466, Concepción 010107, Paraguay",-23.4051075,-57.4427051,0982 123114,,0.0,0,False,60,B,establishment|gym|health|point_of_interest
Praxis Estudio de Pilates,Gimnasio/Fitness,Yoga/Pilates,Paraguarí,,"PY01, Paraguarí 090102, Paraguay",-25.624043,-57.15007319999999,0992 336964,,0.0,0,False,60,B,establishment|gym|health|point_of_interest
La Casa del Boxeo,Gimnasio/Fitness,CrossFit,Paraguarí,,"Gral morinigo esq, Paraguarí 090103, Paraguay",-25.6184065,-57.1519431,0983 162481,,0.0,0,False,60,B,establishment|gym|health|point_of_interest
Fátima Vázquez Makeup,Maquillaje,General,Capiatá,,"Capiatá 110238, Paraguay",-25.3701364,-57.46611689999999,0985 474377,https://www.instagram.com/fatimavazquez_studio?igsh=NG8zd25hOGZvMWZn,5.0,6,True,60,B,beauty_salon|establishment|point_of_interest
Adriana Flecha Beauty Salón,Spa/Wellness,General,Ciudad del Este,,"7070, Cd. del Este 7070, Paraguay",-25.5339585,-54.6174561,0973 117120,,0.0,0,False,60,B,establishment|point_of_interest|spa
Lori Dalla Esteticista,Otros,General,,Centro,"Rua: Belarmino de Mendonça, 380 - Centro, Foz do Iguaçu - PR, 85851-100, Brazil",-25.548476,-54.5858729,(45) 99903-4174,https://www.instagram.com/esteticafoz/,5.0,7,True,60,B,establishment|point_of_interest
Rejuvenescer Estética Avançada e Odontologia,Otros,General,,Maracanã,"R. Rui Barbosa, 2126 - Maracanã, Foz do Iguaçu - PR, 85852-120, Brazil",-25.5388937,-54.57192509999999,(45) 98407-0668,https://espacorejuvenescer.com/,5.0,59,True,60,B,establishment|health|point_of_interest
BIGG Century,Gimnasio/Fitness,General,Lambaré,,"century plaza Lambare, Av. Cacique Lambare 2033, Lambaré 2420, Paraguay",-25.3430369,-57.61342879999999,0974 495000,http://www.bigg.fit/century,4.8,31,True,60,B,establishment|gym|health|point_of_interest
CUMANA Wellness Club,Spa/Wellness,General,Asunción,,"Av. España 2287, Asunción 1207, Paraguay",-25.2870044,-57.59551620000001,0984 309937,https://cumana.co/,5.0,27,True,60,B,establishment|gym|health|point_of_interest
The Art of Living Foundation,Gimnasio/Fitness,General,Asunción,,"Av. Madame Lynch 902 c, Asunción 0000, Paraguay",-25.2769458,-57.5460946,0972 858670,https://www.elartedevivirpy.org/,4.6,21,True,60,B,establishment|gym|health|point_of_interest
Serv_barbershop,Barberia,General,Concepción,Barrio Villa Oliva,"JH4F+8HH, Concepción 010104, Paraguay",-23.3941969,-57.4260306,,,5.0,1,False,60,B,establishment|hair_care|health|point_of_interest
RG Nails Spa de Uñas,Spa/Wellness,Spa,Coronel Oviedo,,"HH35+5VH, PY08, Cnel. Oviedo 050107, Paraguay",-25.4470584,-56.4402645,0984 968637,,0.0,0,False,60,B,beauty_salon|establishment|point_of_interest
Quinta Monte Verde,Spa/Wellness,General,Piribebuy,,"Compañía tape guazú, Piribebuy 031408, Paraguay",-25.465456,-56.9590192,0986 562086,,0.0,0,False,60,B,establishment|point_of_interest|spa
Hernán Barber,Barberia,General,San Bernardino,,"Pirayu-I, San Bernardino 031608, Paraguay",-25.3276159,-57.2511677,0972 987332,https://wa.me/+595972987332,4.7,3,True,60,B,establishment|hair_care|health|point_of_interest
Carolina Zárate Spa Boutique,Spa/Wellness,Spa,San Bernardino,,"The Weiler, Casona de Villa Elisa, San Bernardino 031602, Paraguay",-25.3082914,-57.30227000000001,0971 789200,,0.0,0,False,60,B,establishment|point_of_interest|spa
Epic Importados,Otros,General,Ciudad del Este,,"Shopping Uniamerica, Regimiento Piribebuy, Cd. del Este 100136, Paraguay",-25.5101285,-54.60920369999999,0983 433470,https://epicimportados.com/,5.0,84,True,60,B,clothing_store|establishment|point_of_interest|store
Inspire Pilates & Fisioterapia,Gimnasio/Fitness,Yoga/Pilates,Naranjal,,"2RG9+QXF, Av. Naranjal, Naranjal 101401, Paraguay",-25.973053,-55.180093,0984 203740,,0.0,0,False,60,B,establishment|health|physiotherapist|point_of_interest
$oukut Barber Shop,Barberia,Barberia Moderna,Coronel Oviedo,,"HHPJ+GPH, 050126, Cnel. Oviedo 050126, Paraguay",-25.4136919,-56.41813570000001,0994 233561,https://www.instagram.com/soukut_barber_shop?igsh=bmkwcXM3NHI3aDZs,5.0,1,True,60,B,establishment|hair_care|health|point_of_interest
Noe Gym,Gimnasio/Fitness,Gimnasio,Yaguarón,,"Noe gym, Yaguarón 4620, Paraguay",-25.5656977,-57.2874121,0993 346996,,0.0,0,False,60,B,establishment|gym|health|point_of_interest
Sparta Gym,Spa/Wellness,Spa,Chololo Guasu,,"+595, Chololo Guasu 031416, Paraguay",-25.5677586,-57.08920029999999,0972 915735,,0.0,0,False,60,B,establishment|gym|health|point_of_interest
Lizpa Esmalteria Nails,Uñas/Nails,Salon Uñas,Concepción,,"HHW7+4JQ, Dr. Rodriguez De Francia, Concepción 010109, Paraguay",-23.4046649,-57.4358866,,,5.0,6,False,60,B,establishment|point_of_interest|spa
Inhala Pilates Studio - Las Lomas,Gimnasio/Fitness,Yoga/Pilates,Asunción,,"Río Tebicuary 2061 casi, Asunción 001528, Paraguay",-25.2709665,-57.5751778,0971 974141,,0.0,0,False,60,B,establishment|gym|health|point_of_interest
Estética Avanzada Carmen Araujo,Otros,General,Puerto Iguazú,,"Av. República Argentina 186 2° piso, N3370 Puerto Iguazú, Misiones, Argentina",-25.6039039,-54.5750786,03757 33-3303,https://ca.agendapro.com/ar/workflow?local=12789,4.9,55,True,60,B,establishment|point_of_interest|store
The Boss Gym CDE,Gimnasio/Fitness,Gimnasio,Ciudad del Este,,"7000 Ciudad del este, Cd. del Este 7000, Paraguay",-25.5074041,-54.6126753,0973 642965,,0.0,0,False,60,B,establishment|gym|health|point_of_interest
Tania Sánchez Nails spa,Spa/Wellness,Spa,Concepción,,"13 tuyuti, Concepción 010105, Paraguay",-23.4003624,-57.43315349999999,0984 663091,,0.0,0,False,60,B,establishment|point_of_interest|spa
sabianbarber,Barberia,General,Hohenau,,"Hermanos Scholler, Hohenau 071403, Paraguay",-27.0949138,-55.6579899,,,5.0,1,False,60,B,establishment|hair_care|health|point_of_interest
SM CLUB DE CUIDADO,Spa/Wellness,General,Villa Elisa,,"Oceanía, Villa Elisa 111508, Paraguay",-25.3572716,-57.5777491,,https://www.instagram.com/sm_cuidadointegral?igsh=OXZlZnF4eHBycjAx&utm_source=qr,4.8,6,True,60,B,establishment|point_of_interest|spa
Masajes relajantes,Spa/Wellness,General,Capiatá,,"JH3Q+7WX, Capiatá 110226, Paraguay",-25.3967723,-57.4101263,0982 935498,,0.0,0,False,60,B,establishment|point_of_interest
Premier Fitness Club CAPIATÁ,Gimnasio/Fitness,General,Capiatá,Posta Ybycua,"JG5J+C6Q, Capiatá 110245, Paraguay",-25.3916454,-57.46929000000001,0986 675999,http://www.premier.com.py/,4.7,27,True,60,B,establishment|gym|health|point_of_interest
PIEL&CO - Depilación Láser piets Definitiva y más,Spa/Wellness,General,San Lorenzo,,"JFXV+69R, De Las Residentas, San Lorenzo 111451, Paraguay",-25.3518964,-57.5065998,0991 437159,,0.0,0,False,60,B,establishment|point_of_interest|spa
GyalBeauty,Otros,General,Villarrica,,"Gral. Korner 478, local 12, 4890000 Villarrica, Araucanía, Chile",-39.2831009,-72.2245813,9 4547 1244,https://www.instagram.com/gyal.beauty?igsh=NHR5YzJyb3JmcGo1,5.0,7,True,60,B,establishment|point_of_interest
Parduspy_crosstraining,Spa/Wellness,General,Villarrica,,"Av. Espana, Villarrica 040111, Paraguay",-25.7832382,-56.4609124,0984 970998,,0.0,0,False,60,B,establishment|gym|health|point_of_interest
EUGENIA DELVALLE MAKEUP ARTISTIC,Maquillaje,General,Caaguazú,,"3600 3600 CAAGUAZU, Caaguazú 3600, Paraguay",-25.4712063,-56.0433257,0972 576354,https://www.facebook.com/byEugeniaDelvalle/,4.8,9,True,60,B,beauty_salon|establishment|point_of_interest
Mv Nails Spa de Uñas,Spa/Wellness,Spa,Villa Elisa,,"C. 1811, Villa Elisa 111511, Paraguay",-25.3796407,-57.57950460000001,0981 583831,,0.0,0,False,60,B,establishment|point_of_interest|store
Mental Studio tatuajes & piercings,Tatuajes/Piercing,Piercing Studio,San Lorenzo,,"Teniente Benitez, San Lorenzo 111435, Paraguay",-25.3513878,-57.5478746,,,5.0,8,False,60,B,establishment|point_of_interest
J&G Gym,Gimnasio/Fitness,Gimnasio,Mariano Roque Alonso,Caacupe Mi,"Av Paseo de Fatima, Mariano Roque Alonso 111014, Paraguay",-25.2132052,-57.55631899999999,0982 789411,,0.0,0,False,60,B,establishment|gym|health|point_of_interest
Fisio - spa Lic. Sandra,Spa/Wellness,Spa,Villa Hayes,,"RCXW+M83, Villa Hayes 150415, Paraguay",-25.1508641,-57.5542149,0986 345655,,0.0,0,False,60,B,establishment|health|physiotherapist|point_of_interest
Golden Spa 2,Spa/Wellness,Spa,Caaguazú,,"Villa Industrial, Caaguazú 050204, Paraguay",-25.4560903,-56.0089392,0976 524142,,0.0,0,False,60,B,establishment|point_of_interest|spa
La Chuchi Spa de Uñas,Spa/Wellness,Spa,Santa Rita,,"Barrio San Pauli Santa Rita, Santa Rita 7540, Paraguay",-25.7933196,-55.0883809,0992 793934,,0.0,0,False,60,B,beauty_salon|establishment|point_of_interest
Tú Propio Espacio,Spa/Wellness,Spa,Presidente Franco,,"Santa Inés, Pdte. Franco 7000, Paraguay",-25.5497871,-54.62659679999999,0984 111040,,0.0,0,False,60,B,establishment|point_of_interest|spa
POWER GYM,Gimnasio/Fitness,Gimnasio,Mariano Roque Alonso,,"Paseo de Fátima, Mariano Roque Alonso 111003, Paraguay",-25.1903811,-57.5390443,0974 978876,https://www.powergym.com.py/,4.6,30,True,60,B,establishment|gym|health|point_of_interest
Fernando Barber,Barberia,General,Altos,,"PPQX+9P5, Baron Coopens, Altos 030201, Paraguay",-25.2616248,-57.2506522,,,5.0,1,False,60,B,establishment|hair_care|health|point_of_interest
CRISTH BARBER STUDIO,Barberia,General,Santa Rita,,"Av. Sta. Rita, Santa Rita 7433, Paraguay",-25.8021682,-55.0910419,0982 339727,https://www.instagram.com/cristh_studio_?igsh=MW14NHVyNzVlNmZpOA==&utm_source=qr,5.0,1,True,60,B,establishment|hair_care|health|point_of_interest
Mujercita Nail & Makeup,Uñas/Nails,General,Ñemby,,"Capitán Bado Casi, Ñemby 111211, Paraguay",-25.3898036,-57.5629303,0992 331593,https://www.facebook.com/mujercitanailsymakeup?mibextid=ZbWKwL,5.0,5,True,60,B,establishment|hair_care|point_of_interest
IMPERIO TRAINIG CLUB,Gimnasio/Fitness,General,Altos,,"PQR2+C84, Bernardino Caballero, Altos 030201, Paraguay",-25.2589926,-57.2491826,0994 690146,,0.0,0,False,60,B,establishment|gym|health|point_of_interest
Lotti Cárdenas Spa,Spa/Wellness,Spa,Villeta,,"FCRQ+X62, Gral Díaz, Villeta 111601, Paraguay",-25.5076155,-57.5619737,,https://www.instagram.com/lotticardenas_ce/,5.0,5,True,60,B,establishment|point_of_interest|spa
Masajes Julia,Spa/Wellness,General,Encarnacion,,"M5V4+3P9, Encarnacion 070107, Paraguay",-27.3073125,-55.8431875,0985 270498,,0.0,0,False,60,B,establishment|point_of_interest
Lavadero Speed Auto Spa,Spa/Wellness,Spa,Hohenau,,"W9H4+XGM, Av. Osvaldo Tischler, Hohenau 071402, Paraguay",-27.0700433,-55.6437162,0986 459680,,0.0,0,False,60,B,car_wash|establishment|point_of_interest
Kr Barber Studio,Barberia,General,Hernandarias,,"Barrio Santa Teresa Conavi, Hernandarias 100501, Paraguay",-25.3860556,-54.6573518,0976 122600,https://www.instagram.com/kr.barberr_?igsh=bzhsMXlzOXE1OTQ4&utm_source=qr,5.0,1,True,60,B,establishment|hair_care|health|point_of_interest
Dr Barber Shop,Barberia,Barberia Moderna,Ñemby,,"JF23+XHH, Teniente. Rivas, Ñemby 111214, Paraguay",-25.3975536,-57.54603059999999,0991 544632,https://www.instagram.com/barbershoop.dr?igsh=MWtnb283OHFtMXNkOA==,5.0,1,True,60,B,establishment|hair_care|health|point_of_interest
ALTOS BARBERSHOP,Barberia,General,Altos,,"PQM2+V54, Altos 030202, Paraguay",-25.26539,-57.249522,,,5.0,3,False,60,B,establishment|hair_care|health|point_of_interest
Magnolia Bar,Otros,General,Altos,,"k57, Ruta San Bernardino - Altos, Altos 031607, Paraguay",-25.2761225,-57.2611376,,,5.0,7,False,60,B,establishment|night_club|point_of_interest
Gloria Lopez SPA,Spa/Wellness,Spa,Villa Hayes,,"Bernarbino caballero, Villa Hayes 150401, Paraguay",-25.0862737,-57.52926479999999,0982 757258,,0.0,0,False,60,B,establishment|point_of_interest|spa
Talo Tattoo Ink,Tatuajes/Piercing,General,Caaguazú,,"GX9J+8QX, Coronel Manuel A. Godoy, Caaguazú 050219, Paraguay",-25.4816281,-56.0180304,0985 824561,https://www.facebook.com/talotatuador1988,4.7,9,True,60,B,establishment|point_of_interest|store
Corvus Nox Tattoo,Tatuajes/Piercing,General,Caaguazú,,"Dr. Walter Insfran 1240, Caaguazú 050209, Paraguay",-25.4631176,-56.0252361,0971 752672,https://instagram.com/corvusnoxtattoo?igshid=YmMyMTA2M2Y=,5.0,7,True,60,B,establishment|point_of_interest|store
2A Clinica & Spa,Spa/Wellness,Spa,Hernandarias,,"H9WC+WR4, Hernandarias 7220, Paraguay",-25.4027282,-54.627934,0983 570164,,0.0,0,False,60,B,establishment|health|point_of_interest|spa
Kathia Barreto Nails-spa,Spa/Wellness,Spa,Hernandarias,,"Cuba, Hernandarias 100510, Paraguay",-25.4072062,-54.6260848,0983 247880,,0.0,0,False,60,B,beauty_salon|establishment|point_of_interest|spa
Sil Spa,Spa/Wellness,Spa,,,"Paraná Country Club, 7220, Paraguay",-25.4773456,-54.6193553,0986 795099,,0.0,0,False,60,B,establishment|health|point_of_interest
Fisio Integral,Spa/Wellness,General,Villa Hayes,,"Gral. José Eduvigis Díaz, Villa Hayes 150405, Paraguay",-25.0949777,-57.51540809999999,0971 874529,,0.0,0,False,60,B,establishment|health|point_of_interest|spa
Estética Lulú,Spa/Wellness,General,Villa Hayes,,"c/ Margarita Pildayn, Villa Hayes 150502, Paraguay",-25.2778393,-57.7017801,0984681514,,2.5,2,False,60,B,establishment|point_of_interest|spa
Laura Nails,Uñas/Nails,Salon Uñas,Fernando de la Mora,Fernando Zona Sur,"Francisco Vergara 2925, Fernando de la Mora 110329, Paraguay",-25.3436329,-57.5804929,0991 584246,https://instagram.com/laura.nails.py?igshid=ZDdkNTZiNTM=,5.0,5,True,60,B,beauty_salon|establishment|point_of_interest
BARBER DOCTOR,Barberia,General,Villa Hayes,,"WF4G+23H, Laudo Hayes, Villa Hayes 150404, Paraguay",-25.0949325,-57.52476650000001,,,5.0,1,False,60,B,establishment|hair_care|point_of_interest
Kichi Velázquez Barber,Barberia,General,Villa Hayes,,"WF67+364, Campo Vía, Villa Hayes 150402, Paraguay",-25.0898382,-57.537446,,,5.0,2,False,60,B,establishment|hair_care|health|point_of_interest
Hugo Ovando Barber Shop (TFF MEDIA),Barberia,Barberia Moderna,Villa Hayes,,"General José Eduvigis Díaz &, WF6F+QX5, Isla Poí, Villa Hayes 150405, Paraguay",-25.088118,-57.5250101,,,5.0,2,False,60,B,establishment|hair_care|health|point_of_interest
Ojito Barberia,Barberia,General,Concepción,Barrio Itacurubi,"Av. Boquerón, Concepción 010104, Paraguay",-23.4019658,-57.42738980000001,0986 222524,https://www.instagram.com/ojito_barber_py?igsh=MTBkb3BsZjNnOTRveg==,5.0,4,True,60,B,establishment|hair_care|point_of_interest
VIRCHU BARBER,Barberia,General,Concepción,,"particular, Teniente Rodriguez, Concepción 0800, Paraguay",-23.4047151,-57.43339570000001,0976 196452,https://www.instagram.com/virchu_barber?igsh=cHIzM2Q4Ynh4djRl,5.0,4,True,60,B,establishment|hair_care|health|point_of_interest
ChristianBarber_shop,Barberia,General,San Estanislao,,"8HH5+PQM, Fulgencio Yegros, San Estanislao 020803, Paraguay",-24.6706568,-56.4405632,,,5.0,1,False,60,B,establishment|hair_care|health|point_of_interest
SamuBarber98,Barberia,General,San Estanislao,,"8HG2+7R, San Estanislao 020804, Paraguay",-24.6743538,-56.4479395,,,5.0,1,False,60,B,establishment|hair_care|health|point_of_interest
Strong Wolf fitness center,Gimnasio/Fitness,Gimnasio,Caaguazú,Barrio Bernardino Caballero,"GXCQ+924, Bienvenido Gallardo Goiris, Caaguazú 3400, Paraguay",-25.4791021,-56.01242740000001,0975 161051,,0.0,0,False,60,B,establishment|gym|health|point_of_interest
Gabriela Pilates Gym,Gimnasio/Fitness,Gimnasio,Asunción,,"Av. Médicos del Chaco esq, Asunción 001422, Paraguay",-25.3118634,-57.59696549999999,0984 319545,,0.0,0,False,60,B,establishment|gym|health|point_of_interest
Fisiogym,Gimnasio/Fitness,Gimnasio,Presidente Franco,,"7700 Pdte franco, Pdte. Franco 7700, Paraguay",-25.560319,-54.6103996,0975 556291,,0.0,0,False,60,B,establishment|gym|health|point_of_interest
Valhalla Fitness Gym,Gimnasio/Fitness,Gimnasio,Presidente Franco,,"Presidente Franco 7000, Paraguay",-25.553552,-54.6073231,0992 719301,,0.0,0,False,60,B,establishment|gym|health|point_of_interest
Toro Barber Shop,Barberia,Barberia Moderna,Presidente Franco,,"Presidente Franco 100206, Paraguay",-25.5565828,-54.6567964,,,5.0,1,False,60,B,establishment|hair_care|health|point_of_interest
Fitwoman.py,Gimnasio/Fitness,General,Asunción,,"Av. Médicos del Chaco, Asunción 001232, Paraguay",-25.3230359,-57.6006806,0971 633117,,0.0,0,False,60,B,establishment|gym|health|point_of_interest
Be Clinic,Spa/Wellness,General,Caaguazú,,"Gral. Eugenio A. Garay, Caaguazú 3600, Paraguay",-25.4704755,-56.0144569,0993 386854,,0.0,0,False,60,B,establishment|point_of_interest|spa
Postura Pilates,Gimnasio/Fitness,Yoga/Pilates,San Lorenzo,Centro de San Lorenzo,"MF5V+P69 111423, San Lorenzo 111423, Paraguay",-25.340734,-57.5068743,0961 168806,,0.0,0,False,60,B,establishment|gym|health|point_of_interest
Pilates Training,Gimnasio/Fitness,Yoga/Pilates,San Lorenzo,,"111455, Gral. Bruguéz, San Lorenzo 111455, Paraguay",-25.3607472,-57.4910404,0982 680743,,0.0,0,False,60,B,establishment|gym|health|point_of_interest
Blue Fit,Gimnasio/Fitness,General,Presidente Franco,,"C9JQ+Q5R, Manuel Domínguez, Pdte. Franco 100220, Paraguay",-25.5680823,-54.61209599999999,0975 891044,,0.0,0,False,60,B,establishment|gym|health|point_of_interest
"Spa Facial y Corporal Unisex ""Adonai""",Spa/Wellness,Spa,Ñemby,,"La Lomita, Ñemby 111219, Paraguay",-25.4022341,-57.51700579999999,0985 839008,,0.0,0,False,60,B,establishment|point_of_interest|spa
GAL STUDIO,Gimnasio/Fitness,General,Lambaré,,"J9PF+GXC, Prof. Manuel González, Lambaré 110727, Paraguay",-25.3636893,-57.6251107,0973 349845,,0.0,0,False,60,B,establishment|gym|health|point_of_interest
DS TRAINING,Gimnasio/Fitness,General,San Estanislao,,"8HQ4+H4H, Cristobal Colón, San Estanislao 020803, Paraguay",-24.6608789,-56.4447451,0971 312453,,1.0,1,False,60,B,establishment|gym|health|point_of_interest
Janelipy,Otros,General,Capiatá,Posta Ybycua,"Km 20, Ruta 1, Capiatá 0211, Paraguay",-25.3952378,-57.4715453,0983 407396,http://janelipy.com/,4.6,51,True,60,B,establishment|point_of_interest|store
Ivanna Beauty -spa,Spa/Wellness,Spa,Capiatá,,"110232, Capiatá 110232, Paraguay",-25.3748428,-57.4391523,0984 005147,,0.0,0,False,60,B,establishment|hair_care|point_of_interest
Bar de Cejas,Pestañas/Cejas,General,Villa Elisa,,"Americo Picco 2878 Villa Elisa, Villa Elisa 2610, Paraguay",-25.37791,-57.58650309999999,(021) 728 8000,https://www.bardecejas.com/,4.8,75,True,60,B,beauty_salon|establishment|point_of_interest
Sport Gym,Gimnasio/Fitness,Gimnasio,Villa Elisa,,"Boquerón, Villa Elisa 111502, Paraguay",-25.3452694,-57.580063,,https://www.instagram.com/sportgymls?igsh=MXJxejdrc3A1bmJ3Yw==&utm_source=qr,3.2,20,True,60,B,establishment|gym|health|point_of_interest
IRATI GYM,Gimnasio/Fitness,Gimnasio,Caaguazú,Barrio San Francisco,"0522, Caaguazú 050203, Paraguay",-25.4569969,-56.022927,0971 466527,,0.0,0,False,60,B,establishment|gym|health|point_of_interest
Kurepa BarberShop,Barberia,General,Caaguazú,Barrio Bernardino Caballero,"GXCQ+2JC, 3 Ra Proyectada, Caaguazú 050216, Paraguay",-25.4799548,-56.0109495,,,5.0,2,False,60,B,establishment|hair_care|health|point_of_interest
Estilo Urbano - Barbershop,Barberia,General,Caaguazú,,"Coronel Manuel A. Godoy, Caaguazú 050208, Paraguay",-25.4627152,-56.0140125,,,5.0,2,False,60,B,establishment|hair_care|health|point_of_interest
Adonai Santani,Otros,General,San Estanislao,,"8HM4+W87, San Estanislao 020803, Paraguay",-24.6652211,-56.4442124,0343 420 096,https://www.facebook.com/adonai.santani.3,5.0,8,True,60,B,establishment|point_of_interest|store
MILANG MASSAGE,Spa/Wellness,General,Caaguazú,,"50215, Caaguazú 050215, Paraguay",-25.4738696,-56.02119519999999,0984 825112,,0.0,0,False,60,B,establishment|point_of_interest|spa
Giban tattoo Studio,Tatuajes/Piercing,Tattoo Studio,Fernando de la Mora,Fernando Zona Sur,"Itape, Fernando de la Mora 2300, Paraguay",-25.3494596,-57.5620456,0982 199452,https://instagram.com/gibanmusic.py?igshid=YmMyMTA2M2Y=,5.0,8,True,60,B,establishment|point_of_interest|store
JAVI deporte,Otros,General,Hohenau,,"Av. San Roque Gonzalez, Hohenau 071402, Paraguay",-27.0711294,-55.6412083,,,4.5,8,False,60,B,establishment|point_of_interest|store
Estética romi,Spa/Wellness,General,Caaguazú,,"GXQJ+32Q, Av. Delfín Chamorro, Caaguazú 050208, Paraguay",-25.4622856,-56.0198866,0972 951936,,0.0,0,False,60,B,establishment|point_of_interest|spa
Mil nails,Uñas/Nails,Salon Uñas,Fernando de la Mora,Fernando Zona Sur,"Fulgencio Yegros y, Fernando de la Mora 110324, Paraguay",-25.3372901,-57.5657963,0974 399920,https://www.instagram.com/__milnails__?igsh=MTBxb214bGtud2ttMg==&utm_source=qr,5.0,5,True,60,B,beauty_salon|establishment|point_of_interest
BARBERIA PELONCHO,Barberia,General,Santa Rita,,"5WX6+M3Q, Avenida, Santa Rita 101302, Paraguay",-25.8007936,-55.0897671,0985 487707,https://instagram.com/barberiapeloncho?igshid=ZDdkNTZiNTM=,5.0,1,True,60,B,establishment|hair_care|health|point_of_interest
BellezaTerapia,Spa/Wellness,General,Santa Rita,,"5WX6+J3R frente a copaco, Av. Sta. Rita, Santa Rita 101302, Paraguay",-25.8008771,-55.08987399999999,0983 503789,,0.0,0,False,60,B,establishment|point_of_interest|spa
RM Training Py,Gimnasio/Fitness,General,Presidente Franco,,"C9PQ+G24, Av Monday, Pdte. Franco 100220, Paraguay",-25.5637428,-54.61242319999999,0993 286958,http://www.rmtraining.com.py/,4.9,47,True,60,B,establishment|gym|health|point_of_interest
Shanti Yoga,Gimnasio/Fitness,Yoga/Pilates,Ciudad del Este,,"F9PP+CH6, Av. Pampliega, Cd. del Este 7000, Paraguay",-25.5139506,-54.6136086,0973 589834,,0.0,0,False,60,B,establishment|point_of_interest
Exen Gym - Villa Elisa,Gimnasio/Fitness,Gimnasio,Villa Elisa,,"Av. Americo Picco, Villa Elisa 2610, Paraguay",-25.3814933,-57.59476369999999,0994 781871,https://exen.com.py/,4.7,46,True,60,B,establishment|gym|health|point_of_interest
Maestic Spa,Spa/Wellness,Spa,San Bernardino,,"MPW5+G74, Julio Büttner, San Bernardino 031602, Paraguay",-25.3037357,-57.2917865,0971 964901,,0.0,0,False,60,B,beauty_salon|establishment|point_of_interest
Spa de Lau arte en uñas,Spa/Wellness,Spa,Presidente Franco,,"F94C+PH2, Presidente Franco 100215, Paraguay",-25.5432284,-54.6286103,0993 392625,,0.0,0,False,60,B,establishment|point_of_interest|store
Masajes terapéutico,Spa/Wellness,General,Ciudad del Este,,"Presidente Franco, Cd. del Este 100214, Paraguay",-25.5497871,-54.62659679999999,0982 209966,,0.0,0,False,60,B,establishment|health|point_of_interest
Club Wellness Center,Spa/Wellness,General,Caacupé,Barrio Pozo De La Virgen,"JVF4+944, Poetas Paraguayos, Caacupé 030102, Paraguay",-25.3766103,-57.1446547,,https://www.instagram.com/clubwellnesscenter?igsh=Nms2c3hzbndzZXg1,5.0,5,True,60,B,establishment|gym|health|point_of_interest
Mulato Slim Gym,Gimnasio/Fitness,Gimnasio,Caacupé,,"Alberdi casi, Caacupé 1768, Paraguay",-25.3863741,-57.1379026,0511 244 485,,0.0,0,False,60,B,establishment|gym|health|point_of_interest
Overcome training,Gimnasio/Fitness,General,Caacupé,Barrio Pozo De La Virgen,"Ruta Caacupe - Tobati, Caacupé 030102, Paraguay",-25.379925,-57.1421617,0971 354011,,0.0,0,False,60,B,establishment|gym|health|point_of_interest
"Barberia ""Por el King""",Barberia,General,Lambaré,,"M95M+66F, Lambaré 110722, Paraguay",-25.3419869,-57.6172171,,,5.0,1,False,60,B,establishment|hair_care|health|point_of_interest
Chelo Tatuajes y piercings,Tatuajes/Piercing,Piercing Studio,Lambare,,"MC82+G63, Ybyrapyta, Lambare 110709, Paraguay",-25.33346,-57.59961449999999,0993 585170,https://instagram.com/chelonuz?utm_source=qr&igshid=MzNlNGNkZWQ4Mg==,5.0,6,True,60,B,establishment|point_of_interest|store
Calavera tattoo studio Py,Tatuajes/Piercing,Tattoo Studio,Asunción,,"Carandayty, P92P+M65, &, Asunción 001226, Paraguay",-25.29836,-57.61438939999999,0981 769658,https://www.instagram.com/calaveratattoostudio_py?igsh=MXJnbmZ6MGl2cTRjag==,5.0,9,True,60,B,establishment|point_of_interest
Danitattooestudioprivado,Tatuajes/Piercing,General,San Juan del Paraná,,"San Juan del Paraná 072804, Paraguay",-27.2946519,-55.943017,0986 842155,https://www.instagram.com/p/CjYtGhpp8ew/?igshid=NDRkN2NkYzU=,5.0,6,True,60,B,establishment|point_of_interest
Daysiacuñamakeup,Maquillaje,General,Valenzuela,,"CPP7+7FF, Julia Miranda Cueto de Estigarribia, Valenzuela 091503, Paraguay",-25.5643044,-57.2863392,0985 380926,https://www.facebook.com/daysiacunhamakeup/,4.9,7,True,60,B,beauty_salon|establishment|point_of_interest
Good family tattoo py,Tatuajes/Piercing,General,Luque,,"America, Luque 110916, Paraguay",-25.2501167,-57.50281449999999,0983 179687,https://instagram.com/goodfamilytattoo.py?igshid=YmMyMTA2M2Y=,5.0,5,True,60,B,establishment|point_of_interest|store
Uñas Lambare ANACRUZNAILS,Uñas/Nails,Salon Uñas,Lambaré,,"Lambaré 110733, Paraguay",-25.3629949,-57.61375210000001,0981 680422,https://www.instagram.com/anacruznails?igsh=MWxteGQ3dWR5b253Mg==,5.0,8,True,60,B,beauty_salon|establishment|point_of_interest
Nails Therapy by Alejandra Delgado,Uñas/Nails,Salon Uñas,Lambaré,,"Av. Cacique Lambare 112 casi, Lambaré 110725, Paraguay",-25.3428013,-57.6341744,0981 786991,https://instagram.com/aledelpa_nails,5.0,5,True,60,B,establishment|point_of_interest|spa
Rosso Make Up,Maquillaje,General,Luque,,"849, C. Leonismo Luqueño, Luque 110946, Paraguay",-25.2775633,-57.5188381,,,4.9,8,False,60,B,beauty_salon|establishment|point_of_interest|spa
J.L BARBER SHOP,Barberia,Barberia Moderna,Ypané,,"GG6C+PWW, Ypané 111817, Paraguay",-25.4881395,-57.4776652,0986 339124,https://www.instagram.com/jl_barbershop__?igsh=dmNiNjl4cDY1bXFk&utm_source=qr,4.8,4,True,60,B,establishment|hair_care|health|point_of_interest
Kinki Studio Nails,Uñas/Nails,Salon Uñas,Julian Augusto Saldívar,,"km 26 Barrio San Miguel J, Julian Augusto Saldívar 2630, Paraguay",-25.4406381,-57.438047,0976 982973,https://instagram.com/kinki_studionails?igshid=MzRlODBiNWFlZA==,5.0,9,True,60,B,beauty_salon|establishment|point_of_interest
Centro de Arte y Danzas Noemi Oviedo,Otros,General,Itá,,"iglesia de ita, Itá 2710, Paraguay",-25.5114137,-57.3627835,0981 878739,https://www.instagram.com/cadnoemioviedo?igsh=MWg0MXowb2NjeGc3ZA==,5.0,5,True,60,B,establishment|point_of_interest
ANIMALS FIT CLUB,Gimnasio/Fitness,General,Itauguá,,"JM52+F77, Itauguá 110605, Paraguay",-25.3913464,-57.3493313,0972 513669,,0.0,0,False,60,B,establishment|gym|health|point_of_interest
Kbritez Barbershop,Barberia,General,Limpio,,"Fulgencio Yegros, Limpio 110813, Paraguay",-25.1695565,-57.4730313,0984 190650,https://www.instagram.com/kbritez_barbershop?igsh=MWZ3M3N0eThxdjNzZA==,5.0,3,True,60,B,establishment|hair_care|health|point_of_interest
Ara Nails,Uñas/Nails,Salon Uñas,Limpio,,"Mcal. Estigarribia ruta 3, Limpio 2020, Paraguay",-25.1685554,-57.47485419999999,0991 384674,https://www.instagram.com/invites/contact/?i=11cl2c1s2d3jq&utm_content=f96sbwn,5.0,5,True,60,B,establishment|point_of_interest|spa
Barber Music,Barberia,General,Itá,,"Mariscal Lopez 551, Itá 110503, Paraguay",-25.5100548,-57.3610795,,,5.0,4,False,60,B,establishment|hair_care|health|point_of_interest
Belen Bracho Makeup,Maquillaje,General,Itá,,"Mariscal Estigarribia 2000, Itá 110502, Paraguay",-25.5059094,-57.3586635,0981 212159,https://instagram.com/makeupbelenbracho?igshid=MmJiY2I4NDBkZg==,5.0,7,True,60,B,beauty_salon|establishment|point_of_interest
Manu barber Zone,Barberia,General,Itá,,"GJ2Q+VMQ, Itá 110502, Paraguay",-25.4977766,-57.36077259999999,,,5.0,2,False,60,B,establishment|hair_care|health|point_of_interest
Energía Serena. Sanación Corporal,Otros,General,San Cosme y Damián,,"MMGC+H43, San Cosme y Damián 071901, Paraguay",-27.3229851,-56.32893,,,5.0,7,False,60,B,establishment|health|physiotherapist|point_of_interest
Sebas Barbershop,Barberia,General,General Delgado,,"Gral. Ibañez Rojas, Gral Delgado 071301, Paraguay",-27.0906762,-56.5230921,,,5.0,1,False,60,B,establishment|hair_care|health|point_of_interest
Fisioterapia & Kinesiología Lic. Patricia Avalos,Gimnasio/Fitness,General,San Cosme y Damián,,"MMM5+XQX, San Cosme y Damián 071901, Paraguay",-27.3150182,-56.3405058,0985 108915,,0.0,0,False,60,B,establishment|gym|health|point_of_interest
Alex Barber Studio,Barberia,General,Santiago,,"V67X+QW, Santiago 080804, Paraguay",-27.1354941,-56.7502303,0975 677182,https://www.instagram.com/alex_barber_studi0,5.0,1,True,60,B,establishment|hair_care|health|point_of_interest
San Cosme y Damian Lodge & spa,Spa/Wellness,Spa,San Cosme y Damián,,"a la marina, 15 de Agosto esquina, San Cosme y Damián 071901, Paraguay",-27.3191812,-56.3293501,0992 905555,https://scdlodge.com.py/,5.0,23,True,60,B,establishment|lodging|point_of_interest|spa
Medicina Estética Caacupé,Spa/Wellness,General,Caacupé,Buena Vista,"Juan Leon Mallorquin 124, Caacupé 030703, Paraguay",-25.3844745,-57.1462622,0985 777768,,0.0,0,False,60,B,establishment|health|point_of_interest|spa
El SPA de Ani,Spa/Wellness,Spa,Caacupé,Barrio General Diaz,"Barrio Loma Guazú - Conavi ll, JVG5+3PH, Caacupé 030101, Paraguay",-25.3748116,-57.1406459,0985 322690,,0.0,0,False,60,B,establishment|point_of_interest|spa
Shaddai Spa-Estética Integral,Spa/Wellness,Spa,Caacupé,Barrio San Miguel,"JV52+29R, Caacupé 030107, Paraguay",-25.392392,-57.1490966,0991 522479,,0.0,0,False,60,B,establishment|point_of_interest|spa
Perro Piercing's,Tatuajes/Piercing,Piercing Studio,Limpio,,"RGWW+49G, Limpio 110812, Paraguay",-25.1543754,-57.45351149999999,,,5.0,9,False,60,B,establishment|point_of_interest|store
Dream Spa Estetic,Spa/Wellness,Spa,Caacupé,Barrio General Diaz,"M. Gonez, Caacupé 3000, Paraguay",-25.3785778,-57.141361,0982 051309,,0.0,0,False,60,B,establishment|food|point_of_interest|restaurant
Laribe Centro de Alizados,Peluqueria,General,Pilar,,"4MRX+5WF, Tacuary, Pilar 120106, Paraguay",-26.8595561,-58.3002014,,,4.0,4,False,59,B,establishment|hair_care|point_of_interest
Alessandra Alvarez Salon,Salon de Belleza,General,Ciudad del Este,,"Barrio obrero, Cd. del Este 7000, Paraguay",-25.5329199,-54.6137496,0975 555444,https://instagram.com/alessandraalvarez_pmu?igshid=YmMyMTA2M2Y=,4.3,3,True,59,B,establishment|hair_care|point_of_interest
El mensu,Salon de Belleza,General,Minga Guazú,,"G475+6PG, 101127, Minga Guazú 101127, Paraguay",-25.486948,-54.8906662,,,4.0,1,False,59,B,beauty_salon|establishment|point_of_interest
Xio Belleza,Salon de Belleza,General,Villa Hayes,,"WF82+52G, Villa Hayes 150402, Paraguay",-25.0834839,-57.55,,,4.0,1,False,59,B,beauty_salon|establishment|point_of_interest
PELUQUERÍA Celi Unisex,Peluqueria,General,Ñemby,,"Entre, Tte. Heriberto Ferreira y, Ñemby 111216, Paraguay",-25.3983643,-57.5424998,0981 132572,https://www.instagram.com/celiunisex/?hl=es-la,4.0,1,True,59,B,clothing_store|doctor|establishment|hair_care|health|point_of_interest|store
SaraLi Salón de Belleza,Peluqueria,General,San Bernardino,,"Luis F. Vache, San Bernardino 031602, Paraguay",-25.3089714,-57.2991894,0991 211488,https://www.facebook.com/SaraLi.belleza/,4.0,1,True,59,B,establishment|hair_care|point_of_interest
Sofia salon de belleza,Salon de Belleza,General,Ñemby,,"PY01 123, Ñemby 111215, Paraguay",-25.4066214,-57.5423175,,,4.0,4,False,59,B,establishment|hair_care|point_of_interest
BEA BEAUTY,Salon de Belleza,General,Minga Guazú,,"G462+F7, Minga Guazú 101128, Paraguay",-25.4887785,-54.8992986,,,4.3,4,False,59,B,beauty_salon|establishment|point_of_interest
Camila Sanabria - Uñas Esculpidas,Uñas/Nails,Salon Uñas,Asunción,,"Mario I. Ortiz R. casi, Asunción 001518, Paraguay",-25.2542287,-57.5857492,0992 912657,,3.7,3,False,58,B,establishment|hair_care|point_of_interest
Elegância Spa & Cabello,Spa/Wellness,Spa,Pedro Juan Caballero,,"Brasil, Pedro Juan Caballero 130101, Paraguay",-22.5635131,-55.7338669,0975 386092,https://www.instagram.com/eleganciaspaecabello?igsh=MzF2NDNhaGhya282,3.7,3,True,58,B,beauty_salon|establishment|point_of_interest
Clinica Integral Campo 9,Otros,General,Doctor Juan Eulogio Estigarribia,,"J8F4+9PC, Doctor Juan Eulogio Estigarribia 051204, Paraguay",-25.3765264,-55.6932656,0973 211338,,3.7,3,False,58,B,establishment|health|point_of_interest
Life medicina estética avanzada,Otros,General,Mariano Roque Alonso,Caacupe Mi,"QFQ9+Q2R, Mariano Roque Alonso 111011, Paraguay",-25.2105539,-57.5324614,0986 627959,,3.7,3,False,58,B,establishment|health|point_of_interest
Kunu'umi Cosméticos Y Artículos Infantiles,Spa/Wellness,General,San Lorenzo,Centro de San Lorenzo,"Julia Miranda Cueto de Estigarribia casi España 0027 San Lorenzo, San Lorenzo 0027, Paraguay",-25.3449515,-57.5101323,0991 702280,https://www.facebook.com/Kunuumi-104417314940528/,3.7,3,True,58,B,establishment|point_of_interest|store
Sugar Nails,Uñas/Nails,Salon Uñas,Villa Elisa,,"Rio Salado y, Villa Elisa 111512, Paraguay",-25.3738043,-57.5905155,0972 559987,https://www.instagram.com/sugarnails._?igsh=MXQ4YWVzanJtNWc5Mw%3D%3D&utm_source=qr,3.8,10,True,58,B,beauty_salon|establishment|point_of_interest
Topachi Ranche,Otros,General,Piribebuy,,"GWFW+WVF, Uruguay, Piribebuy 031411, Paraguay",-25.4751944,-57.0528224,0981 322881,http://www.portalpiribebuy.com/topachi-ranch-hotel/,3.9,319,True,58,B,establishment|lodging|point_of_interest
Lua Cejas Spa,Spa/Wellness,Spa,Hernandarias,,"J972+VRG, 1 de Marzo, Hernandarias 100505, Paraguay",-25.3853148,-54.6479112,,,3.7,3,False,58,B,establishment|point_of_interest|spa
Naya Cosmeticos,Estetica/Facial,Perfumeria,Pedro Juan Caballero,Vila Militar II,"Perpétuo Socorro, Pedro Juan Caballero 8500, Paraguay",-22.5423947,-55.7347018,0986 496952,,3.8,4,False,58,B,establishment|point_of_interest|store
Fer Velazquez Tattoo,Tatuajes/Piercing,General,Yaguarón,,"FM9Q+WPR, Ramal Zayas, Yaguarón 091517, Paraguay",-25.5301327,-57.31072009999999,0976 560403,,3.7,3,False,58,B,establishment|point_of_interest
GLAM Nails & Beauty Bar,Uñas/Nails,Salon Uñas,Lambaré,,"Av. República Argentina 2376, Lambaré 110709, Paraguay",-25.3317009,-57.60323039999999,0992 679472,,3.5,4,False,58,B,beauty_salon|establishment|point_of_interest
Clínica De Estética Integral Beauty & Relax,Otros,General,Asunción,,"Av. Dr. Guido Boggiani 5976, Asunción 001416, Paraguay",-25.2996031,-57.5712145,(021) 604 537,,3.7,3,False,58,B,doctor|establishment|health|point_of_interest
POWERFULL GYM km11 acaray,Gimnasio/Fitness,Gimnasio,Ciudad del Este,,"Ciudad del Este 100104, Paraguay",-25.4866143,-54.7069679,0993 282382,https://instagram.com/powerfullgym11?igshid=MzRlODBiNWFlZA==,3.7,3,True,58,B,establishment|gym|health|point_of_interest
Magali nails ypane,Uñas/Nails,Salon Uñas,Ypané,,"Paso de Oro, Ypané 111815, Paraguay",-25.4467625,-57.48447940000001,0985 970583,,3.7,3,False,58,B,beauty_salon|establishment|point_of_interest
SUNEVA,Otros,General,Encarnación,,"Lomas Valentinas 962, Encarnación 6000, Paraguay",-27.3369838,-55.8627845,(071) 200 292,,3.5,2,False,58,B,establishment|health|hospital|point_of_interest
Sauna SPA Master Bianca,Spa/Wellness,Spa,Ciudad del Este,,"G85R+RVX, República de Chile, Cd. del Este 100122, Paraguay",-25.4903767,-54.6577522,,,3.7,3,False,58,B,establishment|health|point_of_interest|spa
peluquería&spa de uñas Mariana Rios,Peluqueria,Spa,Pilar,,"6 de Diciembre, Pilar 120108, Paraguay",-26.8803751,-58.2898869,0975 707071,,0.0,0,False,57,B,beauty_salon|establishment|point_of_interest
CinFer Beauty Bar,Salon de Belleza,General,Itauguá,,"Mariscal José Félix Estigarribia Ruta, Itauguá 110607, Paraguay",-25.3969244,-57.33992670000001,,https://instagram.com/studiocinfer?igshid=YmMyMTA2M2Y=,4.8,5,True,57,B,beauty_salon|establishment|point_of_interest
Soli Coquette,Salon de Belleza,General,Pilar,,"Roberto Cabañas, Pilar 120107, Paraguay",-26.8658114,-58.2967817,0975 111542,,0.0,0,False,57,B,beauty_salon|establishment|point_of_interest
Studio Victoria Vallejo,Peluqueria,General,Ñemby,,"Padre Casanello, Ñemby 111204, Paraguay",-25.3711626,-57.5372297,0975 172675,,0.0,0,False,57,B,establishment|hair_care|point_of_interest
Nacho barber shop,Barberia,Barberia Moderna,Coronel Bogado,,"RQR6+86F, Coronel Bogado 070802, Paraguay",-27.1593028,-56.2395669,,,4.0,1,False,57,B,establishment|hair_care|health|point_of_interest
Beaty Fashion,Peluqueria,General,Hernandarias,,"calle Argentina, Hernandarias 100511, Paraguay",-25.4154686,-54.6303923,0971 402661,,0.0,0,False,57,B,establishment|hair_care|point_of_interest
Salon de belleza Graciela Piris,Salon de Belleza,General,Hernandarias,,"Doña de Jesus, Hernandarias 100525, Paraguay",-25.3613082,-54.66371909999999,0982 563537,,0.0,0,False,57,B,establishment|hair_care|point_of_interest
Barbería y peluquería boyka,Peluqueria,General,Coronel Bogado,,"Cerca de, 070801, Cnel. Bogado 070801, Paraguay",-27.1627514,-56.2479904,0975 138314,,0.0,0,False,57,B,establishment|hair_care|health|point_of_interest
Peluquería Unisex Lula Portillo & Hugo Vargas Estilista,Peluqueria,General,Hernandarias,,"HERNANDARIAS CENTRO, Juan B. Flores esq, Hernandarias 7220, Paraguay",-25.4052665,-54.6413106,0975 436560,,0.0,0,False,57,B,beauty_salon|establishment|hair_care|health|point_of_interest
Salon de Belleza Unica Unisex,Salon de Belleza,General,Coronel Bogado,,"RQP8+R5R, Coronel Bogado 070802, Paraguay",-27.1628904,-56.2346085,0982 671813,,0.0,0,False,57,B,establishment|hair_care|point_of_interest
Paraguay Cabellos,Peluqueria,General,San Lorenzo,,"MG82+8C3, 14 de Febrero, San Lorenzo 111418, Paraguay",-25.3342385,-57.49896069999999,0982 763968,,1.5,2,False,57,B,establishment|hair_care|point_of_interest
Peluquería Lucy,Peluqueria,General,Coronel Bogado,,"RQX6+54W, Coronel Bogado 070802, Paraguay",-27.1520011,-56.2396608,0975 186550,,0.0,0,False,57,B,establishment|hair_care|point_of_interest
MAGUS Studio de Color -Peluqueria,Peluqueria,General,San Lorenzo,,"España, San Lorenzo 111451, Paraguay",-25.3510166,-57.50561769999999,0991 512167,,0.0,0,False,57,B,establishment|hair_care|point_of_interest
Salón de Belleza al estilo Liz pintos,Peluqueria,General,Hernandarias,,"San Miguel, Hernandarias 100525, Paraguay",-25.3942827,-54.67810739999999,0985 204122,,0.0,0,False,57,B,establishment|hair_care|point_of_interest
Salón de belleza Luz Divina,Peluqueria,General,Hernandarias,,"Villa San francisco, Hernandarias 722000, Paraguay",-25.4367633,-54.6423915,0994 144894,,0.0,0,False,57,B,establishment|hair_care|point_of_interest
Georgina Beauty,Salon de Belleza,General,Encarnación,,"Avenida Caballero 125, Encarnación 6000, Paraguay",-27.326485,-55.8712835,0983 736374,,0.0,0,False,57,B,beauty_salon|establishment|hair_care|health|point_of_interest|spa
Centro Naturista Salud & Belleza,Spa/Wellness,General,Fernando de la Mora,Fernando Zona Sur,"MC7F+9PH, Nueva Asunción, Fernando de la Mora 110328, Paraguay",-25.336558,-57.575656,0981 474281,http://www.medicinanatural.com.py/,4.3,33,True,57,B,establishment|health|point_of_interest|spa
Dr Diego Villagra,Otros,General,Pedro Juan Caballero,,"Teniente Herrero, Pedro Juan Caballero 130123, Paraguay",-22.5637991,-55.7211726,0981 253873,https://www.instagram.com/drdiegovillagra/,4.3,6,True,57,B,doctor|establishment|health|point_of_interest
Clínica Tajy,Otros,General,Encarnación,,"Gral. Artigas 1722, Encarnación 070116, Paraguay",-27.3276264,-55.8699538,(071) 203 000,http://clinicatajy.com/web/,4.4,99,True,57,B,establishment|health|hospital|point_of_interest
Lo de cindy Beauty Express,Salon de Belleza,General,Areguá,,"MHXG+6JQ, Juan de Matta Gaona, Areguá 110113, Paraguay",-25.3021039,-57.42360619999999,0994 536831,,0.0,0,False,57,B,beauty_salon|establishment|point_of_interest
Adri López Beauty Studio,Salon de Belleza,General,Hernandarias,,"Hernandarias 100508, Paraguay",-25.4040258,-54.6452182,0985 271007,,0.0,0,False,57,B,beauty_salon|establishment|point_of_interest
Alisados Luque,Peluqueria,General,Luque,,"12 de octubre casi, Luque 110921, Paraguay",-25.2669876,-57.4881875,0984 724175,,0.0,0,False,57,B,beauty_salon|establishment|point_of_interest
Extensiónes Paraguay CDE,Peluqueria,General,Presidente Franco,,"San Miguel, Pdte. Franco 9080, Paraguay",-25.5503048,-54.64790009999999,0982 381231,,0.0,0,False,57,B,establishment|hair_care|point_of_interest
Paola Casco-Peluqueria,Peluqueria,General,Lambaré,,"15 de Agosto 235 Campo Via y, Lambaré 110725, Paraguay",-25.3442365,-57.632412,0971 318442,https://pccentrodebelleza.agendapro.com/py/workflow?local=22831,4.9,39,True,57,B,establishment|hair_care|point_of_interest
Mariza Beauty Salon & Spa,Salon de Belleza,Spa,Minga Guazú,,"G6CJ+PFX, Don José de la Cruz Ayala, Minga Guazú 101101, Paraguay",-25.4781282,-54.7687809,0994 296486,,0.0,0,False,57,B,establishment|point_of_interest|spa
Belleza Única,Peluqueria,General,Doctor Juan Eulogio Estigarribia,,"Virgen Serrana, Dr Juan Eulogio Estigarribia 051201, Paraguay",-25.3687779,-55.7141247,0976 472818,,0.0,0,False,57,B,establishment|hair_care|point_of_interest
Grisel salón de belleza,Peluqueria,General,Itauguá,,"C. Lapacho, Itauguá 110614, Paraguay",-25.3944914,-57.3931768,0981 397675,,0.0,0,False,57,B,establishment|hair_care|point_of_interest
Barber Shop Franco Peluquería,Peluqueria,Barberia Moderna,Ayolas,,"Misiones 022, Ayolas 2022, Paraguay",-27.3974891,-56.8638466,0986 941023,,0.0,0,False,57,B,establishment|hair_care|point_of_interest|store
Peluqueria Emi,Peluqueria,General,Doctor Juan Eulogio Estigarribia,,"Fraccion la victoria Campo9 calle2, Dr Juan Eulogio Estigarribia 051205, Paraguay",-25.3599761,-55.7143143,0983 493910,,0.0,0,False,57,B,establishment|hair_care|point_of_interest
Peluquería Mari,Peluqueria,General,Ayolas,,"Gnral, Ayolas 080204, Paraguay",-27.3977249,-56.8605957,0971 287050,,0.0,0,False,57,B,establishment|hair_care|point_of_interest
Tu Brillo Salón de Belleza,Peluqueria,General,Presidente Franco,,"Avda. Miguel Medina, Pdte. Franco 100214, Paraguay",-25.5573707,-54.6147668,0994 320977,,0.0,0,False,57,B,establishment|hair_care|point_of_interest
JM Beauty House,Salon de Belleza,General,Pilar,,"CHOFERES DEL CHACO ALBERZONI CASI, Pilar 2800, Paraguay",-26.8604375,-58.29331249999999,0975 111550,,0.0,0,False,57,B,beauty_salon|establishment|point_of_interest
Quiroga color,Peluqueria,General,Puerto Iguazú,,"Facundo Quiroga 10, N3378 Puerto Iguazú, Misiones, Argentina",-25.6135036,-54.5774676,03757 15-61-4072,,0.0,0,False,57,B,establishment|point_of_interest
Aguslashes,Salon de Belleza,General,Itauguá,,"C. Patiño, Itauguá 110604, Paraguay",-25.3870972,-57.35133459999999,0975 766432,,0.0,0,False,57,B,beauty_salon|establishment|point_of_interest
Gisse Beauty Center,Peluqueria,General,Itaugua,,"JJJ5+5MF, Itaugua 110619, Paraguay",-25.3695723,-57.3908437,0972 816511,,0.0,0,False,57,B,establishment|hair_care|point_of_interest
Sebas barber,Barberia,General,Limpio,,"RG7H+23M, Prof. Rita Etelvina Gómez, Limpio 110824, Paraguay",-25.1880258,-57.4729103,0991 412571,https://instagram.com/sebastiandeoliveira10?igshid=YmMyMTA2M2Y=,4.0,2,True,57,B,establishment|hair_care|health|point_of_interest
Peluquería Navarro,Peluqueria,General,Limpio,,"Centro Santa Lucia, Limpio 110815, Paraguay",-25.1682325,-57.48648689999999,0972 773447,,0.0,0,False,57,B,establishment|hair_care|point_of_interest
Estilo Urbano Peluquería Barberia,Peluqueria,General,Paraguarí,,"9RJW+MCV, Paraguarí 090103, Paraguay",-25.6182625,-57.1539531,0972 345866,,0.0,0,False,57,B,establishment|hair_care|point_of_interest
Angie Coiffure,Salon de Belleza,General,Altos,,"Barón Coppens, Altos 030202, Paraguay",-25.2626931,-57.249576,0991 920097,,2.3,3,False,57,B,beauty_salon|establishment|point_of_interest
"Pao Reynaldi Beauty Salón, peluquería.",Peluqueria,General,Capiatá,,"Rojas Cañada, Capiatá 110221, Paraguay",-25.3727369,-57.43742340000001,0971 559648,https://g.page/paoreynaldibeautysalon?we,4.6,27,True,57,B,beauty_salon|establishment|hair_care|point_of_interest|spa
En la Pelu de MarluMijo,Peluqueria,General,Presidente Franco,,"San Isidro, Pdte. Franco 100203, Paraguay",-25.5727754,-54.6582552,0973 541443,,0.0,0,False,57,B,establishment|hair_care|point_of_interest
Salón de Belleza Felicita,Peluqueria,General,Luque,,"Cerca de, PGP4+H96 Cerca de, Luque 110918, Luque 110918, Paraguay",-25.263719,-57.4941567,0981 179139,,0.0,0,False,57,B,establishment|hair_care|point_of_interest
Salon Market - Luque,Salon de Belleza,General,Luque,,"Balderrama &, PGJ5+FR4, 14 De Mayo, Luque 110930, Paraguay",-25.2688563,-57.49042709999999,0984 391552,https://salonmarket.com.py/,4.8,32,True,57,B,establishment|point_of_interest|store
florencia Lashes,Salon de Belleza,General,Luque,,"Tte. Herrero Bueno 839, Luque 110919, Paraguay",-25.2573428,-57.4903624,0994 151347,,0.0,0,False,57,B,beauty_salon|establishment|point_of_interest
Tu estilo salón de belleza,Peluqueria,General,Ñemby,,"Ñemby 111216, Paraguay",-25.3942371,-57.54449589999999,0972 882126,,0.0,0,False,57,B,establishment|hair_care|point_of_interest
Familia Soto,Salon de Belleza,General,Coronel Oviedo,Barrio Santa Lucia,"Las Mercedes, Coronel Oviedo 050101, Paraguay",-25.4311616,-56.443925,0992 703998,,0.0,0,False,57,B,beauty_salon|establishment|point_of_interest
Susi Centurión Centro de Estética,Salon de Belleza,General,Hernandarias,,"General Fulgencio Yegros, J88W+JJP, &, Hernandarias 100503, Paraguay",-25.3834246,-54.6534213,0973 198606,,0.0,0,False,57,B,beauty_salon|establishment|point_of_interest
Gaby Coiffure unisex,Peluqueria,General,Asunción,,"Genaro Romero, Asunción 001531, Paraguay",-25.2702608,-57.5774045,0991 489796,,0.0,0,False,57,B,establishment|hair_care|point_of_interest
Peluquería EveCami,Peluqueria,General,Villa Hayes,,"El progreso, Villa Hayes 150402, Paraguay",-25.0917378,-57.53508420000001,0984 329384,,0.0,0,False,57,B,establishment|hair_care|point_of_interest
En lo de Silvi,Peluqueria,General,Villa Hayes,,"silviamelgarejo907@gmail.com, Villa Hayes 150405, Paraguay",-25.0865839,-57.52453190000001,0981 670879,,0.0,0,False,57,B,establishment|hair_care|point_of_interest
SalondebellezaGilda,Salon de Belleza,General,Asunción,,"Mariscal jose Antonio de sucre, Asunción 001407, Paraguay",-25.2937821,-57.5603373,0971 201303,,0.0,0,False,57,B,establishment|hair_care|point_of_interest
Micaela Moral Studio,Salon de Belleza,General,Hernandarias,,"Petropar, Hernandarias, 100527, Paraguay",-25.4257772,-54.64558049999999,0971 854696,,0.0,0,False,57,B,beauty_salon|establishment|point_of_interest|store
Mevo navajas,Peluqueria,General,Obligado,,"W9WC+98M, Obligado 071702, Paraguay",-27.0540489,-55.6291928,0994 852723,,0.0,0,False,57,B,establishment|hair_care|health|point_of_interest
Natalia Salón de Belleza.,Salon de Belleza,General,Obligado,,"W9RJ+W6H, Obligado 071703, Paraguay",-27.0576771,-55.6193879,0981 925411,,0.0,0,False,57,B,beauty_salon|establishment|point_of_interest
Peluquería y Barbería,Peluqueria,General,Piribebuy,Virgen del Rosario,"Gral. Rogelio Benitez Ruta, Piribebuy 031404, Paraguay",-25.4750299,-57.0382493,0982 979689,,0.0,0,False,57,B,establishment|hair_care|health|point_of_interest
New Style,Peluqueria,General,Piribebuy,,"00, Piribebuy 031401, Paraguay",-25.4584841,-57.038609,0983 936626,,0.0,0,False,57,B,establishment|hair_care|point_of_interest
MiamOn Multishop&Peluqueria,Peluqueria,General,Hernandarias,,"Vicente Iturbe, Hernandarias 100516, Paraguay",-25.4293059,-54.65102470000001,0982 504558,,0.0,0,False,57,B,establishment|hair_care|point_of_interest
Salon de belleza Lucia Ortellado,Salon de Belleza,General,Hernandarias,,"M8 L24, Hernandarias 7220, Paraguay",-25.3873278,-54.6556673,0983 981536,,0.0,0,False,57,B,establishment|hair_care|point_of_interest
Stock Hernandarias,Otros,General,Hernandarias,,"7220 Hernandarias, Hernandarias 7220, Paraguay",-25.4089131,-54.6322714,,https://www.stock.com.py/,4.2,941,True,57,B,establishment|food|grocery_or_supermarket|point_of_interest|store|supermarket
Auxy Salón,Salon de Belleza,General,Caacupé,,"JRHG+8RJ, Caacupé 030122, Paraguay",-25.3716604,-57.1729802,0992 621310,,0.0,0,False,57,B,beauty_salon|establishment|point_of_interest
Peluquería Carol,Peluqueria,General,Tobatí,,"Palma esquina, Tobatí 031801, Paraguay",-25.2616473,-57.086312,0972 194475,,0.0,0,False,57,B,establishment|hair_care|point_of_interest
Salon de belleza Yashli,Salon de Belleza,General,Ypacaraí,,"km 35, Ruta 2, Ypacaraí 111708, Paraguay",-25.4009312,-57.3060609,0994 900285,,0.0,0,False,57,B,establishment|hair_care|point_of_interest
Aury Beauty,Peluqueria,General,Itá,,"Soldado Desconocido, Itá 110505, Paraguay",-25.50063,-57.356395,0983 958543,,0.0,0,False,57,B,establishment|hair_care|point_of_interest
Salon de belleza,Salon de Belleza,General,Nueva Colombia,,"Cordillera, Nueva Colombia 031301, Paraguay",-25.1844545,-57.30727719999999,0982 079102,,0.0,0,False,57,B,establishment|hair_care|point_of_interest
Natty Coiffure,Peluqueria,General,Itá,,"Las Piedras casi, Itá 110510, Paraguay",-25.4487392,-57.4041234,0984 628618,,0.0,0,False,57,B,establishment|hair_care|point_of_interest
Mundo Cosméticos,Otros,General,Pedro Juan Caballero,Vila Militar II,"Bernardino Caballero 160-274, Pedro Juan Caballero 130113, Paraguay",-22.5465674,-55.7307295,0981 967056,http://facebook.com/MundoCosmeticosPJC,4.0,7,True,57,B,establishment|point_of_interest|store
Fran Estilista Unisex,Peluqueria,General,Limpio,,"Fulgencio Yegros esquina, Limpio 110813, Paraguay",-25.1704525,-57.4774183,0971 365453,,0.0,0,False,57,B,establishment|hair_care|point_of_interest
Joseph General Santos,Salon de Belleza,General,Asunción,,"Av Gral Máximo Santos casi, Asunción 001310, Paraguay",-25.3167863,-57.61977139999999,0986 243602,,0.0,0,False,57,B,beauty_salon|establishment|point_of_interest
VM BEAUTY SALON,Salon de Belleza,General,Lambaré,,"Pedro Juan Caballero, Lambaré 110718, Paraguay",-25.3418273,-57.5996184,0986 217037,,0.0,0,False,57,B,establishment|hair_care|point_of_interest
Dangi tattoo,Tatuajes/Piercing,General,Itaugua,,"JJJ3+VH8, Itaugua 110619, Paraguay",-25.3680809,-57.3952292,,,4.0,6,False,57,B,establishment|point_of_interest
TDT,Peluqueria,General,Pilar,,"Barrios San Lorenzo, Pilar 120108, Paraguay",-26.8787896,-58.2968689,0975 660090,,0.0,0,False,57,B,establishment|hair_care|point_of_interest
DV SALONE UNISEX,Salon de Belleza,General,Pilar,,"Villa Paso, Pilar 120102, Paraguay",-26.8516078,-58.2947524,0975 119954,,0.0,0,False,57,B,establishment|hair_care|point_of_interest
Peluqueria y Barberia Mery Vega Estilista Internacional,Peluqueria,General,Pilar,,"Tacuari, Avda. Irala, Pilar 2800, Paraguay",-26.8604201,-58.29928509999999,0971 219675,,0.0,0,False,57,B,beauty_salon|establishment|point_of_interest|spa
Onix store - Peluquería Diego Rivas,Peluqueria,General,Ciudad del Este,,"Emiliano R. Fernandez, Cd. del Este 100134, Paraguay",-25.5075836,-54.6127585,0993 428420,,0.0,0,False,57,B,establishment|hair_care|point_of_interest
Denis Peluqueria,Peluqueria,General,Santa Rita,,"Alejo García, Santa Rita 101302, Paraguay",-25.8001382,-55.0895399,0983 443496,,0.0,0,False,57,B,establishment|hair_care|point_of_interest
Salon de belleza Ylsi,Salon de Belleza,General,Santa Rita,,"8540, Santa Rita 8540, Paraguay",-25.7933046,-55.0919612,0986 548964,,0.0,0,False,57,B,establishment|hair_care|point_of_interest
Tu momento Eñemoporaha . Estética y belleza,Peluqueria,General,Limpio,,"110813, Mcal. Estigarribia, Limpio 110813, Paraguay",-25.1665055,-57.47527419999999,0971 642621,,0.0,0,False,57,B,establishment|hair_care|point_of_interest
Luci Salón de Belleza,Peluqueria,General,Paraguarí,,"1, Paraguarí 090102, Paraguay",-25.6269772,-57.1471995,0981 163275,,0.0,0,False,57,B,establishment|hair_care|point_of_interest
E'legance Beauty Salón,Peluqueria,General,San Estanislao,,"Gnal.Bernardino Caballero e, Cerro Corá y, San Estanislao 020816, Paraguay",-24.6666667,-56.42829769999999,0992 592172,,0.0,0,False,57,B,establishment|hair_care|point_of_interest
Prótesis capilar pelucas natural,Peluqueria,General,Ciudad del Este,,"100153 Ciudad del este, Cd. del Este 7000, Paraguay",-25.5173765,-54.64262410000001,0993 518917,,0.0,0,False,57,B,establishment|health|point_of_interest
Peluquería Delsy ️,Peluqueria,General,San Estanislao,,"Teniente Adolfo Mello, San Estanislao 1234, Paraguay",-24.6628301,-56.4485774,0984 155566,,0.0,0,False,57,B,establishment|hair_care|point_of_interest
Luxury Body Piercing,Tatuajes/Piercing,Piercing Studio,Ciudad del Este,,"Av. Choferes del Chaco, Cd. del Este 100150, Paraguay",-25.5321926,-54.6249147,0982 277692,https://instagram.com/luxury.piercingpy?utm_medium=copy_link,4.2,5,True,57,B,establishment|point_of_interest|store
"Salón de belleza ""Liza Martinez""",Salon de Belleza,General,Bella Vista,,"WCWQ+WW, Bella Vista 070202, Paraguay",-27.0526858,-55.5601901,0992 943392,,0.0,0,False,57,B,beauty_salon|establishment|point_of_interest
TODO ARTE ️Ta2,Otros,General,Villa Elisa,,"Von Poleski 6699, Villa Elisa 111510, Paraguay",-25.3825624,-57.58476810000001,0993 547695,https://www.facebook.com/TodoArteCGV187?mibextid=ZbWKwL,4.2,5,True,57,B,establishment|point_of_interest|store
Alice Beauty Salón,Peluqueria,General,Itá,,"Las Piedras, Itá 110509, Paraguay",-25.4556962,-57.4051971,0971 619804,,0.0,0,False,57,B,establishment|hair_care|point_of_interest
En lo de Carol ✂️,Salon de Belleza,General,Areguá,,"Areguá 110124, Paraguay",-25.3396605,-57.38496749999999,0971 897884,,0.0,0,False,57,B,beauty_salon|establishment|point_of_interest
Estudio Rocío Medina,Salon de Belleza,General,Pedro Juan Caballero,,"General Bruguez esq, Pedro Juan Caballero 130111, Paraguay",-22.5459896,-55.7347417,0975 520753,,0.0,0,False,57,B,beauty_salon|establishment|point_of_interest
Paola Depilación,Salon de Belleza,General,Pedro Juan Caballero,,"F66X+4HR, Padre Hugo Irala Troche, Pedro Juan Caballero 130107, Paraguay",-22.539634,-55.7511004,0985 196869,,0.0,0,False,57,B,beauty_salon|establishment|point_of_interest
Ivana Portillo Salon de Belleza,Salon de Belleza,General,Limpio,,"Fernando de la Mora casi Ruta, Limpio 110822, Paraguay",-25.1786817,-57.48658510000001,0981 873952,,0.0,0,False,57,B,beauty_salon|establishment|point_of_interest
Peluquería Alice Centro de Tratamientos,Peluqueria,General,Pilar,,"Antequera, Pilar 120106, Paraguay",-26.8633594,-58.3018063,0975 184760,,0.0,0,False,57,B,establishment|hair_care|point_of_interest
La pelu de Lorena Ayala,Peluqueria,General,Mariano Roque Alonso,Caacupe Mi,"Calle última, Mariano Roque Alonso 111016, Paraguay",-25.2202201,-57.559335,0982 303368,,0.0,0,False,57,B,establishment|hair_care|point_of_interest
Señorita studio cilios,Salon de Belleza,General,Pedro Juan Caballero,,"Alberdi, Pedro Juan Caballero 130106, Paraguay",-22.5413552,-55.7473316,0991 602918,,0.0,0,False,57,B,beauty_salon|establishment|point_of_interest|store
Valeria Reyes Beauty Express,Salon de Belleza,General,Atyrá,,"PR9G+3HQ, Atyrá 030402, Paraguay",-25.2822907,-57.1735029,0984 937341,,0.0,0,False,57,B,beauty_salon|establishment|point_of_interest
Rosana Peralta Coiffure,Salon de Belleza,General,Atyrá,,"Av San Antonio, Atyrá 030402, Paraguay",-25.2854364,-57.171041,0975 353317,,0.0,0,False,57,B,beauty_salon|establishment|point_of_interest
Spa & peluqueria Bella unisex,Peluqueria,Spa,Mariano Roque Alonso,,"Gral Bernardino caballero y, tte Adolfo rojas silva 123, Mariano Roque Alonso 111007, Paraguay",-25.2158329,-57.5169724,0981 314713,,0.0,0,False,57,B,beauty_salon|establishment|point_of_interest
RLbeauty,Salon de Belleza,General,Pedro Juan Caballero,,"22.563185,-55.751980, Pedro Juan Caballero 130115, Paraguay",-22.5631872,-55.7520891,0974 980517,,0.0,0,False,57,B,beauty_salon|establishment|hair_care|point_of_interest
STUDIO LUCY ROMERO,Salon de Belleza,General,Pedro Juan Caballero,,"F6QW+Q7W, Pedro Juan Caballero 130129, Paraguay",-22.5105475,-55.7543045,0991 560023,,0.0,0,False,57,B,beauty_salon|establishment|point_of_interest
Peluqueria FV Actitud Positiva,Peluqueria,General,Itá,,"Aveiro, Itá 2710, Paraguay",-25.4738771,-57.3829072,0974 260429,,0.0,0,False,57,B,establishment|hair_care|point_of_interest
Janef art studio,Salon de Belleza,General,Limpio,,"e/ sevilla llala, Manuel Gondra, Limpio 110815, Paraguay",-25.1696053,-57.4886195,0994 695957,,0.0,0,False,57,B,beauty_salon|establishment|point_of_interest
Dra.So.Odontología,Salon de Belleza,General,San Lorenzo,Centro de San Lorenzo,"Av. Defensores del Chaco 307, San Lorenzo 2160, Paraguay",-25.3431557,-57.50950519999999,0991 966564,https://drasoodontovisage.site.agendit.com.py/sucursal/48755,5.0,34,True,57,B,beauty_salon|establishment|health|point_of_interest|spa
Instituto Abel Sotto,Salon de Belleza,General,Itá,,"FJQP+5WJ, Teniente Candia, Itá 110506, Paraguay",-25.51209,-57.36275000000001,0982 208133,,0.0,0,False,57,B,beauty_salon|establishment|point_of_interest
Denis Rojas Galeano,Peluqueria,General,Itauguá,,"2021, Itauguá 110601, Paraguay",-25.4478172,-57.3546381,0991 284379,,0.0,0,False,57,B,establishment|hair_care|point_of_interest
Susy Coiffure,Salon de Belleza,General,Itauguá,,"Kuña Guapa, Itauguá 110616, Paraguay",-25.4016688,-57.3703172,0984 874057,,0.0,0,False,57,B,beauty_salon|establishment|point_of_interest
Olga Salón de Belleza,Peluqueria,General,San Pedro de Ycuamandyyú,,"Calle Unión casi, San Pedro de Ycuamandyyú 020103, Paraguay",-24.0892729,-57.0856372,0985 801610,,0.0,0,False,57,B,establishment|hair_care|point_of_interest
Peluquería barbería Silver,Peluqueria,General,Asunción,,"Julio Correa 297, Asunción 001520, Paraguay",-25.2727716,-57.5657876,0981 704966,,0.0,0,False,57,B,establishment|hair_care|health|point_of_interest
"Mini market y Salón de belleza ""Unik's""",Peluqueria,General,Encarnación,,"6000, Encarnación 070105, Paraguay",-27.3042131,-55.8732226,0994 574896,,0.0,0,False,57,B,establishment|hair_care|point_of_interest
Corte y estilo,Peluqueria,General,Villa del Rosario,,"Villa del Rosario 021301, Paraguay",-24.4243827,-57.11257699999999,0983 971774,,0.0,0,False,57,B,establishment|hair_care|health|point_of_interest
Plaza Tte. Fariña,Otros,General,Caacupé,,"JV75+G22, 8 De Deciembre, Caacupé 030103, Paraguay",-25.3862456,-57.1424798,,http://www.caacupe.gov.py/,4.3,287,True,57,B,establishment|point_of_interest
IRON MAN TATTOO - PIERCING DE FERCHU BOGADO,Tatuajes/Piercing,Piercing Studio,Luque,,"PGJ4+WCH, Luque 110932, Paraguay",-25.2678152,-57.4937108,0985 300675,https://instagram.com/ferchubogadotoo?igshid=NzZhOTFlYzFmZQ==,4.4,7,True,57,B,establishment|point_of_interest
B y L Beauty salon,Salon de Belleza,General,Ypane,,"16 de Agosto, Ypane 111808, Paraguay",-25.4433165,-57.50572129999999,0972 829339,,0.0,0,False,57,B,establishment|hair_care|point_of_interest
LAURY tu salón de belleza,Salon de Belleza,General,San Pedro de Ycuamandyyú,,"Independencia, San Pedro de Ycuamandyyú 020101, Paraguay",-24.0859123,-57.0784599,0973 613094,,0.0,0,False,57,B,beauty_salon|establishment|point_of_interest
Peluquería y Barberia Roquelo,Peluqueria,General,San Pedro de Ycuamandyyú,,"General Samaniego, San Pedro de Ycuamandyyú 020118, Paraguay",-24.0954039,-57.0779024,0984 726482,,0.0,0,False,57,B,establishment|hair_care|health|point_of_interest
"Zuni,Brisa,Coiffure",Salon de Belleza,General,Itá,,"Itá 110502, Paraguay",-25.5056883,-57.36701799999999,0971 360811,,0.0,0,False,57,B,beauty_salon|establishment|point_of_interest
Juci Fernándes Studio de belleza,Peluqueria,General,Santa Rita,,"70000, Santa Rita 101301, Paraguay",-25.7973373,-55.09704910000001,0986 568472,,0.0,0,False,57,B,establishment|hair_care|point_of_interest
Barberia Vargas,Barberia,General,Santa Rita,,"6W47+8F3, Santa Rita 101304, Paraguay",-25.7942428,-55.08633469999999,,,4.0,1,False,57,B,establishment|hair_care|point_of_interest
C & N Estética y Belleza,Salon de Belleza,General,Presidente Franco,,"Gral. Bernardino Caballero, Pdte. Franco 100224, Paraguay",-25.5709036,-54.6032342,0973 379795,,0.0,0,False,57,B,beauty_salon|establishment|point_of_interest|spa
Actitud Femenina (GABY CARDOZO),Peluqueria,General,Piribebuy,,"Boqueron, Piribebuy 031401, Paraguay",-25.4580789,-57.03643169999999,0971 612084,,0.0,0,False,57,B,establishment|hair_care|point_of_interest
EUMA-COIFFURE,Peluqueria,General,Piribebuy,,"Ojopoi, Piribebuy 031415, Paraguay",-25.5168515,-56.9498828,0976 671244,,0.0,0,False,57,B,establishment|hair_care|point_of_interest
ARISOL COIFFURE,Peluqueria,General,Coronel Oviedo,Azucena,"Villa IPVU, Cnel. Oviedo 050120, Paraguay",-25.4669303,-56.4370529,0994 473767,,0.0,0,False,57,B,establishment|hair_care|point_of_interest
En Lo De Lau,Peluqueria,General,Coronel Oviedo,Barrio General Caballero,"Costa Alegre, Cnel. Oviedo 050110, Paraguay",-25.4440528,-56.4536404,0982 940434,,0.0,0,False,57,B,establishment|hair_care|point_of_interest
MS Cosmiatria Funcional,Salon de Belleza,General,Rosario,,"Córdoba 1253, S2000 Rosario, Santa Fe, Argentina",-32.9461344,-60.64035389999999,0341 337-0151,https://www.tuturno.io/mscosmiatriafuncional,5.0,32,True,57,B,beauty_salon|establishment|point_of_interest|spa
Olgui Peluquería,Peluqueria,General,San Pedro de Ycuamandyyú,,"Curupay y, San Pedro de Ycuamandyyú 020103, Paraguay",-24.0922724,-57.0760936,0983 733806,,0.0,0,False,57,B,establishment|hair_care|point_of_interest
Peluquería Wilma,Peluqueria,General,Ciudad del Este,,"Km 7, Cd. del Este 100171, Paraguay",-25.5188894,-54.6662888,0983 116664,,0.0,0,False,57,B,establishment|hair_care|point_of_interest
ZulmaBelleCenter,Peluqueria,General,Ciudad del Este,,"Kaaguy Poty, Ciudad del Este 100112, Paraguay",-25.4910583,-54.6834431,0981 779732,,0.0,0,False,57,B,establishment|hair_care|point_of_interest
Odonto Excellence Minga Guazú,Otros,General,Minga Guazú,,"Juana de Lara, Minga Guazú 101102, Paraguay",-25.4880557,-54.7614982,0986 118914,https://www.instagram.com/odontoexcellencemingaguazu/,4.2,5,True,57,B,doctor|establishment|health|point_of_interest
StudioPatiVazquez,Salon de Belleza,General,Ciudad del Este,,"Unnamed Road, Cd. del Este 101102, Paraguay",-25.4828319,-54.7595002,0975 414492,,0.0,0,False,57,B,beauty_salon|establishment|point_of_interest
Luxtouch Estudio,Salon de Belleza,General,Presidente Franco,,"Barrio Padre Damian, Pdte. Franco 100221, Paraguay",-25.5714241,-54.6130487,0975 860867,,0.0,0,False,57,B,beauty_salon|establishment|point_of_interest
Sole Salón de Belleza,Salon de Belleza,General,Minga,,"G69Q+MQ5, Minga 7420, Paraguay",-25.4808698,-54.76051959999999,,https://www.facebook.com/SoleSalondeBelleza/,4.8,5,True,57,B,beauty_salon|establishment|point_of_interest
"Beleze - Depilación Definitiva, Estética & Peluquería",Peluqueria,General,Encarnación,,"Av. Bernardino Caballero, Encarnación 070111, Paraguay",-27.3264823,-55.866643,0981 555565,http://www.belezepy.com/,5.0,20,True,57,B,beauty_salon|establishment|hair_care|health|point_of_interest|spa
Anaiah Glam,Salon de Belleza,General,Pilar,,"Km5 barrio 21 de septiembre manzana 4 lote 13 Primera entrada casa azul, Pilar 120111, Paraguay",-26.8465587,-58.25893970000001,0975 112952,,0.0,0,False,57,B,beauty_salon|establishment|point_of_interest
Alta Diosa - Salón de Belleza,Salon de Belleza,General,San Ignacio Guazú,,"Mcal. López, San Ignacio Guazú 080304, Paraguay",-26.883024,-57.0251235,0993 252560,,1.0,1,False,57,B,beauty_salon|establishment|point_of_interest
Salón de belleza Zulma unisex,Peluqueria,General,Pilar,,"4PP5+W7, Pilar 120103, Paraguay",-26.8626467,-58.29179329999999,0972 139148,,0.0,0,False,57,B,establishment|hair_care|point_of_interest
Mansión BIM Centro de Estética,Salon de Belleza,General,Posadas,,"Moritán 2080, N3301HPS Posadas, Misiones, Argentina",-27.3588319,-55.8954489,0376 470-8941,https://www.fresha.com/es/book-now/la-mansion-bim-x4gn77ye/services?lid=1094255&pId=1037588,4.8,29,True,57,B,beauty_salon|establishment|point_of_interest
Joha Beauty salon,Salon de Belleza,General,Pilar,,"Ygatimí, Pilar 120109, Paraguay",-26.876176,-58.3049455,0986 655731,,0.0,0,False,57,B,establishment|hair_care|point_of_interest
Salon de Belleza Lourdes Karina,Salon de Belleza,General,Pilar,,"Barrio San isidro, Pilar 120111, Paraguay",-26.8452504,-58.2833828,0985 186453,,2.0,1,False,57,B,establishment|hair_care|point_of_interest
GS Estudio de Belleza,Salon de Belleza,General,Pedro Juan Caballero,,"Cincuentenario de la Guerra del Chaco, Pedro Juan Caballero 130101, Paraguay",-22.5258422,-55.7467395,0973 571180,,0.0,0,False,57,B,beauty_salon|establishment|point_of_interest
Ponte Bella Salón de Belleza,Peluqueria,General,Piribebuy,,"GXH9+W4R, Constitucion, Piribebuy 031404, Paraguay",-25.4698233,-57.0311089,0986 173815,,0.0,0,False,57,B,establishment|hair_care|point_of_interest
La Pelu de Dahia,Peluqueria,General,Yaguarón,,"1234, Yaguarón 1234, Paraguay",-25.5191031,-57.310747,0983 344108,,0.0,0,False,57,B,establishment|hair_care|point_of_interest
Sanatorio La Trinidad,Otros,General,Encarnación,,"Avenida 248, Encarnación 6000, Paraguay",-27.3267459,-55.86943979999999,(071) 203 222,http://www.sanatoriolatrinidad.com.py/,4.1,76,True,57,B,doctor|establishment|health|hospital|point_of_interest
Beauty Academy Leticia Silguero - Esencia de Acai,Peluqueria,General,Ayolas,,"Nucleo 02, Ayolas 080203, Paraguay",-27.3891737,-56.8571958,0971 852267,,0.0,0,False,57,B,establishment|hair_care|point_of_interest
Perchera Americana,Salon de Belleza,General,Ayolas,,"J573+WW3, Ayolas 080202, Paraguay",-27.3852358,-56.8451914,0992 664257,,0.0,0,False,57,B,beauty_salon|establishment|point_of_interest
Ohanastudio,Salon de Belleza,General,Ypane,,"Curupayty, Ypane 111802, Paraguay",-25.4586235,-57.5045523,0991 187443,,0.0,0,False,57,B,beauty_salon|establishment|point_of_interest
ADAS🧚🏻‍♀️,Salon de Belleza,General,Itauguá,,"Coronel Martínez casi, Itauguá 110610, Paraguay",-25.397428,-57.3508595,0971 596542,,0.0,0,False,57,B,beauty_salon|establishment|hair_care|point_of_interest
Peluquería MV,Peluqueria,General,Pilar,,"120102, Pilar 120102, Paraguay",-26.8512831,-58.2883412,0975 775439,,0.0,0,False,57,B,establishment|hair_care|point_of_interest
El Salón de Lada,Peluqueria,General,San Pedro de Ycuamandyyú,,"Florentín Almirón casi, San Pedro de Ycuamandyyú 1122, Paraguay",-24.0886115,-57.07586080000001,0976 803364,,0.0,0,False,57,B,establishment|hair_care|point_of_interest
La casa Depelle,Salon de Belleza,General,Asunción,,"Gonzalo Bulnes 677, Asunción 001411, Paraguay",-25.28839,-57.5792502,0984 731000,https://depelle.com.py/,5.0,46,True,57,B,beauty_salon|establishment|health|point_of_interest|spa
LAS CARIÑOSAS ASUNCIÓN ORIGINAL,Spa/Wellness,General,Asunción,,"Piribebuy 239, Asunción 001101, Paraguay",-25.2870933,-57.63793380000001,0984 400228,https://69.com.py/servicios/carinosas-asuncion,4.2,37,True,57,B,establishment|point_of_interest|spa
Salón Belleza Suprema,Peluqueria,General,Puerto Antequera,,"020201, Puerto, Puerto Antequera 8050, Paraguay",-24.0815354,-57.2010577,0984 821721,,0.0,0,False,57,B,establishment|hair_care|point_of_interest
NV beauty salón,Peluqueria,General,Mariano Roque Alonso,,"0, Mariano Roque Alonso 2010, Paraguay",-25.1888437,-57.5283879,0993 598894,,0.0,0,False,57,B,establishment|hair_care|point_of_interest
Centro de Tratamientos Capilares ISAMAR,Peluqueria,General,Pilar,,"San Lorenzo, Pilar 2800, Paraguay",-26.8797345,-58.2972342,0962 331179,,0.0,0,False,57,B,establishment|hair_care|point_of_interest
Beauty Salón Yessica Borja,Peluqueria,General,Encarnación,,"Lote 7, Barrio santa cruz, Manzana 5, Encarnación 070135, Paraguay",-27.2777245,-55.9268318,0983 248575,,0.0,0,False,57,B,establishment|hair_care|point_of_interest
Lea González,Peluqueria,General,San Pedro de Ycuamandyyú,,"San Pedro de Ycuamandyyú 020103, Paraguay",-24.0894064,-57.0888979,0995 662890,,0.0,0,False,57,B,establishment|hair_care|point_of_interest
Sinaí Dermo Radiance,Salon de Belleza,General,Asunción,,"Av. Brasilia 1015, Asunción 1015, Paraguay",-25.2793693,-57.60042569999999,0974 455435,https://linktr.ee/sinaidermoradiance,5.0,42,True,57,B,beauty_salon|doctor|establishment|hair_care|health|point_of_interest|spa|store
TOP RUSTIC - Peluqueria Unisex - Marti Villalba,Peluqueria,Peluqueria Unisex,San Pedro de Ycuamandyyú,,"San Pedro de Ycuamandyyú 020101, Paraguay",-24.0898622,-57.0731578,0971 600097,https://toprustic.site.agendit.com.py/sucursal/38822,4.9,22,True,57,B,establishment|hair_care|point_of_interest
Cristhi coiffure,Peluqueria,General,Minga Guasu,,"Km 16, Minga Guasu 101118, Paraguay",-25.4625672,-54.7582787,0973 412777,,0.0,0,False,57,B,establishment|hair_care|point_of_interest
Peluqueria Alfa y Omega,Peluqueria,General,Yaguarón,,"Mariscal Francisco Solano López 667, Yaguarón 091501, Paraguay",-25.5613646,-57.287402,0991 418913,,0.0,0,False,57,B,establishment|hair_care|point_of_interest
Salón de Belleza Milu,Salon de Belleza,General,Coronel Bogado,,"RQMJ+FVQ, Coronel Bogado 070810, Paraguay",-27.1659796,-56.2165103,0981 081562,,0.0,0,False,57,B,beauty_salon|establishment|point_of_interest
Maria Victoria,Salon de Belleza,General,Areguá,,"Av 13 de Noviembre y, Juan De Matta Gaona 39, Areguá 110110, Paraguay",-25.3019182,-57.43854959999999,0975 375593,,0.0,0,False,57,B,beauty_salon|establishment|point_of_interest
Salón de belleza | Mirna López,Peluqueria,General,Areguá,,"Caacupemí | Barrio, San Antonio de Padúa, Areguá 110112, Paraguay",-25.2941605,-57.4173332,0991 611741,,0.0,0,False,57,B,establishment|hair_care|point_of_interest
Chany Lash,Salon de Belleza,General,Pedro Juan Caballero,,"Av. Carlos Domínguez, Pedro Juan Caballero 130114, Paraguay",-22.5497267,-55.7389962,0976 848926,,0.0,0,False,57,B,beauty_salon|establishment|point_of_interest
MD ESTILLO Y BELLEZA,Peluqueria,General,Pedro Juan Caballero,,"Prudencia Ortellado entre, Charagua, Pedro Juan Caballero 2520, Paraguay",-22.5592949,-55.74617509999999,0992 699592,,0.0,0,False,57,B,establishment|hair_care|point_of_interest
Cris Bogarin Salon de Belleza,Salon de Belleza,General,Pedro Juan Caballero,Vila Militar II,"Natalício Talavera y, Pedro Juan Caballero 130113, Paraguay",-22.5494235,-55.7287957,0971 182256,,0.0,0,False,57,B,establishment|hair_care|point_of_interest
MenPlus,Peluqueria,General,Coronel Bogado,,"6920, Cnel. Bogado 070801, Paraguay",-27.1564393,-56.23701029999999,0983 951744,,0.0,0,False,57,B,establishment|hair_care|health|point_of_interest
Bartbería Ady,Peluqueria,General,Coronel Bogado,,"Mayor Peralta, Cnel. Bogado 070804, Paraguay",-27.1666886,-56.2401985,0981 754318,,0.0,0,False,57,B,establishment|hair_care|health|point_of_interest
Rincon de belleza C9,Salon de Belleza,General,Doctor Juan Eulogio Estigarribia,,"Doctor Juan Eulogio Estigarribia Campo9, Dr Juan Eulogio Estigarribia 3660, Paraguay",-25.3672382,-55.70343800000001,0971 484613,,0.0,0,False,57,B,beauty_salon|establishment|hair_care|point_of_interest
Salón de Belleza Que Coqueta,Salon de Belleza,General,Yaguarón,,"Buenaventura Gamarra c/ Pedro Juan Caballero Yaguaron, Yaguarón 4620, Paraguay",-25.5627596,-57.2839003,0991 816091,,0.0,0,False,57,B,beauty_salon|establishment|point_of_interest
Rm peluqueros,Peluqueria,General,San Estanislao,,"Padre Fidel Maíz, San Estanislao 020803, Paraguay",-24.6653139,-56.4464219,0986 114383,,0.0,0,False,57,B,establishment|hair_care|point_of_interest
Stylos Reykel,Peluqueria,General,Caaguazú,Centenario,"GXHW+4FH, Pte. Carlos A. López, Caaguazú 050206, Paraguay",-25.4720274,-56.0047061,0975 926908,,0.0,0,False,57,B,establishment|hair_care|point_of_interest
EyB Studio,Peluqueria,General,Caaguazú,Centenario,"Gral. Eugenio A. Garay casi, Caaguazú 010501, Paraguay",-25.470706,-56.0082375,0986 317875,,0.0,0,False,57,B,establishment|hair_care|point_of_interest
Diva'S Belleza Integral,Peluqueria,General,Caaguazú,,"Av. Silvio Pettirossi esquina, Caaguazú 050208, Paraguay",-25.461249,-56.02102859999999,0991 292557,,0.0,0,False,57,B,establishment|hair_care|point_of_interest
LotusFlower,Salon de Belleza,General,Caaguazú,Barrio San Lorenzo,"Yacu, Caaguazú 050209, Paraguay",-25.4621084,-56.0290037,0986 765888,,0.0,0,False,57,B,beauty_salon|establishment|point_of_interest|spa
Zuljazbeauty,Salon de Belleza,General,Caaguazú,,"GXJJ+5MG, Caaguazú 050207, Paraguay",-25.469556,-56.0182984,0986 550257,,0.0,0,False,57,B,beauty_salon|establishment|point_of_interest
Bonito Hair Studio,Peluqueria,General,Villa Elisa,,"Emiliano R. Fernández, Villa Elisa 111503, Paraguay",-25.356053,-57.5752525,0986 613032,,0.0,0,False,57,B,establishment|hair_care|point_of_interest
Sheylasalonyspa,Salon de Belleza,Spa,Emboscada,,"Emboscada 030604, Paraguay",-25.1156119,-57.3608737,0981 754598,,0.0,0,False,57,B,establishment|hair_care|point_of_interest
La Pelu de Pao,Peluqueria,General,Asunción,,"Loma Pyta, Asunción 001509, Paraguay",-25.2525959,-57.5449608,0971 127433,,0.0,0,False,57,B,establishment|hair_care|point_of_interest
Lady Di Beauty Salon,Salon de Belleza,General,Coronel Oviedo,Barrio General Caballero,"Centro, Cnel. Oviedo 050117, Cnel. Oviedo 050107, Paraguay",-25.446572,-56.4425811,0985 879375,,0.0,0,False,57,B,establishment|hair_care|point_of_interest
E Beauty Studio,Salon de Belleza,General,Itauguá,,"Tte. Gutierrez, Itauguá 110605, Paraguay",-25.395025,-57.35053720000001,0986 813992,,0.0,0,False,57,B,beauty_salon|establishment|point_of_interest
Ana Carolina Beauty Experience,Salon de Belleza,General,Coronel Oviedo,12 de Junio,"Curupayty, Cnel. Oviedo 050106, Paraguay",-25.4478897,-56.436709,0976 152958,,0.0,0,False,57,B,beauty_salon|establishment|point_of_interest
NERI ESPINOLA MASCULINO/FEMENINO,Peluqueria,General,San Bernardino,,"CAPITAN FELIX ISMAEL FERREIRA, San Bernardino 031604, Paraguay",-25.3356288,-57.2626305,0981 890395,,1.0,1,False,57,B,establishment|hair_care|point_of_interest
Karina Coiffure,Peluqueria,General,Altos,,"Bernardino Caballero &, PPRX+VW7, 14 de Mayo, Altos 030201, Paraguay",-25.2578428,-57.25020809999999,0991 437852,,0.0,0,False,57,B,establishment|hair_care|point_of_interest
SD Hair studio,Peluqueria,General,Caaguazú,Barrio Ciudad Nueva,"Mauricio José Troche, Caaguazú 050210, Paraguay",-25.4719067,-56.0313033,0976 430251,,0.0,0,False,57,B,beauty_salon|establishment|point_of_interest
SAUCEDO HAIR EXTENSIONS,Peluqueria,General,Caaguazú,,"Caaguazú 0522, Paraguay",-25.4514617,-56.0391826,0975 314649,,0.0,0,False,57,B,beauty_salon|establishment|point_of_interest
Juan Carlos Vázquez Hair studio,Peluqueria,General,Presidente Franco,,"Presidente Franco 100214, Paraguay",-25.5497871,-54.62659679999999,0973 516922,,0.0,0,False,57,B,establishment|hair_care|point_of_interest
Pdlashes_py,Salon de Belleza,General,Mariano Roque Alonso,Caacupe Mi,"Manuel Gondra, &, Mariano Roque Alonso 111011, Paraguay",-25.2086117,-57.53849760000001,0985 857127,,0.0,0,False,57,B,beauty_salon|establishment|point_of_interest
Clínica de Belleza LG y Serv de Bordados,Peluqueria,General,Piribebuy,,"Yhaguymi, Piribebuy 031410, Paraguay",-25.4756649,-57.0311515,0982 297015,,0.0,0,False,57,B,establishment|hair_care|point_of_interest
Bendita Eres,Salon de Belleza,General,Piribebuy,,"GXR4+MCQ, Piribebuy 031401, Paraguay",-25.4582923,-57.0439061,0976 512457,,0.0,0,False,57,B,beauty_salon|establishment|point_of_interest
paola valiente studio,Salon de Belleza,General,Lúke,,"Sauce, Lúke 110932, Paraguay",-25.2715518,-57.4968681,,https://instagram.com/paolavstudio?igshid=MmIzYWVlNDQ5Yg==,5.0,8,True,57,B,beauty_salon|establishment|hair_care|point_of_interest|spa
Patricia Bottino Belleza Integral,Peluqueria,General,Coronel Oviedo,Azucena,"Las Residentas esq, Cnel. Oviedo 3300, Paraguay",-25.4517322,-56.4432625,0991 467979,,0.0,0,False,57,B,establishment|hair_care|point_of_interest
Peluquería Delia 💇🏻‍♀️,Peluqueria,General,Coronel Oviedo,Barrio San Isidro,"25.4517443 56, Cnel. Oviedo 050117, Paraguay",-25.4516749,-56.4491314,0983 916866,,0.0,0,False,57,B,beauty_salon|establishment|point_of_interest
Lourdes Salón De Belleza ✨❤️,Peluqueria,General,Coronel Oviedo,,"GGJX+P4X, Coronel Oviedo 050116, Paraguay",-25.4681499,-56.45215589999999,0991 950369,,0.0,0,False,57,B,establishment|hair_care|point_of_interest
Alejandría Hair Salón,Peluqueria,General,Coronel Oviedo,Barrio San Isidro,"Yacyreta, Cnel. Oviedo 050116, Paraguay",-25.460561,-56.4479739,0972 753800,,0.0,0,False,57,B,establishment|hair_care|point_of_interest
Barbearia Do Maicon,Peluqueria,General,Santa Rita,,"Av. Sta. Rita, Santa Rita 101301, Paraguay",-25.7986505,-55.0852584,0983 167026,https://barberiadomaicon.site.agendit.com.py/sucursal/53493,4.9,34,True,57,B,establishment|hair_care|health|point_of_interest
Peluqueria J&C,Peluqueria,General,Altos,,"PPJW+FR2, Altos 030202, Paraguay",-25.2688503,-57.2529832,0993 323651,,0.0,0,False,57,B,establishment|hair_care|point_of_interest
Salón De Belleza Gloria,Salon de Belleza,General,Villa Hayes,,"Cerro Corá, Villa Hayes 150401, Paraguay",-25.0878963,-57.5307273,0971 115734,,0.0,0,False,57,B,beauty_salon|establishment|point_of_interest
Salón de belleza Jessi Garcia,Salon de Belleza,General,Villa Hayes,,"5864WFFC+8P, Villa Hayes 150412, Paraguay",-25.0766875,-57.52818749999999,0992 866816,,0.0,0,False,57,B,beauty_salon|establishment|point_of_interest
Luz Servin,Salon de Belleza,General,Villa Hayes,,"Progreso 3, Villa Hayes 150402, Paraguay",-25.0840273,-57.5499164,0971 676239,,0.0,0,False,57,B,beauty_salon|establishment|point_of_interest
Style & Relax Peluquería Estética Unisex Erica Rolón,Peluqueria,General,Itapua poty,,"Cruce Guajaibi, Itapua poty 073006, Paraguay",-26.7014345,-55.4739704,0986 466304,,0.0,0,False,57,B,establishment|hair_care|point_of_interest
Peluqueria Essential,Peluqueria,General,Trinidad,,"Callejon historico lombardo, Trinidad 072201, Paraguay",-27.130501,-55.70789449999999,0986 857495,,0.0,0,False,57,B,establishment|hair_care|point_of_interest
Peluqueria Favi,Peluqueria,General,Caaguazú,Barrio Bernardino Caballero,"Barrio Bernardino Caballero, Caaguazú 050216, Paraguay",-25.4769157,-56.0111,0975 950980,,0.0,0,False,57,B,establishment|hair_care|point_of_interest
Arte Estética (A&E) Salón de Bellezas Unisex,Peluqueria,General,Villa Hayes,,"Avenida Mcal Lopez c/ 29 de septiembre Villa Hayes, Villa Hayes 9900, Paraguay",-25.0932125,-57.52116940000001,0985 157612,,0.0,0,False,57,B,establishment|hair_care|point_of_interest
Label Studio,Peluqueria,General,Ñemby,,"+595, Ñemby 111216, Paraguay",-25.3960196,-57.54453540000001,0974 254146,,0.0,0,False,57,B,establishment|hair_care|point_of_interest
Ama Studio Make-Up and Beauty,Salon de Belleza,General,Caaguazú,Barrio Centenario,"GXHR+6VJ, Caaguazú 050206, Paraguay",-25.4719216,-56.0078587,0971 494123,,0.0,0,False,57,B,beauty_salon|establishment|point_of_interest
Siempre Coqueta Py,Salon de Belleza,General,Fernando de la Mora,Fernando Zona Sur,"Palma Fulgencio Yegros Fernando Usher Rios Fernando de la Mora, Fernando de la Mora 2300, Paraguay",-25.3315836,-57.56108869999999,0981 700602,https://linktr.ee/siempre_coquetapy,5.0,28,True,57,B,beauty_salon|establishment|point_of_interest
Peluqueria Rios,Peluqueria,General,Bella Vista Sur,,"9644 Bella vista, Bella Vista Sur 9644, Paraguay",-27.0365859,-55.5703971,0984 170178,,0.0,0,False,57,B,establishment|hair_care|point_of_interest
MIKAH,Peluqueria,General,Bella Vista,,"XC28+FPR, 6, Bella Vista 070201, Paraguay",-27.0487575,-55.583231,0985 270244,,0.0,0,False,57,B,establishment|hair_care|point_of_interest
Salón de Belleza DF Atelier,Salon de Belleza,General,Ciudad del Este,,"Calle La Florida, Cd. del Este 100174, Paraguay",-25.5215744,-54.67344860000001,0992 902369,,0.0,0,False,57,B,beauty_salon|establishment|point_of_interest
Studio brilashes,Salon de Belleza,General,Ciudad del Este,Bario Don Bosco,"G9H5+G5G, Ciudad del Este 100118, Paraguay",-25.4711964,-54.6420424,0981 809882,,0.0,0,False,57,B,beauty_salon|establishment|point_of_interest
Lailajimenezsalon,Salon de Belleza,General,Villa Elisa,,"https://maps.app.goo.gl/hxggkBMfwHB8Dm8, Villa Elisa 2610, Paraguay",-25.3836982,-57.5871331,0983 028178,,0.0,0,False,57,B,beauty_salon|establishment|point_of_interest
Bellettino beauty studio,Peluqueria,General,Fernando de la Mora,Fernando Zona Sur,"Iturbe 3267 casi, Fernando de la Mora 110329, Paraguay",-25.3449772,-57.57776209999999,0994 132328,,0.0,0,False,57,B,establishment|hair_care|point_of_interest
Salón SC,Salon de Belleza,General,Villa Hayes,,"Villa Occidental, Villa Hayes 150403, Paraguay",-25.0905998,-57.52889800000001,0986 476863,,0.0,0,False,57,B,beauty_salon|establishment|point_of_interest
Sara coiffure,Salon de Belleza,General,Itá,,"FJQP+3QH, Itá 110504, Paraguay",-25.512326,-57.3629817,0983 327179,,0.0,0,False,57,B,beauty_salon|establishment|point_of_interest
The Elegance,Peluqueria,General,San Ignacio Guazú,,"Tte. Edmundo Centeno, San Ignacio Guazú 080306, Paraguay",-26.8956609,-57.0318786,0991 239548,,2.0,2,False,57,B,establishment|hair_care|health|point_of_interest
Peluquería Liz (Unisex),Peluqueria,General,San Ignacio Guazú,,"4X7R+QMF, San Ignacio Guazú 080301, Paraguay",-26.885556,-57.0083339,0992 364321,,0.0,0,False,57,B,establishment|hair_care|point_of_interest
Yani Peluquería,Peluqueria,General,San Ignacio Guazú,,"Alider Vera Guillen, San Ignacio Guazú 080303, Paraguay",-26.8808532,-57.0200506,0982 736095,,0.0,0,False,57,B,beauty_salon|establishment|hair_care|point_of_interest
Hair & Lash JAZ BEAUTY,Peluqueria,General,Caacupé,,"JVG2+WXR, Caacupé 030102, Paraguay",-25.3726329,-57.1476044,0981 104603,,0.0,0,False,57,B,beauty_salon|establishment|point_of_interest
Nails By Jime,Uñas/Nails,Salon Uñas,Lambaré,,"Mariscal Estigarribia 643, entre nanawa y, Lambaré 1107, Paraguay",-25.3480222,-57.63000049999999,0982 741456,https://instagram.com/nailsbyjime_?igshid=YmMyMTA2M2Y=,4.4,7,True,57,B,establishment|point_of_interest|spa
Salón de Belleza Mice,Salon de Belleza,General,San Ignacio Guazú,,"4XC9+2W, San Ignacio Guazú 080304, Paraguay",-26.8791728,-57.0302219,0995 662845,,0.0,0,False,57,B,beauty_salon|establishment|point_of_interest
Salon de Belleza Daisy Miranda,Salon de Belleza,General,San Ignacio Guazú,,"4X69+G92, Padre Marcial de Lorenzana, San Ignacio Guazú 080304, Paraguay",-26.8887339,-57.0315981,0986 363076,,0.0,0,False,57,B,beauty_salon|establishment|point_of_interest
Salón de belleza B & N,Salon de Belleza,General,Areguá,,"Caacupemi, Areguá 110114, Paraguay",-25.2983428,-57.4123528,0991 343771,,0.0,0,False,57,B,beauty_salon|establishment|point_of_interest
AD Salón de Belleza,Salon de Belleza,General,Villa Hayes,,"PY09, Villa Hayes 150401, Paraguay",-25.0895593,-57.5316065,0983 348398,,0.0,0,False,57,B,beauty_salon|establishment|point_of_interest
AG.beautycenter,Peluqueria,General,Santa Rosa del Aguaray,,"San Isidro calle sagrada familia, Santa Rosa del Aguaray 021810, Paraguay",-23.8237814,-56.5007787,0994 470086,,0.0,0,False,57,B,establishment|hair_care|point_of_interest
Pyapê roky,Salon de Belleza,General,Yaguarón,,"CPM7+P2G, Yaguarón 091503, Paraguay",-25.5656977,-57.287412,0981 310601,,0.0,0,False,57,B,beauty_salon|establishment|point_of_interest
Salón de Belleza Lidu,Peluqueria,General,Lopez,,"Av. Mariscal Francisco Solano López, Lopez 4830, Paraguay",-27.3951798,-56.8497236,0975 627283,,0.0,0,False,57,B,establishment|hair_care|point_of_interest
Beauty salón Clau,Peluqueria,General,Ypané,,"Bernardino caballero, Ypané 2660, Paraguay",-25.4561232,-57.5096045,0972 824215,,0.0,0,False,57,B,establishment|hair_care|point_of_interest
Karen Diana Makeup & Coiffure,Maquillaje,General,Ypané,,"Col. Thompson, Ypané 111803, Paraguay",-25.4301653,-57.49644049999999,,,4.0,5,False,57,B,beauty_salon|establishment|point_of_interest
BEAUTY SALÓN,Peluqueria,General,Ypane,,"GFVR+J67, Juan Bautista Egusquiza, Ypane 111801, Paraguay",-25.4559535,-57.5094607,0976 771403,,0.0,0,False,57,B,establishment|hair_care|point_of_interest
Marta O.,Salon de Belleza,General,Ypané,,"GFXX+7HX, Ypané 111808, Paraguay",-25.4506148,-57.5012834,0981 654777,,0.0,0,False,57,B,beauty_salon|establishment|point_of_interest
Tu Guarida,Peluqueria,General,Caacupé,Yvu,"Ruta 2, Caacupé 3000, Paraguay",-25.3864377,-57.1443624,0983 228697,,0.0,0,False,57,B,establishment|hair_care|point_of_interest
Leticia Bernal Coiffure,Peluqueria,General,Caacupé,Barrio San Blas,"595, Caacupé 030108, Paraguay",-25.3968714,-57.1449542,0981 618733,,0.0,0,False,57,B,establishment|hair_care|point_of_interest
"Coiffure Bela, Hospedaje Nobby Cleine",Peluqueria,General,Caacupé,Barrio Pozo De La Virgen,"Dr. Pino casi, Av. Pozo De La Virgen N°536, Caacupé 030102, Paraguay",-25.3839117,-57.14188859999999,0982 262877,,0.0,0,False,57,B,establishment|hair_care|point_of_interest
CrisBeautyStudio1,Peluqueria,General,Caacupé,,"Mariscal José Félix Estigarribia esq, Caacupé 030104, Paraguay",-25.3830081,-57.1327937,0971 976550,,0.0,0,False,57,B,establishment|hair_care|point_of_interest
Bella Colibrí,Salon de Belleza,General,Yaguarón,,"CPQ7+8XP, Mcal. José Félix Estigarribia, Yaguarón 091501, Paraguay",-25.5616537,-57.2850473,0971 335149,,0.0,0,False,57,B,beauty_salon|establishment|point_of_interest
Peluquería Cecilia Verón,Peluqueria,General,Atyrá,,"PRGJ+2WX, Atyrá 030402, Paraguay",-25.2748782,-57.1676283,0981 292252,,0.0,0,False,57,B,establishment|hair_care|point_of_interest
Lashistalem,Salon de Belleza,General,Atyrá,,"San Jose casi 0520py, Atyrá 030402, Paraguay",-25.2849303,-57.1710254,0974 535386,,0.0,0,False,57,B,beauty_salon|establishment|point_of_interest
Jannet Coiffure,Salon de Belleza,General,Atyrá,,"PR7H+PF8, Av San Antonio, Atyrá 1111, Paraguay",-25.2857152,-57.1712885,0992 996859,,0.0,0,False,57,B,beauty_salon|establishment|point_of_interest
Salón de Belleza Rossana,Peluqueria,General,Minga Guazú,,"Km 14 monday, Minga Guazú 8888, Paraguay",-25.4968706,-54.84186889999999,0975 560355,,0.0,0,False,57,B,establishment|hair_care|point_of_interest
Jota Corte y Estilo,Peluqueria,General,Doctor Juan Eulogio Estigarribia,,"J7FR+9WV, Doctor Juan Eulogio Estigarribia 051204, Paraguay",-25.3765016,-55.7076884,0972 539042,,1.0,1,False,57,B,establishment|hair_care|health|point_of_interest
Peluquería y Barbería Javii,Peluqueria,General,Itá,,"Sgto. Rojas, Itá 110505, Paraguay",-25.5062383,-57.353963,0972 955348,,0.0,0,False,57,B,establishment|point_of_interest
Edith Beauty Salón,Salon de Belleza,General,Piribebuy,,"Boquerón 9999 e, Manuel Domínguez y, Piribebuy 031401, Paraguay",-25.461561,-57.052123,0972 502769,,0.0,0,False,57,B,beauty_salon|establishment|point_of_interest
Salon de Belleza Prince García,Salon de Belleza,General,Areguá,,"Sobre, Eucalipto, Areguá 110115, Paraguay",-25.306934,-57.41597379999999,0993 577221,,0.0,0,False,57,B,establishment|hair_care|point_of_interest
COQUETAS 2,Peluqueria,General,Areguá,,"COCUE GUAZU, Areguá 110124, Paraguay",-25.3323172,-57.3826955,0974 816239,,0.0,0,False,57,B,establishment|hair_care|point_of_interest
Peluquería 8 de Setiembre,Peluqueria,General,Areguá,,"Las Residentas, Areguá 110103, Paraguay",-25.3139423,-57.39363900000001,0991 669510,,0.0,0,False,57,B,establishment|hair_care|point_of_interest
Sol Abril,Peluqueria,General,Areguá,,"Peluqueria everodas06@gmailcon, Areguá 110114, Paraguay",-25.3033492,-57.40938179999999,0991 259409,,0.0,0,False,57,B,establishment|hair_care|point_of_interest
Bella Emperatriz,Salon de Belleza,General,Pedro Juan Caballero,,"Juan de Ayala, Pedro Juan Caballero 130122, Paraguay",-22.5634561,-55.7309639,0993 097414,,0.0,0,False,57,B,beauty_salon|establishment|point_of_interest
Beauty salon,Salon de Belleza,General,Areguá,,"MJM8+J7C, Estados Unidos, Areguá 110102, Paraguay",-25.3159304,-57.3843461,0991 596438,,0.0,0,False,57,B,beauty_salon|establishment|point_of_interest
T.A - HAIR CLUB,Peluqueria,General,Areguá,,"Unnamed Road, Areguá 110124, Paraguay",-25.3398797,-57.3835959,0971 131904,,0.0,0,False,57,B,establishment|hair_care|point_of_interest
MinMinga Guazú,Peluqueria,General,Minga Guazú,,"G67Q+PWF, Mariscal José Félix Estigarribia, Minga Guazú 101102, Paraguay",-25.4856843,-54.7602038,0975 569804,,0.0,0,False,57,B,establishment|hair_care|point_of_interest
Nancy Beauty Studio,Peluqueria,General,San Ignacio Guazú,,"Tte Pedro N Brusquetti Casi, San Ignacio Guazú 080305, Paraguay",-26.8923896,-57.02519059999999,0975 119269,,0.0,0,False,57,B,establishment|hair_care|point_of_interest
Peluquería Emilia,Peluqueria,General,Ituzaingó,,"Francisco López 176, Ituzaingó, Corrientes, Argentina",-27.5867227,-56.6910362,03786 49-6024,,0.0,0,False,57,B,establishment|hair_care|point_of_interest
La Pelu de Lili,Peluqueria,General,Itauguá,,"Guazú Virá, Av. Japón, Itauguá 110609, Paraguay",-25.401297,-57.3397124,0983 634381,,0.0,0,False,57,B,establishment|hair_care|point_of_interest
MairaCandia.Salón de belleza,Salon de Belleza,General,Limpio,,"Limpio 110813, Paraguay",-25.1681622,-57.47859740000001,0994 449014,,0.0,0,False,57,B,beauty_salon|establishment|point_of_interest
Bouquet Perfumeria,Otros,Perfumeria,Encarnación,,"Calle Mariscal Estigarribia entre Tomas Romero Pereira y Villarrica Encarnación, Encarnación 6000, Paraguay",-27.3311548,-55.8665241,0986 273600,https://es-la.facebook.com/pages/category/Shopping---Retail/Bouquet-Perfumer%C3%ADa-715359421822472/,4.3,6,True,57,B,clothing_store|establishment|point_of_interest|store
Thania Rios Salon de Uñas,Salon de Belleza,Salon Uñas,Minga Guazú,,"Km 14, Minga Guazú 101104, Paraguay",-25.4750636,-54.7373173,0994 990098,,0.0,0,False,57,B,beauty_salon|establishment|point_of_interest
Sandra Depilación,Salon de Belleza,General,Minga Guazú,,"101104, Minga Guazú 101104, Paraguay",-25.4763555,-54.7440198,0986 539662,,0.0,0,False,57,B,beauty_salon|establishment|hair_care|point_of_interest
DA-MI COIFFURE,Peluqueria,General,Areguá,,"Independencia Nacional, Areguá 110122, Paraguay",-25.3473962,-57.40759600000001,0971 366873,,0.0,0,False,57,B,establishment|hair_care|point_of_interest
Gladys - Salón de belleza,Peluqueria,General,Villa Elisa,,"Israel 5974, Villa Elisa 111510, Paraguay",-25.3715356,-57.5740104,0982 420176,,0.0,0,False,57,B,establishment|hair_care|point_of_interest
"Centro de belleza ""siempre bella""",Salon de Belleza,General,Villa Elisa,,"Amapolas, Villa Elisa 111505, Paraguay",-25.3590422,-57.59064799999999,0982 837851,,0.0,0,False,57,B,establishment|hair_care|point_of_interest
Salón de Belleza Gloria,Salon de Belleza,General,Capitán Miranda,,"Capitán Miranda 070501, Paraguay",-27.2148866,-55.79675169999999,0985 401804,,0.0,0,False,57,B,beauty_salon|establishment|point_of_interest
salon de belleza andi duarte,Salon de Belleza,General,Posadas,,"Av. Gral. Lavalle 3927, N3300 Posadas, Misiones, Argentina",-27.3847065,-55.9074215,0376 422-6007,,0.0,0,False,57,B,establishment|hair_care|point_of_interest
Ana Gabriela Cabellos&cia,Peluqueria,General,Villa Hayes,,"Wilfrido Insaurralde, Villa Hayes 150403, Paraguay",-25.0979429,-57.53275069999999,0975 874605,,0.0,0,False,57,B,establishment|hair_care|point_of_interest
Casa De Las Extensiones BY MARIE GOMEZ,Salon de Belleza,General,Hernandarias,,"San Francisco, Hernandarias 100527, Paraguay",-25.4383904,-54.64105139999999,0973 120388,https://diegovfoto.wixsite.com/studio-lash,5.0,5,True,57,B,beauty_salon|establishment|point_of_interest
Tattoo Studio Carapeguá,Tatuajes/Piercing,Tattoo Studio,Carapeguá,,"6QM2+5X7, Carapeguá 090502, Paraguay",-25.7670932,-57.2475903,0975 674748,https://mobile.facebook.com/flx/warn/?u=https%3A%2F%2Fwww.Instagram.com%2Ffreakinksandfashion%2F&h=ATPd535gnSYGvGeBuVArPfa3NSH76NTib7VXkthWkfbde9lMMs4pENtasO9muhDksCFBNlbtq6KNbAWE6M7gZKmgPqYf73sK0GB6uuc7Pw&_rdc=1&_rdr,4.4,7,True,57,B,establishment|point_of_interest
DAIMY HAIR & MAKEUP,Peluqueria,General,,,"4000 4000 PARAGUARI, 4020, Paraguay",-25.6336677,-57.1610519,0971 727359,,2.0,2,False,57,B,establishment|point_of_interest
Salón de Belleza SAMY,Salon de Belleza,General,Concepción,,"JH78+5MR, Concepción 010103, Paraguay",-23.386192,-57.433491,0981 247045,,0.0,0,False,57,B,beauty_salon|establishment|point_of_interest
Donna_Bella Beauty Studio (De Dahiana Ortiz),Peluqueria,General,Concepción,,"Capitan A Caballero, Concepción 010110, Paraguay",-23.3999334,-57.4357862,0983 761819,,0.0,0,False,57,B,establishment|hair_care|point_of_interest
Mahia Beauty,Salon de Belleza,General,Coronel Oviedo,Barrio San Isidro,"Jaime, San Justo y, Cnel. Oviedo 3300, Paraguay",-25.4559121,-56.4531682,0985 654006,,0.0,0,False,57,B,beauty_salon|establishment|point_of_interest
Peluqueria Abigail,Peluqueria,General,Itá,,"Defensores del Chaco, Itá 110515, Paraguay",-25.4993871,-57.354341,0986 361292,,0.0,0,False,57,B,establishment|hair_care|point_of_interest
Peluquería Elegante Salón,Peluqueria,General,Pedro Juan Caballero,Vila Militar II,"F739+H2V, Av. Carlos Domínguez, Pedro Juan Caballero 130112, Paraguay",-22.5460015,-55.7324667,0983 905909,,0.0,0,False,57,B,establishment|hair_care|point_of_interest
Nail Sisters,Uñas/Nails,General,Ciudad del Este,,"F9W2+86J, Monseñor Rodríguez, Cd. del Este 100164, Paraguay",-25.5041644,-54.6494933,,,4.4,7,False,57,B,beauty_salon|establishment|point_of_interest
Bonita Beauty Salón ITAUGUÁ,Salon de Belleza,General,Itauguá,,"CABO GILBERTO FERNANDEZ CASI, Itauguá 2740, Paraguay",-25.3924723,-57.35286060000001,0985 381256,,0.0,0,False,57,B,beauty_salon|establishment|point_of_interest
Salón de belleza Mila y Mika,Peluqueria,General,Concepción,Barrio Villa Oliva,"020972935894, Concepción 8800, Paraguay",-23.3991749,-57.4268004,0972 935894,,0.0,0,False,57,B,establishment|hair_care|point_of_interest
Lujo Femenino Peluquería Bar de Belleza de Gloria Alvarenga,Peluqueria,General,Concepción,,"Villa Alta, Concepción 010102, Paraguay",-23.3875579,-57.43914679999999,0972 422915,,0.0,0,False,57,B,establishment|hair_care|point_of_interest
CENTRO DE DIAGNOSTICO VICTORIA,Otros,General,Villa Elisa,,"LOS NOGALES 214 ENTRE EL PINAR Y LOS OLIVOS VILLA ELISA, Villa Elisa 1505, Paraguay",-25.3602655,-57.5756025,0984 495570,https://instagram.com/cdd_victoria?utm_mrfium=copy_link,4.1,9,True,57,B,doctor|establishment|health|point_of_interest
Multicolor ink Paraguay,Peluqueria,General,Ciudad del Este,,"F9PP+5X9, Curupayty, Cd. del Este 100135, Paraguay",-25.5145994,-54.6125023,0986 380436,,0.0,0,False,57,B,establishment|point_of_interest|store
BARBERÍA WILLIAM,Barberia,General,Itaugua,,"JJCG+PVQ, Itaugua 110602, Paraguay",-25.3781648,-57.3727568,,,4.3,4,False,57,B,establishment|hair_care|health|point_of_interest
Dani Manicure,Salon de Belleza,General,Naranjal,,"Naranjal 101401, Paraguay",-25.9794555,-55.1737979,0982 374267,,0.0,0,False,57,B,beauty_salon|establishment|point_of_interest
Estilo y Belleza ISA,Peluqueria,General,Yaguarón,,"isabaru1203@gmail.com, Yaguarón 091502, Paraguay",-25.5640674,-57.28340610000001,0972 889986,,0.0,0,False,57,B,establishment|hair_care|point_of_interest
Centro de belleza. LAURITA,Salon de Belleza,General,Limpio,,"Gral. Elizardo Aquino 105, Limpio 2020, Paraguay",-25.16709,-57.4730122,0992 875570,,0.0,0,False,57,B,establishment|hair_care|point_of_interest
Salón de Belleza Cami,Peluqueria,General,Limpio,,"Prof. Rita Etelvina Gómez, Limpio 110824, Paraguay",-25.1879295,-57.4721357,0971 210568,,0.0,0,False,57,B,establishment|hair_care|point_of_interest
A.O Beauty Studio,Salon de Belleza,General,Hernandarias,,"J982+GFW, Hernandarias 100503, Paraguay",-25.3836401,-54.6488097,0976 921461,,0.0,0,False,57,B,beauty_salon|establishment|point_of_interest
Madame Esthetic,Salon de Belleza,General,Obligado,,"Banco Sudameris, Boqueron casi, Obligado 6360, Paraguay",-27.061329,-55.63502760000001,0986 646662,,1.0,2,False,57,B,beauty_salon|establishment|point_of_interest
Favisol peluqueria y belleza,Peluqueria,General,Areguá,,"Tramo caacupemi e, Areguá 0586, Paraguay",-25.2918928,-57.41112359999999,0982 223384,,0.0,0,False,57,B,beauty_salon|establishment|point_of_interest
En lo de Ara salón de belleza,Peluqueria,General,Hernandarias,,"con naranjo, Avenida las Acasias, Hernandarias 7220, Paraguay",-25.375831,-54.6548929,0973 623683,,0.0,0,False,57,B,establishment|hair_care|point_of_interest
Yaka Quiosco,Peluqueria,General,Areguá,,"Arasa poty, Areguá 110106, Paraguay",-25.2892955,-57.3983048,0971 640828,,0.0,0,False,57,B,establishment|hair_care|health|point_of_interest
Peluquería Marigaby,Peluqueria,General,Villarrica,,"Colon y, Villarrica 040103, Paraguay",-25.7785727,-56.44139269999999,0971 437358,,0.0,0,False,57,B,beauty_salon|establishment|point_of_interest
Dental Guarani S.A.,Otros,General,Asunción,,"Yegros esq., República de Colombia 1094, Asunción 001102, Paraguay",-25.29,-57.6377778,(021) 494 411,http://dentalguarani.com.py/,4.2,85,True,57,B,establishment|health|point_of_interest|store
Piu Bella Iguazú,Salon de Belleza,General,Puerto Iguazú,,"Av. Guaraní 57, N3370 Puerto Iguazú, Misiones, Argentina",-25.5971635,-54.578599,03757 15-68-2151,,1.0,2,False,57,B,beauty_salon|establishment|point_of_interest
Karen Ortiz Depilación,Salon de Belleza,General,Hernandarias,,"J953+64G, Tape Ryba, Hernandarias 100507, Paraguay",-25.3919641,-54.64712669999999,0975 148047,,0.0,0,False,57,B,beauty_salon|establishment|point_of_interest
Miss pestañas Itaugua,Pestañas/Cejas,General,Itauguá,,"Mariscal José Félix Estigarribia, Itauguá 110611, Paraguay",-25.3927173,-57.3542574,,,4.2,5,False,57,B,establishment|point_of_interest|spa
Peluqueria y barberia partner,Peluqueria,General,Itaugua,,"HJ8R+XC, Itaugua 110622, Paraguay",-25.432525,-57.35889960000001,0992 212762,,0.0,0,False,57,B,establishment|hair_care|point_of_interest
Santababy hairstudio,Peluqueria,General,Hernandarias,,"Colombia casi, Hernandarias 100510, Paraguay",-25.4036145,-54.6226749,0981 256417,,0.0,0,False,57,B,beauty_salon|establishment|point_of_interest
Lara Estética & Regalos,Peluqueria,General,Villarrica,,"5000, Villarrica 5000, Paraguay",-25.7813645,-56.4500128,0985 126338,,0.0,0,False,57,B,establishment|hair_care|point_of_interest
Kándi Coiffure,Peluqueria,General,Villarrica,,"6H33+2F6, Villarrica 040113, Paraguay",-25.7973869,-56.446379,0981 575236,,0.0,0,False,57,B,establishment|hair_care|point_of_interest
Cristi Novedades,Peluqueria,General,Villarrica,,"Ruy Diaz De Melgarejo, Villarrica 040109, Paraguay",-25.7791625,-56.44159440000001,0986 259883,,0.0,0,False,57,B,establishment|hair_care|point_of_interest
Peluquería Carmenchi 💅,Peluqueria,General,carumbey,,"Calle corta casi, carumbey 040101, Paraguay",-25.774243,-56.4316709,0985 654329,,0.0,0,False,57,B,establishment|hair_care|point_of_interest
Divina Beauty & Estética,Salon de Belleza,General,Santa Fe del Paraná,,"Santísima, Santa Fe del Paraná 102001, Paraguay",-25.2246622,-54.7049396,0985 988334,,0.0,0,False,57,B,beauty_salon|establishment|point_of_interest
Eva Cardozo Estudio de Belleza Integral,Salon de Belleza,General,Concepción,,"Rufino Spika, Concepción 010110, Paraguay",-23.4123365,-57.4419657,0976 593042,,0.0,0,False,57,B,beauty_salon|establishment|point_of_interest
Stylo Mujer Estudio,Salon de Belleza,General,Concepción,,"Calle Brasil esq, Concepción 2060, Paraguay",-23.4068572,-57.4421331,0976 845386,,0.0,0,False,57,B,beauty_salon|establishment|point_of_interest
Beluvill Salón de belleza✨💇🏻‍♀️💄,Peluqueria,General,Pilar,,"San Miguel, Pilar 120106, Paraguay",-26.8630665,-58.3066843,0972 448742,,0.0,0,False,57,B,establishment|hair_care|point_of_interest
Salon de belleza Delfi,Salon de Belleza,General,Coronel Oviedo,Barrio 12 De Junio,"Coronel Oviedo 050106, Paraguay",-25.4461139,-56.4392576,0973 985942,,0.0,0,False,57,B,beauty_salon|establishment|point_of_interest
Salon de belleza,Salon de Belleza,General,Limpio,,"14 de Mayo y, Limpio 110815, Paraguay",-25.168147,-57.4840084,0972 773447,,0.0,0,False,57,B,establishment|point_of_interest|store
Barbería y Peluquería Eithan💈,Peluqueria,General,Piribebuy,,"GXV3+JM2 Posada Dioscer, Piribebuy 031401, Paraguay",-25.4559192,-57.04671769999999,99482443,,0.0,0,False,57,B,establishment|hair_care|point_of_interest
Diana Beauty,Peluqueria,General,Padre franco,,"km 8 Monday, Padre franco 100204, Paraguay",-25.567486,-54.66453809999999,0984 153099,,0.0,0,False,57,B,establishment|hair_care|point_of_interest
Salón de Belleza MABEL COIFURE,Salon de Belleza,General,Ciudad del Este,,"F8RJ+8G6, José Martí, Cd. del Este 100170, Paraguay",-25.5091951,-54.66873829999999,0975 123469,,0.0,0,False,57,B,beauty_salon|establishment|point_of_interest
Bella Rosa Belleza Integral,Salon de Belleza,General,María Auxiliadora,,"Av. Los Colonos esq, María Auxiliadora 072402, Paraguay",-26.5369599,-55.2560376,0983 184205,,0.0,0,False,57,B,beauty_salon|establishment|point_of_interest
Daihana Verón,Peluqueria,General,Villa Elisa,,"2619, Villa Elisa 110211, Paraguay",-25.3771718,-57.59744970000001,0986 322536,,0.0,0,False,57,B,establishment|hair_care|point_of_interest
LaryCoiffure,Peluqueria,General,Villa Elisa,,"Campo Vía Casi, Villa Elisa 111515, Paraguay",-25.3840141,-57.5800698,0983 144257,,0.0,0,False,57,B,establishment|hair_care|point_of_interest
Siempre Bonita Peluquería y Spa de uñas,Peluqueria,Spa,Villa Elisa,,"Von Poleski casi, Villa Elisa 111506, Paraguay",-25.3677642,-57.5868858,0981 698498,,0.0,0,False,57,B,establishment|hair_care|point_of_interest
Liz Salón de Belleza,Salon de Belleza,General,Concepción,Barrio Villa Oliva,"Soldado Desconocido, Concepción 010104, Paraguay",-23.4011012,-57.4268626,0971 606919,,0.0,0,False,57,B,beauty_salon|establishment|point_of_interest
SeyDa,Peluqueria,General,Capiatá,,"19 de Marzo, Capiatá 231285, Paraguay",-25.3906449,-57.4342481,0995 634756,,0.0,0,False,57,B,establishment|hair_care|point_of_interest
Peluqueria MirEstilo,Peluqueria,General,Caaguazú,,"Com indj Kambay, Caaguazú 050223, Paraguay",-25.315709,-56.00380380000001,0986 602918,,0.0,0,False,57,B,establishment|hair_care|point_of_interest
Morena Tropicana,Salon de Belleza,General,Villa Hayes,,"Al Campo Vía casi, Villa Hayes 150401, Paraguay",-25.0882812,-57.5357409,0984 245960,,0.0,0,False,57,B,beauty_salon|establishment|point_of_interest
Peluqueria Barberia censi,Peluqueria,General,Hohenau,,"Hermanos sholler, Bernardino Caballero, Hohenau 071403, Paraguay",-27.0895904,-55.651729,0981 239530,,0.0,0,False,57,B,establishment|hair_care|health|point_of_interest
peluquería y venta de cosméticos Leila🥰,Peluqueria,General,Villa Hayes,,"San Roque, Villa Hayes 150413, Paraguay",-25.0804141,-57.54250369999999,0992 895328,,0.0,0,False,57,B,establishment|hair_care|point_of_interest
GLAM (Salón de belleza-Mili),Peluqueria,General,Villa Hayes,,"WF3J+JRX, Coronel Escurra, Villa Hayes 150404, Paraguay",-25.096018,-57.5180227,0985 458876,,0.0,0,False,57,B,establishment|hair_care|point_of_interest
Canela Femenino & Masculino,Peluqueria,General,Villa Elisa,,"Américo Pico, Villa Elisa 0000, Paraguay",-25.376013,-57.5827536,0992 313919,,0.0,0,False,57,B,establishment|hair_care|point_of_interest
Centro de Formacion y Capacitacion J.M,Peluqueria,General,Villa Elisa,,"Palma casi, Villa Elisa 111502, Paraguay",-25.3450144,-57.5817267,0985 299444,,0.0,0,False,57,B,establishment|hair_care|point_of_interest
Alexa Tú salón de belleza,Peluqueria,General,Villa Elisa,,"Av. Americo Picco CASI, Villa Elisa 111511, Paraguay",-25.376595,-57.583483,0994 842391,,0.0,0,False,57,B,establishment|hair_care|point_of_interest
Manicure Shely,Salon de Belleza,General,Santa Rita,,"francielepetry1992@gmail.com, Santa Rita 101302, Paraguay",-25.7917136,-55.0879338,0994 660187,,0.0,0,False,57,B,beauty_salon|establishment|point_of_interest
PR Micropigmentacion Santa Rita,Salon de Belleza,General,Santa Rita,,"5WX3+HPF, Unnamed Road, Santa Rita 101301, Paraguay",-25.8010566,-55.0957035,0981 208112,,0.0,0,False,57,B,beauty_salon|establishment|point_of_interest|spa
Bella Flor Salón de Belleza,Otros,General,Concepción,Barrio Itacurubi,"HHVC+PV3, Concepción 010109, Paraguay",-23.4057341,-57.427824,,,4.4,9,False,57,B,establishment|point_of_interest|shopping_mall
Laboratorio de belleza,Peluqueria,General,Capiatá,,"San gregorio, Capiatá 110229, Paraguay",-25.3807716,-57.42058189999999,0991 435103,,0.0,0,False,57,B,establishment|hair_care|point_of_interest
Salón de Belleza y Estética Mavi.,Peluqueria,General,Itacurubí de la Cordillera,,"Pirayu-I, Itacurubí de la Cordillera 030901, Paraguay",-25.4652822,-56.8712885,0971 525175,,0.0,0,False,57,B,establishment|hair_care|point_of_interest
Las consentidas de Deisy,Salon de Belleza,General,Obligado,,"Juan Pablo Paredes, Obligado 071702, Paraguay",-27.0504351,-55.6293334,0994 863379,,0.0,0,False,57,B,beauty_salon|establishment|point_of_interest
Gloria Coíffure,Peluqueria,General,Hohenau,,"W9M5+F64, Hohenau 6290, Paraguay",-27.0663621,-55.6419073,0975 353162,,0.0,0,False,57,B,establishment|hair_care|point_of_interest
Salon De Belleza Fiorela,Salon de Belleza,General,Hohenau,,"W992+2QX, Hohenau 071401, Paraguay",-27.0823922,-55.64800330000001,0983 302891,,0.0,0,False,57,B,establishment|hair_care|health|point_of_interest
JESSI GAONA MAKEUP & Beauty Salon,Salon de Belleza,General,Caaguazú,,"GXQG+FG4, Caaguazú 050209, Paraguay",-25.46137,-56.0236788,0972 862840,,0.0,0,False,57,B,beauty_salon|establishment|point_of_interest
Wanda Gonzalez Medical Spa,Spa/Wellness,Spa,Guaynabo,Frailes,"Av. Alejandrino C-5, Guaynabo, 00969, Puerto Rico",18.3674069,-66.0928397,(787) 562-2922,http://www.wandagonzalezmedicalspa.com/,4.4,21,True,57,B,establishment|health|point_of_interest|spa
Studio NK Hair,Peluqueria,General,,Centro,"Rua Renato - Tv. João Montemezzo, 165 - Sala 01 - Centro, Santa Terezinha de Itaipu - PR, 85875-024, Brazil",-25.4441777,-54.4025396,(45) 99931-2859,,0.0,0,False,57,B,beauty_salon|establishment|point_of_interest
Elegancia Company,Otros,General,Ciudad del Este,,"Edificio Victoria, Av. Adrián Jara Esquina, Cd. del Este 100136, Paraguay",-25.5111105,-54.6112793,,http://www.eleganciacompany.com/,4.2,791,True,57,B,clothing_store|establishment|point_of_interest|store
Marcela Neotti Hair,Peluqueria,General,,Centro,"R. Miguel Smack, 2130 - Centro, Santa Terezinha de Itaipu - PR, 85875-000, Brazil",-25.4436847,-54.4030929,(45) 99946-1595,,0.0,0,False,57,B,establishment|hair_care|point_of_interest
Salón María Mercedes,Peluqueria,General,Presidente Franco,,"Presidente Franco 7000, Paraguay",-25.5569168,-54.6162291,0993 277976,,0.0,0,False,57,B,establishment|hair_care|point_of_interest
Dr Peluqueria Salón,Peluqueria,General,Ciudad del Este,,"Em frente ao viaduto do km 4, F9V6+6WG, Av. San Blás, Cd. del Este 100129, Paraguay",-25.5069375,-54.6376875,(11) 97375-7871,https://web.pritweb.app/business/salao-de-beleza-dr-peluqueria,5.0,30,True,57,B,beauty_salon|establishment|point_of_interest
Norma Peña Centro Estético,Peluqueria,General,Concepción,,"Av. Boquerón casi, Concepción 0000, Paraguay",-23.4023993,-57.43368630000001,0972 906307,,0.0,0,False,57,B,establishment|hair_care|point_of_interest
Estética y Terapias Micheli Zamboni,Salon de Belleza,General,Naranjal,,"2RG7+665, Av. Naranjal, Naranjal 7570, Paraguay",-25.9744932,-55.1869011,0985 995010,,0.0,0,False,57,B,beauty_salon|establishment|health|point_of_interest|spa
Zipagautaexclusive,Salon de Belleza,General,,Morumbi,"R. Barão da Serra Negra, 1578 - Morumbi, Foz do Iguaçu - PR, 85858-430, Brazil",-25.5219953,-54.5384886,(45) 98822-6813,,0.0,0,False,57,B,beauty_salon|establishment|point_of_interest
HAIR SALON ADRY,Salon de Belleza,General,Coronel Oviedo,Barrio Gral Caballero,"Coronel Oviedo 050109, Paraguay",-25.4379037,-56.4536285,0994 165091,,0.0,0,False,57,B,establishment|hair_care|point_of_interest
Kokette 🎀,Salon de Belleza,General,Piribebuy,Barrio Virgen Del Rosario,"Barrio Virgen Del Rosario, Piribebuy 031401, Paraguay",-25.4592834,-57.0403771,0992 817330,,0.0,0,False,57,B,beauty_salon|establishment|point_of_interest
Fisio Estética San José,Salon de Belleza,General,Piribebuy,,"GXQ4+7MF, Piribebuy 031403, Paraguay",-25.4618117,-57.0433426,0981 764089,,0.0,0,False,57,B,beauty_salon|establishment|point_of_interest|spa
Mía Coiffure Luque,Peluqueria,General,Lúke,,"Maestro Félix, Lúke 110919, Paraguay",-25.2576177,-57.49564609999999,0986 931013,,0.0,0,False,57,B,establishment|hair_care|point_of_interest
Wanda Cuadrado,Salon de Belleza,General,Bahía Blanca,,"Alvear 251, B8000 Bahía Blanca, Provincia de Buenos Aires, Argentina",-38.7048666,-62.25489169999999,0291 436-2710,https://wandacuadrado.genovasite.com/?fbclid=PAdGRleANHTvNjbGNrApH9lGV4dG4DYWVtAjExAAGnvvjiE7PJaJp4r5Sw5Ugyd__y101YIS5-odaKkWPKvIn7l3_VmG326ptvyo4_aem_jqh-c4KomxvDdKbGAnshEw,4.8,33,True,57,B,beauty_salon|establishment|health|point_of_interest|spa
BeautyLovers - Carmen Duarte,Salon de Belleza,General,Concepción,,"Sargento Pirelli, Concepción 8700, Paraguay",-23.4048411,-57.4364712,0976 898510,,0.0,0,False,57,B,beauty_salon|establishment|point_of_interest
Noe belleza unica,Peluqueria,General,Presidente Franco,,"Presidente Franco 100221, Paraguay",-25.5730052,-54.6163143,0973 223872,,0.0,0,False,57,B,establishment|hair_care|point_of_interest
Alicia leiva woman studio,Peluqueria,General,Ciudad del Este,,"Km8monday, Cd. del Este 100177, Paraguay",-25.5252427,-54.6856573,0981 967654,,0.0,0,False,57,B,establishment|hair_care|point_of_interest
San13 tatto studio,Otros,General,Villa del Rosario,,"9 de Julio 1049, X5963 Villa del Rosario, Córdoba, Argentina",-31.5522376,-63.5324767,03573 15-43-1657,https://www.instagram.com/san13.tattoo.studio/,5.0,2,True,55,B,establishment|point_of_interest
Vianconi Nails Py,Uñas/Nails,Salon Uñas,Asunción,,"25 De Mayo, &, Asunción 001228, Paraguay",-25.2977519,-57.6052719,0983 189005,https://instagram.com/vianconi.py?igshid=OGQ5ZDc2ODk2ZA==,5.0,2,True,55,B,beauty_salon|establishment|point_of_interest
J.R BARBER,Barberia,General,Ypané,,"Nuestra señora de la Asunción, e/ iturbe, Ypané 111801, Paraguay",-25.4559253,-57.5111623,0984 416720,,0.0,0,False,55,B,establishment|hair_care|point_of_interest
Estetica Dolce Vita,Estetica/Facial,General,Posadas,,"Av. Libertador Gral. San Martín 3786, N3300 Posadas, Misiones, Argentina",-27.3820451,-55.9188122,0376 508-1080,https://www.instagram.com/estetica_dolcevita_?igsh=Y21oN2JzMGJ4cWl4,5.0,2,True,55,B,establishment|point_of_interest
Tatuajes,Tatuajes/Piercing,General,Asunción,,"Teniente Héctor Vera 1443-1407, Asunción 001411, Paraguay",-25.2872556,-57.5755564,0976 408281,,3.0,2,False,55,B,establishment|point_of_interest
Maga Nails and lashes,Uñas/Nails,Salon Uñas,Ypané,,"GFRW+MMP, Conexión a Cañada Rojas, Ypané 111802, Paraguay",-25.4582886,-57.50328469999999,,,5.0,1,False,55,B,beauty_salon|establishment|point_of_interest
VC Tattoo - Piercing & Barber Shop,Barberia,Barberia Moderna,Lambaré,,"Juan León Mallorquin 1419, Lambaré 110727, Paraguay",-25.3538139,-57.6285907,0971 788400,,0.0,0,False,55,B,establishment|hair_care|health|point_of_interest
Don colman,Otros,General,Caacupé,,"JV62+F8C, Caacupé 030106, Paraguay",-25.3888102,-57.1492272,,,5.0,1,False,55,B,establishment|point_of_interest
Tathystore2022,Otros,General,Villa del Rosario,,"Carlos A. López, Villa del Rosario 021301, Paraguay",-24.4165955,-57.1100619,0985 273693,,3.0,1,False,55,B,establishment|point_of_interest|store
Crazy Barber-Ezequiel Figori,Barberia,General,Yaguarón,,"Yaguarón 091501, Paraguay",-25.5542239,-57.2861133,0994 260503,,0.0,0,False,55,B,establishment|hair_care|point_of_interest
Pamelú makeup studio,Maquillaje,General,Yaguarón,,"Avda. Ñaguaru, Yaguarón 091503, Paraguay",-25.5695727,-57.2867342,,,5.0,1,False,55,B,beauty_salon|establishment|point_of_interest
Hermenails,Uñas/Nails,Salon Uñas,Yaguarón,,"FP27+JXR, Yaguarón 091516, Paraguay",-25.5489431,-57.2862391,,,4.7,3,False,55,B,beauty_salon|establishment|point_of_interest
Gloom. | Estudio Privado de Tatuaje|,Tatuajes/Piercing,General,Luque,,"Arsenio Erico, Luque 2060, Paraguay",-25.2834368,-57.4947023,0987 194494,https://wa.me/595987194494,5.0,3,True,55,B,establishment|point_of_interest
Ripor Barber Estudio,Barberia,General,San Pedro de Ycuamandyyú,,"020101, San Pedro de Ycuamandyyú 020101, Paraguay",-24.0823921,-57.0795058,0975 295805,,0.0,0,False,55,B,establishment|hair_care|point_of_interest
“Lupita”_Nails_Coiffure,Uñas/Nails,Salon Uñas,Itaugua,,"Itaugua 110623, Paraguay",-25.4376853,-57.33828390000001,0982 901760,,3.0,1,False,55,B,beauty_salon|establishment|point_of_interest
MIRelax Masajes Rosario,Spa/Wellness,General,Rosario,,"Cerrito 1688, S2000EIH Rosario, Santa Fe, Argentina",-32.9603619,-60.6501124,,http://www.instagram.com/mirelax_masajes_rosario,5.0,2,True,55,B,establishment|point_of_interest
Barber Shop Thiago,Barberia,Barberia Moderna,Itá,,"GJG8+CRW, Itá 110514, Paraguay",-25.4738771,-57.3829072,0983 050777,,0.0,0,False,55,B,establishment|hair_care|health|point_of_interest
Sol Pleno Estética Bronceado,Otros,General,Encarnación,,"Pedro Juan Caballero, Encarnación 070119, Paraguay",-27.343491,-55.8631168,0972 272085,https://instagram.com/solplenoesteticabronceado,5.0,1,True,55,B,establishment|point_of_interest
Lili Nails,Uñas/Nails,Salon Uñas,Limpio,,"RGM3+2XQ, Parapití 1765, Limpio 110814, Paraguay",-25.167021,-57.49545200000001,,,5.0,1,False,55,B,beauty_salon|establishment|point_of_interest
Marisol Arguello Nails,Uñas/Nails,Salon Uñas,Yaguarón,,"CPX6+5MJ, Yaguarón 091501, Paraguay",-25.5517423,-57.2900758,,,5.0,2,False,55,B,establishment|point_of_interest
Cosmética Morena Yaguarón,Otros,General,Yaguarón,,"CPP8+VH2, Mariscal Francisco Solano López, Yaguarón 091502, Paraguay",-25.5628683,-57.2836126,,,5.0,1,False,55,B,establishment|point_of_interest|store
Despensa y Botiquín San Cosme,Otros,General,San Cosme y Damián,,"MMJ8+FF6, San Damian, San Cosme y Damián 071901, Paraguay",-27.3188394,-56.33384840000001,,,5.0,3,False,55,B,establishment|health|pharmacy|point_of_interest|store
Centro de Salud San Cosme y Damián,Otros,General,San Cosme y Damián,,"MMPC+F7X, Avenida 24 de diciembre, San Cosme y Damián 071901, Paraguay",-27.3137529,-56.3292584,,,5.0,1,False,55,B,establishment|health|hospital|point_of_interest
"PUESTO DE SALUD LOMAS VAENTINAS, SAN COSME Y DAMIAN ITAPUA",Otros,General,,,"Desvío a San Cosme y Damián, 071904, Paraguay",-27.2902917,-56.3886191,,,5.0,1,False,55,B,establishment|health|point_of_interest
GV Nails Luque Py (uñas esculpidas),Uñas/Nails,Salon Uñas,Lúke,,"Vicepresidente Sánchez, Lúke 110918, Paraguay",-25.2634542,-57.49333799999999,0962 335785,https://www.instagram.com/gv_naildesignerpy?igsh=ZmFmdmRsdTQ3M2Zv,5.0,2,True,55,B,beauty_salon|establishment|point_of_interest
7GYM LIMPIO,Gimnasio/Fitness,Gimnasio,Limpio,,"001364, Limpio 110809, Paraguay",-25.1523782,-57.4790019,0975 821113,https://www.7gym.com.py/,4.9,17,True,55,B,establishment|gym|health|point_of_interest
Laca Beauty - Encarnación,Otros,General,Encarnación,,"Lomas Valentinas 983, Encarnación 070118, Paraguay",-27.33687,-55.8627893,0985 483244,https://www.instagram.com/lacabeautyencarnacion?igsh=NG5lMHozZzBqZnBz,5.0,3,True,55,B,establishment|point_of_interest|store
Barber House,Barberia,General,Itá,,"maria auxiliadora, Itá 110517, Paraguay",-25.4667057,-57.34841240000001,0986 750791,,0.0,0,False,55,B,establishment|hair_care|point_of_interest
Wolf Barber Shop,Barberia,Barberia Moderna,Itá,,"2710, Itá 110519, Paraguay",-25.5041444,-57.33958699999999,0986 165766,,0.0,0,False,55,B,establishment|hair_care|point_of_interest
Rubí Nails,Uñas/Nails,Salon Uñas,Limpio,,"Limpio 110813, Paraguay",-25.16921,-57.4728169,0991 860910,https://instagram.com/rubi_nails_01?igshid=MzRlODBiNWFlZA==,5.0,3,True,55,B,establishment|point_of_interest|spa
Luzma nails.,Uñas/Nails,Salon Uñas,Limpio,,"RGX7+J7H, Limpio 110809, Paraguay",-25.1509363,-57.48675549999999,,,5.0,1,False,55,B,beauty_salon|establishment|point_of_interest
Nails Vio,Uñas/Nails,Salon Uñas,Limpio,,"QGVR+493, Limpio 110827, Paraguay",-25.2072375,-57.4590899,0984 767698,https://instagram.com/nails_vio/,5.0,4,True,55,B,beauty_salon|establishment|point_of_interest
patty_nails21_caacupé,Uñas/Nails,Salon Uñas,Caacupé,Santa Maria,"Alberdi, Caacupé 030108, Paraguay",-25.3952597,-57.1503928,,,5.0,1,False,55,B,beauty_salon|establishment|point_of_interest
Body spa Yani Palacios,Spa/Wellness,Spa,San Cosme y Damián,,"MMJC+47C, Julia Miranda Cueto de Estigarribia, San Cosme y Damián 071901, Paraguay",-27.3196831,-56.32937459999999,,,3.0,2,False,55,B,beauty_salon|establishment|point_of_interest
Marcos Ortiz Barber Estudio,Barberia,General,Itauguá,,"Valle Kare, Itauguá 110603, Paraguay",-25.3818209,-57.3660388,0972 389645,,0.0,0,False,55,B,establishment|hair_care|point_of_interest
Estadio Municipal de Ayolas,Otros,General,Ayolas,,"J45W+473, Ayolas 080203, Paraguay",-27.3922493,-56.8543359,,,5.0,2,False,55,B,establishment|point_of_interest
Club san antonio,Otros,General,Ayolas,,"J542+373, Av. Mariscal Francisco Solano López, Ayolas 080203, Paraguay",-27.395749,-56.848306,,,5.0,2,False,55,B,establishment|point_of_interest
Jessi Lezcano Design and makeup,Maquillaje,General,Ayolas,,"J5HX+2PQ, Ayolas 080201, Paraguay",-27.3724177,-56.8006356,0985 267607,https://www.instagram.com/jessilez_design.andmakeup?igsh=cnpsMzV5ajRwM3pu&utm_source=qr,5.0,1,True,55,B,beauty_salon|establishment|point_of_interest
Clínica la Gracia,Otros,General,Ypané,,"GFRV+3P4, &, Ypané 111802, Paraguay",-25.4598525,-57.5058222,,,5.0,4,False,55,B,establishment|health|point_of_interest
Maria Cecilia - Manicura y Pedicura,Uñas/Nails,Salon Uñas,Encarnación,,"Arquitecto Tomas Romero Pereira, Primer piso 643, Encarnación 6000, Paraguay",-27.3312893,-55.8623063,0975 771454,https://www.instagram.com/ma.ria.cecilia/?igshid=YmMyMTA2M2Y=,5.0,4,True,55,B,beauty_salon|establishment|point_of_interest
BARBER SHOP IJ,Barberia,Barberia Moderna,San Ignacio Guazú,,"4X36+QHM, Tte. Edmundo Centeno, San Ignacio Guazú 080306, Paraguay",-26.8955448,-57.0385933,0983 945923,,0.0,0,False,55,B,establishment|hair_care|health|point_of_interest
ROLIBARBER LOCAL I San Ignacio,Barberia,General,San Ignacio Guazú,,"4X6G+H2C, Av. San Roque Gonzalez de Sta. Cruz, San Ignacio Guazú 080304, Paraguay",-26.8885686,-57.0249518,0986 144741,,0.0,0,False,55,B,establishment|hair_care|health|point_of_interest
"Glow Spa, Lambare",Spa/Wellness,Spa,Lambaré,,"Guarambare 5650, casi, Lambaré 110706, Paraguay",-25.3333221,-57.61959359999999,0993 545485,https://instagram.com/glowspa_py?igshid=MWI4MTIyMDE=,3.0,2,True,55,B,establishment|point_of_interest|spa
Lady Barber Gaby,Barberia,General,Caacupé,,"Caacupé 030106, Paraguay",-25.3888102,-57.1492272,0971 739018,,0.0,0,False,55,B,establishment|hair_care|health|point_of_interest
DelaCruzbarbershop,Barberia,General,San Ignacio Guazú,,"San Ignacio Guazú 080304, Paraguay",-26.8866893,-57.0286744,,https://www.instagram.com/delacruzbarber_py?igsh=eWF5dnpmMmprZG9p,5.0,5,True,55,B,establishment|hair_care|health|point_of_interest
DaniloBarber☆☆☆☆☆,Barberia,General,San Ignacio Guazú,,"4X6P+FQ8, Mcal. Estigarribia, San Ignacio Guazú 080302, Paraguay",-26.8888355,-57.0130606,0983 291298,,0.0,0,False,55,B,establishment|hair_care|health|point_of_interest
NAC y CIA/ Cledia Nails Lashes Brown,Uñas/Nails,Salon Uñas,Caacupé,Yvu,"Intendente Ortiz 1378, Caacupé 030106, Paraguay",-25.384401,-57.1449536,0981 000696,https://www.instagram.com/nacycia?igsh=c2tyanRlNm4yMjJq,5.0,1,True,55,B,establishment|hair_care|point_of_interest
Merylu Estética Integral,Otros,General,Caacupé,,"JRCW+PM7, Caacupé 030106, Paraguay",-25.3782423,-57.1527226,0981 001128,https://www.instagram.com/meryluesteticaintegral?igsh=MTBjNXNnZjlxbDZpYw==,5.0,1,True,55,B,establishment|point_of_interest
Mundial COSMETICOS,Estetica/Facial,Perfumeria,Santa Rita,,"Av. Monseñor Van Hacken y, Santa Rita 101302, Paraguay",-25.8013607,-55.0910974,0983 740046,https://instagram.com/cosmeticos_mundial?igshid=ZDdkNTZiNTM=,5.0,1,True,55,B,establishment|point_of_interest
Sandra Silva Nails,Uñas/Nails,Salon Uñas,Obligado,,"Obligado 071703, Paraguay",-27.0601155,-55.6365427,0984 928784,https://www.instagram.com/sandra_silva.nails?igsh=MWttM3NzMzRtNHJ0ZA==,5.0,1,True,55,B,beauty_salon|establishment|point_of_interest
Estudio Original de Tatuaje & Piercing,Tatuajes/Piercing,Piercing Studio,Kapi'atã,,"Calle 11, Kapi'atã 110224, Paraguay",-25.3604444,-57.4257201,,,5.0,2,False,55,B,establishment|point_of_interest|store
Tattoo Xpresss,Tatuajes/Piercing,General,Capiatá,,"JH99+5C8, Arrúa, Capiatá 110231, Paraguay",-25.3820862,-57.4314145,0991 841327,https://instagram.com/tattooxpresss?igshid=YmMyMTA2M2Y=,4.5,2,True,55,B,establishment|point_of_interest
Nomades Rock & Tattoo,Tatuajes/Piercing,General,Capiatá,,"Boquerón, Entre 1 de marzo y, Capiatá 110217, Paraguay",-25.3554856,-57.444757,0299 515-0382,https://instagram.com/fer_nomades?igshid=1hoquoa0fuxxn,5.0,4,True,55,B,establishment|point_of_interest|store
Esencial Barber Club,Barberia,General,Villarrica,,"Hernandarias casi con, Villarrica 040101, Paraguay",-25.7834411,-56.4505504,0975 913228,,0.0,0,False,55,B,establishment|hair_care|health|point_of_interest
Maquillaje y Uñas Aline,Uñas/Nails,Salon Uñas,Villarrica,,"Blvd. Caballero, Villarrica 040109, Paraguay",-25.7774339,-56.4540431,0991 452022,https://www.instagram.com/alinegmakeup_nails?igsh=MzAyNWhvM2x1MW51&utm_source=qr,5.0,4,True,55,B,beauty_salon|establishment|hair_care|point_of_interest
Barbería AC,Barberia,General,Villarrica,,"Ykua Angu’a entre, Av. Espana y, Villarrica 040110, Paraguay",-25.7780173,-56.4614033,0982 856575,,0.0,0,False,55,B,establishment|hair_care|health|point_of_interest
SG BARBERIA,Barberia,General,Mariano Roque Alonso,Caacupe Mi,"Saavedra y, Mariano Roque Alonso 111015, Paraguay",-25.2056861,-57.5499779,0991 997038,,0.0,0,False,55,B,establishment|hair_care|health|point_of_interest
Hadasa perfumes,Otros,General,Santa Rita,,"A lado de de la nueva local de todo x 20, Santa Rita 101301, Paraguay",-25.7993276,-55.0902459,,,5.0,1,False,55,B,clothing_store|establishment|point_of_interest|store
Torre de Minga Guazu,Otros,General,Minga Guazú,,"Unnamed Road, C56V+Q3F, Minga Guazú 101123, Paraguay",-25.5880568,-54.8073243,,,5.0,2,False,55,B,establishment|point_of_interest
Cosmetic Shop,Estetica/Facial,General,Atyrá,,"PR9F+MX5, Ruta Tobati - Atyra, Atyrá 030401, Paraguay",-25.2808623,-57.1750142,,,5.0,1,False,55,B,establishment|point_of_interest
"YryvuKeha Galería de Arte, Atyra Cordillera",Otros,General,Atyrá,,"Monte Alto, Atyra Parque privado Yryvu Keha, Atyrá 030405, Paraguay",-25.2786992,-57.14926269999999,,https://www.youtube.com/@PomberoRoga,4.7,154,True,55,B,art_gallery|establishment|point_of_interest
"""KB"" Studio Nails",Uñas/Nails,Salon Uñas,Pedro Juan Caballero,,"F726+CM4, Av. Carlos Domínguez, Pedro Juan Caballero 130111, Paraguay",-22.548998,-55.738308,,,5.0,2,False,55,B,beauty_salon|establishment|point_of_interest
BARBERIA Sr. BRACHT (UNIDAD DEWES),Barberia,General,Santa Rita,,"6V4X+W7, Santa Rita 101306, Paraguay",-25.7927397,-55.1017772,0982 475902,,0.0,0,False,55,B,establishment|hair_care|health|point_of_interest
Amanda hengemeier makeup,Maquillaje,General,Santa Rita,,"Fraccion Santa Lucia, Santa Rita 101305, Paraguay",-25.8185897,-55.1065232,,,5.0,1,False,55,B,beauty_salon|establishment|point_of_interest
Barberia Jonavajas,Barberia,General,Ñemby,,"1º de Mayo, Ñemby 111203, Paraguay",-25.3719832,-57.54840000000001,,https://instagram.com/_jonavajas_?utm_medium=copy_link,5.0,5,True,55,B,establishment|hair_care|health|point_of_interest
Jessnail,Uñas/Nails,General,Areguá,,"MH9X+J96, Ruta Aregua, Areguá 110121, Paraguay",-25.3309735,-57.40160179999999,,,5.0,1,False,55,B,beauty_salon|establishment|point_of_interest
Ruthinails_,Uñas/Nails,Salon Uñas,Fernando de la Mora,Fernando Zona Norte,"Inmaculada Concepción, Fernando de la Mora 110308, Paraguay",-25.3212467,-57.5573991,0991 688449,https://www.instagram.com/ruthinailsfdm?igsh=MTdhMnZmZjluZXNwZg==&utm_source=qr,5.0,1,True,55,B,beauty_salon|establishment|point_of_interest
Belleza y Compañía,Otros,General,Coronel Bogado,,"Calle 9, Cnel. Bogado 070801, Paraguay",-27.1624533,-56.245605,,,5.0,2,False,55,B,establishment|food|point_of_interest|store
Fisioestetica Alma,Estetica/Facial,General,Coronel Bogado,,"RQM4+67C, Coronel Bogado 070804, Paraguay",-27.1669355,-56.2443696,0985 811802,,3.3,3,False,55,B,establishment|health|physiotherapist|point_of_interest
Bogado Parfum,Otros,General,Coronel Bogado,,"RQR8+29P, Coronel Bogado 070802, Paraguay",-27.1599173,-56.2340378,,,5.0,1,False,55,B,clothing_store|establishment|point_of_interest|store
Elizangela Collis nails designer,Uñas/Nails,Salon Uñas,Minga Guazú,,"G449+FJ4, Minga Guazú 101126, Paraguay",-25.4940258,-54.88089489999999,,,5.0,1,False,55,B,beauty_salon|establishment|point_of_interest
Clinica de Cirugía Plástica dr. Jordan,Otros,General,Santa Rita,,"Av. Santa Rita, esquina tajy Santa Rita, Santa Rita 7540, Paraguay",-25.7992396,-55.0863074,0981 344945,https://instagram.com/clinica_drjordan?igshid=YmMyMTA2M2Y=,5.0,1,True,55,B,establishment|point_of_interest
RED FITNESS GYM,Gimnasio/Fitness,Gimnasio,Areguá,,"Jazmin y, Areguá 110115, Paraguay",-25.3069829,-57.4159633,,https://www.instagram.com/redfitnessgympy?igsh=MWE3cHhiaWo0Z2U0Zw==,5.0,3,True,55,B,establishment|gym|health|point_of_interest
Briso Arena Sport,Gimnasio/Fitness,General,Areguá,,"PHMH+6Q6, Areguá 110107, Paraguay",-25.2669663,-57.4205968,,https://www.facebook.com/brisoarenasport/,4.5,4,True,55,B,establishment|gym|health|point_of_interest
Jatere Barber,Barberia,General,Capiatá,,"JHV4+Q4F, Capiatá 110217, Paraguay",-25.3555625,-57.4446875,0994 703557,https://www.atom.bio/jaterebarber_?fbclid=PAAaa3EWSolD8-KHsS2khi38vJrXJInpkJOg5KCBWYROaJu5VUcRjXlUBr0L0,4.6,20,True,55,B,establishment|hair_care|health|point_of_interest
MQ Barber,Barberia,General,Capiatá,,"JHV5+JPR, Capiatá 110220, Paraguay",-25.3558871,-57.44074519999999,0981 979339,,0.0,0,False,55,B,establishment|hair_care|health|point_of_interest
Pintarte Nails,Uñas/Nails,Salon Uñas,Coronel Bogado,,"Av. Jose Felix Bogado casi, Cnel. Bogado 070804, Paraguay",-27.1675009,-56.2414362,,,5.0,3,False,55,B,beauty_salon|establishment|point_of_interest
Nuvia Piercings,Tatuajes/Piercing,Piercing Studio,Minga Guazú,,"Minga guazu km 13 2 cuadras de la ruta, Minga Guazú 100103, Minga Guazú 100103, Paraguay",-25.4883254,-54.7351564,0973 685477,https://www.instagram.com/nuvia.piercings?igsh=dDBsenRvM2J0emlw&utm_source=qr,5.0,1,True,55,B,establishment|point_of_interest
Careglam,Otros,General,Coronel Bogado,,"RQV7+362, Gral. Diaz, Cnel. Bogado 070802, Paraguay",-27.1573596,-56.2369782,,,5.0,1,False,55,B,establishment|point_of_interest|store
Lobe Piercing & Tattoo Studio,Tatuajes/Piercing,Tattoo Studio,Pedro Juan Caballero,,"C7V2+CJ8, José A. y Castro, Pedro Juan Caballero 130115, Paraguay",-22.556283,-55.7491188,,,5.0,2,False,55,B,establishment|point_of_interest
AB Barbershop,Barberia,General,Hohenau,,"Av. Osvaldo Tischler, Hohenau 071401, Paraguay",-27.0689789,-55.6422038,0975 143234,,0.0,0,False,55,B,establishment|hair_care|health|point_of_interest
Gloria Franco Estética y Depilación,Otros,General,Hernandarias,,"Hernandarias 100518, Paraguay",-25.437874,-54.64212329999999,0992 764945,https://www.facebook.com/pages/category/Health-Beauty/Gloria-Franco-Fisio-Est%C3%A9tica-103229621139440/,5.0,1,True,55,B,establishment|health|point_of_interest
Nails y lashes by Adriana,Uñas/Nails,Salon Uñas,Hernandarias,,"H965+3HM, Hernandarias 100518, Paraguay",-25.4397972,-54.6410837,,,5.0,2,False,55,B,beauty_salon|establishment|point_of_interest
CAPO BARBER CLUB,Barberia,General,Benjamín Aceval,,"Aquidabán, Benjamín Aceval 150202, Paraguay",-25.0075035,-57.55568419999999,0994 907615,,0.0,0,False,55,B,establishment|hair_care|health|point_of_interest
Diego tattoo,Tatuajes/Piercing,General,Capiatá,,"JH9H+6W7, Capiatá 110229, Paraguay",-25.381988,-57.42024129999999,,,5.0,2,False,55,B,establishment|point_of_interest
Farmacenter Obligado,Spa/Wellness,General,Obligado,,"Avda. Dr, Av. Gaspar Rodriguez de Francia esquina, Obligado 1702, Paraguay",-27.0606671,-55.6338984,(021) 262 6000,http://www.farmacenter.com.py/,4.6,14,True,55,B,establishment|health|pharmacy|point_of_interest|store
Jen Nails,Uñas/Nails,Salon Uñas,Hernandarias,,"H9RF+P44, Hernandarias 100511, Paraguay",-25.4082424,-54.62718169999999,,,5.0,1,False,55,B,beauty_salon|establishment|point_of_interest
TL_Salón_import (servicios de uñas maquillaje) ropa productos y joyas,Uñas/Nails,Salon Uñas,Obligado,,"W9HJ+388, Obligado 071703, Paraguay",-27.072474,-55.6192799,0993 554048,https://www.instagram.com/tl_salon_import?igsh=bmRoa2wwcjE5OGUx&utm_source=qr,5.0,1,True,55,B,beauty_salon|establishment|point_of_interest
Delicatta Cosméticos,Otros,General,Santa Rita,,"6W37+2G9, Santa Rita 101304, Paraguay",-25.7974673,-55.0861513,0984 329180,https://instagram.com/delicatta_cosmeticospy?igshid=MzRlODBiNWFlZA==,5.0,2,True,55,B,establishment|point_of_interest|store
Jade Barber Studio,Barberia,General,Presidente Franco,,"Presidente Franco 100221, Paraguay",-25.5722737,-54.6177532,0985 140179,,0.0,0,False,55,B,establishment|hair_care|health|point_of_interest
Brillitos Ñemby - Natty Piercer,Otros,General,Ñemby,,"Primavera esquina, Ñemby 111205, Paraguay",-25.3758769,-57.54401559999999,0974 891850,https://www.instagram.com/bodypiercing_18,5.0,2,True,55,B,establishment|jewelry_store|point_of_interest|store
Araceli Britez Make Up,Maquillaje,General,Altos,,"PPRW+V9P, Las Residentas, Altos 030201, Paraguay",-25.2577834,-57.254037,,,5.0,3,False,55,B,beauty_salon|establishment|point_of_interest
Yessicafarinails,Uñas/Nails,Salon Uñas,Altos,,"PPRW+QF4, Altos 030201, Paraguay",-25.2593523,-57.2541249,,,5.0,4,False,55,B,beauty_salon|establishment|point_of_interest
Fantasy Salón de Eventos,Otros,General,Pedro Juan Caballero,,"C7R5+PCP, José Asunción Flores, Pedro Juan Caballero 130119, Paraguay",-22.558166,-55.74143669999999,,,5.0,1,False,55,B,establishment|point_of_interest
Barbería Leon,Barberia,General,Pedro Juan Caballero,,"General Bruguez 1363, Pedro Juan Caballero 130110, Paraguay",-22.542725,-55.736526,0973 205831,,0.0,0,False,55,B,establishment|hair_care|health|point_of_interest
UNIDAD REHABILITACION INTEGRAL,Gimnasio/Fitness,General,Lúke,,"Sauce 573, Lúke 2060, Paraguay",-25.2707623,-57.5024217,0992 441524,https://unidad.com.py/,5.0,19,True,55,B,establishment|gym|health|physiotherapist|point_of_interest
Paoli Nails,Uñas/Nails,Salon Uñas,Villarrica,,"6HGC+G7F, Manuel Ortíz Guerrero, Villarrica 040105, Paraguay",-25.774151,-56.430008,,,5.0,2,False,55,B,beauty_salon|establishment|point_of_interest
Rose Nails,Uñas/Nails,Salon Uñas,Villarrica,,"6GHW+25H, Villarrica 040101, Paraguay",-25.7720109,-56.454446,,,4.5,2,False,55,B,beauty_salon|establishment|point_of_interest
Anita Nails,Uñas/Nails,Salon Uñas,Capiatá,Posta Ybycua,"JG5C+5CJ, Capiatá 110246, Paraguay",-25.3920325,-57.4789835,,,5.0,1,False,55,B,beauty_salon|establishment|point_of_interest
Tania Nails,Uñas/Nails,Salon Uñas,Capiatá,,"HHQC+27V, Felipe Toledo, Capiatá 111912, Paraguay",-25.4123936,-57.42933749999999,0972 564123,https://www.instagram.com/tania_nailsartist?igsh=MTZocG03czVsOXA2Zw%3D%3D&utm_source=qr,5.0,3,True,55,B,beauty_salon|establishment|point_of_interest
Melissa Nails,Uñas/Nails,Salon Uñas,Capiatá,,"A pasos de Quinta Malta, Capiatá 110207, Paraguay",-25.3474705,-57.4546554,0986 264730,https://www.instagram.com/melissanails__?igsh=MW1zODZ0czNuZWV3aA==,5.0,3,True,55,B,beauty_salon|establishment|point_of_interest
Melukinails,Uñas/Nails,Salon Uñas,Capiatá,Posta Ybycua,"110245, Capiatá 110247, Paraguay",-25.4062462,-57.4801508,0994 528137,https://instagram.com/melukinails?igshid=YmMyMTA2M2Y=,4.7,3,True,55,B,beauty_salon|establishment|point_of_interest
Morgana_studio1,Otros,General,zona norte,,"Mcal, López C/ libertad, paseo Dylan local N 7 Fernando de la Mora zona norte Fernando de la Mora, zona norte 110301, Paraguay",-25.3106704,-57.5307789,0991 381540,https://instagram.com/morgana_studio1?igshid=1lp2saqxvph5n,5.0,1,True,55,B,establishment|point_of_interest
Ferrari Clinic,Otros,General,Villa Hayes,,"WF69+59M, PY09, Villa Hayes 150401, Paraguay",-25.0895274,-57.5315884,,,5.0,1,False,55,B,establishment|health|point_of_interest
EB Barber Studio,Barberia,General,Villarrica,,"Calle Venancio Garay, entre Constitución y, Villarrica 040113, Paraguay",-25.7927847,-56.4500991,0984 384990,,0.0,0,False,55,B,establishment|hair_care|health|point_of_interest
Matix Barber,Barberia,General,Villarrica,,"Villarrica 040112, Paraguay",-25.796782,-56.45684259999999,0971 460986,,0.0,0,False,55,B,establishment|hair_care|health|point_of_interest
Aesthetic Fitness Gym,Gimnasio/Fitness,Gimnasio,Villarrica,,"6H72+RHH, Villarrica 040108, Paraguay",-25.7855063,-56.4483785,,,3.0,1,False,55,B,establishment|gym|health|point_of_interest
TOTO BARBER SHOP,Barberia,Barberia Moderna,San Lorenzo,,"Los Laureles &, MG92+R24, San Javier, San Lorenzo 111411, Paraguay",-25.3304859,-57.4999226,0991 897438,,0.0,0,False,55,B,establishment|hair_care|health|point_of_interest
Paradise_nails,Uñas/Nails,Salon Uñas,San Lorenzo,,"MF2R+755, Tte Benitez, San Lorenzo 111430, Paraguay",-25.3493344,-57.50941890000001,0985 320073,https://www.instagram.com/paradise_nails2204?igsh=OTlhbHU3bDNraW1k,5.0,3,True,55,B,beauty_salon|establishment|point_of_interest
Adri Glam Studio ✨💄 | Maquillaje Social y Glam • Perfilado de cejas •Henna,Maquillaje,General,Hernandarias,,"0, Hernandarias 100501, Paraguay",-25.4097601,-54.6232057,0972 707224,https://www.instagram.com/adriglamstudiopy?igsh=MWdhbzJjMWF5aHFrMQ==&utm_source=qr,5.0,2,True,55,B,beauty_salon|establishment|point_of_interest
Amado Nails,Uñas/Nails,Salon Uñas,Hohenau,,"W9P6+5XR, Hohenau 071402, Paraguay",-27.0645171,-55.63759469999999,,,5.0,1,False,55,B,beauty_salon|establishment|point_of_interest
Marta Arzamendia Nails,Uñas/Nails,Salon Uñas,Villarrica,,"6HC8+G6M, Villarrica 040106, Paraguay",-25.77862,-56.4344595,,,5.0,1,False,55,B,beauty_salon|establishment|point_of_interest
KALOBARBER UNISEX 💈✂️,Barberia,General,Ñemby,,"JC5R+54H, Ñemby 111212, Paraguay",-25.3920643,-57.5596345,0982 216846,,0.0,0,False,55,B,establishment|hair_care|health|point_of_interest
Microblading/ microshading,Pestañas/Cejas,General,San Ignacio,,"N3322 San Ignacio, Misiones Province, Argentina",-27.2676752,-55.524962,03755 37-8050,,3.3,3,False,55,B,establishment|point_of_interest|store
BELLA DONNA. Centro De Estetica Integral,Estetica/Facial,Centro Estetica,Hohenau,,"W82J+V4Q, Hohenau 072204, Paraguay",-27.097796,-55.6696555,,,3.3,12,False,55,B,establishment|hair_care|health|point_of_interest
RD MISTYC Nails,Uñas/Nails,Salon Uñas,Hernandarias,,"H974+RHX, Unnamed Rd, Hernandarias 100518, Paraguay",-25.4355426,-54.6434862,0982 892279,https://instagram.com/rd.mistic_nails?igshid=MzRlODBiNWFlZA==,5.0,1,True,55,B,beauty_salon|establishment|point_of_interest
Ainara nails,Uñas/Nails,Salon Uñas,Hernandarias,,"H9M2+GPQ, Hernandarias 100516, Paraguay",-25.4164185,-54.6471159,,,5.0,1,False,55,B,beauty_salon|establishment|point_of_interest
Jasy Cosmetica,Estetica/Facial,General,Trinidad,,"6,Trinidad km 27,5, Trinidad 072201, Paraguay",-27.1270327,-55.7069012,,,4.5,2,False,55,B,establishment|point_of_interest|spa
VANITÉ NAIL STUDIO,Uñas/Nails,General,Hernandarias,,"H9R7+Q9P, Hernandarias 100509, Paraguay",-25.408042,-54.636557,0981 582140,,3.0,1,False,55,B,establishment|point_of_interest|spa
El Alfa Barber,Barberia,General,Villa Hayes,,"25,07960° S, 57,53335° O, Villa Hayes 150401, Paraguay",-25.0795519,-57.5334127,0991 885800,,0.0,0,False,55,B,establishment|hair_care|health|point_of_interest
Venta de Piercings,Tatuajes/Piercing,Piercing Studio,Ñemby,,"Primavera esquina, Ñemby 111205, Paraguay",-25.3758769,-57.54401559999999,,,5.0,3,False,55,B,establishment|jewelry_store|point_of_interest|store
Giselli Benítez Nail's & Estética,Uñas/Nails,General,Presidente Franco,,"Santa Ana, Pdte. Franco 100155, Paraguay",-25.5401627,-54.6348753,0972 951773,https://www.instagram.com/gisellibe_nails_77/profilecard/?igsh=cGw5bWp1NWN0OXRo,5.0,1,True,55,B,beauty_salon|establishment|point_of_interest
Kine Vital Centro de rehabilitación y relajación,Otros,General,Mariano Roque Alonso,Caacupe Mi,"QFW9+CP, Mariano Roque Alonso 111012, Paraguay",-25.2025468,-57.5313401,,,5.0,2,False,55,B,establishment|point_of_interest
Daihana Galeano Nails Studio,Uñas/Nails,Salon Uñas,Presidente Franco,,"15 de Agosto, &, Pdte. Franco 100219, Paraguay",-25.556562,-54.6115793,,,5.0,1,False,55,B,beauty_salon|establishment|point_of_interest
Araceli Penayo Nails Studio,Uñas/Nails,Salon Uñas,Presidente Franco,,"Santa Ana, Pdte. Franco 100209, Paraguay",-25.5408993,-54.6375892,0986 292972,https://www.instagram.com/araceliacrylics/,5.0,2,True,55,B,beauty_salon|establishment|point_of_interest
Nails Art,Uñas/Nails,Salon Uñas,Presidente Franco,,"1700, Pdte. Franco 1000, Paraguay",-25.5607729,-54.6193256,0984 584110,https://www.instagram.com/nailsartadrii?igsh=MXRtbHczdmNzOGJ1OA==,5.0,1,True,55,B,beauty_salon|establishment|point_of_interest
Geovana Prass Studio Nail,Uñas/Nails,General,Santa Rita,,"Av. Los pioneros, Santa Rita 101301, Paraguay",-25.8019035,-55.0949038,0982 131377,https://www.instagram.com/geovanaprass.naildesigner?igsh=MWYzOGRmZ3ozbHF6cw==,5.0,1,True,55,B,establishment|point_of_interest|store
Barber Shop Rodo ‍ ️,Barberia,Barberia Moderna,Altos,,"PQQ2+FG8, Luis A.Del Parana, Altos 030202, Paraguay",-25.2612871,-57.248673,0972 722882,,0.0,0,False,55,B,establishment|hair_care|point_of_interest
Amanda Nails,Uñas/Nails,Salon Uñas,Hernandarias,,"H9RC+VVF, Hernandarias 100510, Paraguay",-25.4078125,-54.6278281,,,5.0,1,False,55,B,beauty_salon|establishment|point_of_interest
SANE Estetica,Estetica/Facial,General,Hernandarias,,"H9WG+F5C, Hernandarias 100510, Paraguay",-25.4038139,-54.6246217,,,5.0,3,False,55,B,beauty_salon|establishment|point_of_interest
Victoria Diana Estudio de Uñas,Uñas/Nails,Salon Uñas,Hernandarias,,"Hernandarias 100506, Paraguay",-25.3993456,-54.6373907,0973 446421,https://wa.me/595973446421,5.0,2,True,55,B,beauty_salon|establishment|point_of_interest
Gimnasio Sport Jump,Gimnasio/Fitness,Gimnasio,Villa Hayes,,"139], 150412, PY09, Villa Hayes 150412, Paraguay",-25.0602241,-57.5345139,,,3.0,1,False,55,B,establishment|gym|health|point_of_interest
Lucy Intercoiffure,Peluqueria,General,Caaguazú,,"GXQM+26X, Caaguazú 050208, Paraguay",-25.4623894,-56.0170915,,,3.8,4,False,55,B,establishment|hair_care|point_of_interest
Estudio de tatuajes BRAYAN,Tatuajes/Piercing,General,Villa Hayes,,"Mariscal Francisco Solano López, Villa Hayes 1511, Paraguay",-25.0711036,-57.5480534,0971 565341,https://www.instagram.com/ink._.bra?igsh=MXNnMGQydjVmY28yeA==,5.0,1,True,55,B,establishment|point_of_interest|store
1111,Otros,General,Santa Rita,,"0000, Santa Rita 101302, Paraguay",-25.7871166,-55.0964632,,,5.0,1,False,55,B,establishment|point_of_interest
Clínica Dra Belleza,Otros,General,Luque,,"Independencia Nacional, Luque 110921, Paraguay",-25.2659063,-57.4889965,0973 535013,https://instagram.com/clinicadrabelleza?igshid=YmMyMTA2M2Y=,5.0,3,True,55,B,establishment|health|point_of_interest
Silver Tattoo Studio,Tatuajes/Piercing,Tattoo Studio,San Lorenzo,,"6 de Enero, San Lorenzo 110313, Paraguay",-25.3323798,-57.5282649,,,5.0,4,False,55,B,establishment|point_of_interest|store
Barbería H.Y💈💈,Barberia,General,Hernandarias,,"H9X2+88C, Av. El Mensú, Hernandarias 100513, Paraguay",-25.4016948,-54.6492248,0985 586894,,0.0,0,False,55,B,establishment|hair_care|point_of_interest
Barbería el Patron,Barberia,General,Hernandarias,,"H9RC+94J, Av. Paraguay, Hernandarias 100511, Paraguay",-25.4090275,-54.6297221,0973 759125,,0.0,0,False,55,B,establishment|hair_care|point_of_interest
Efecto Dara Nails & Beauty,Uñas/Nails,Salon Uñas,Villa Elisa,,"1º de Mayo, Villa Elisa 2610, Paraguay",-25.3540603,-57.58920029999999,0986 856040,https://instagram.com/efectodara_?utm_medium=copy_link,5.0,4,True,55,B,establishment|point_of_interest|spa
Belén Nails,Uñas/Nails,Salon Uñas,Villa Elisa,,"Boquerón casi, Villa Elisa 2611, Paraguay",-25.3466157,-57.5802697,0982 811200,https://www.instagram.com/belen_nails_77?igsh=MXF5ZGg1c29keXppYw==,5.0,1,True,55,B,beauty_salon|establishment|point_of_interest
Sil Ortiz Nails,Uñas/Nails,Salon Uñas,Villa Elisa,,"Av. Enrique Von Poleski Esq, Villa Elisa 111510, Paraguay",-25.3763314,-57.5845213,,,5.0,3,False,55,B,beauty_salon|establishment|point_of_interest|store
NB Nails,Uñas/Nails,Salon Uñas,Villa Elisa,,"Arroyo coca cola sobre, Capitan Matei, Villa Elisa 111516, Paraguay",-25.3838426,-57.57234589999999,,,5.0,4,False,55,B,beauty_salon|establishment|point_of_interest
Jen Nails,Uñas/Nails,Salon Uñas,Hernandarias,,"H9RF+Q6C, Hernandarias 7220, Paraguay",-25.4082642,-54.6271591,,,5.0,1,False,55,B,beauty_salon|establishment|point_of_interest
Lapa Piercing,Tatuajes/Piercing,Piercing Studio,Asunción,Caacupe Mi,"QFG5+MC6, General Eugenio Alejandrino Garay, Asunción 111018, Paraguay",-25.2233354,-57.54149949999999,0983 683372,https://www.instagram.com/lapapiercing_?igsh=emcxZHpiY2Ewbjho,5.0,1,True,55,B,establishment|point_of_interest|store
Yvoty Cosmetics,Estetica/Facial,General,Coronel Oviedo,Barrio 12 De Junio,"Coronel Oviedo 050106, Paraguay",-25.4469791,-56.43606699999999,,,4.7,3,False,55,B,establishment|point_of_interest|store
B.E Makeup Studio,Maquillaje,General,Coronel Oviedo,Barrio Capitan Roa,"Aquidaban, Cnel. Oviedo 3300, Paraguay",-25.4325666,-56.4477106,0992 227244,https://www.instagram.com/blanqui._makeup/,5.0,3,True,55,B,establishment|point_of_interest
Pigmento Cosméticos Coronel Oviedo,Otros,General,Coronel Oviedo,Azucena,"GHX4+MM8, Dr. Blas Garay, Cnel. Oviedo 050118, Paraguay",-25.450772,-56.4432014,,,5.0,4,False,55,B,establishment|point_of_interest|store
Edi Barber Shop,Barberia,Barberia Moderna,Concepción,Barrio Villa Oliva,"Barrio San Carlos 1, Concepción 010104, Paraguay",-23.3996545,-57.42323349999999,0975 897895,,0.0,0,False,55,B,establishment|hair_care|health|point_of_interest
Nataly Fanego Centro Terapeutico (suc. LAMBARÉ),Otros,General,Lambaré,,"Paseo del toto, Av. Luis María Argaña esq, Lambaré 110705, Paraguay",-25.3352351,-57.6249154,0991 709295,https://instagram.com/natalyfanego?igshid=Yzg5MTU1MDY=,4.5,2,True,55,B,establishment|health|point_of_interest
Bella Rose cosméticos Caaguzú,Otros,General,Caaguazú,,"GXJH+WVH, Mcal. Francisco Solano López, Caaguazú 050207, Paraguay",-25.4675957,-56.0205032,0984 140718,https://www.instagram.com/bellarosecosmeticoss?igsh=MXBoNG15MW85NmJxOA==,5.0,4,True,55,B,establishment|point_of_interest|store
Venus Makeup,Maquillaje,General,Caaguazú,,"GX94+W8Q, Caaguazú 050213, Paraguay",-25.480171,-56.04414389999999,0976 497017,https://m.facebook.com/Venus-Makeup-317809342034821/,5.0,2,True,55,B,establishment|point_of_interest|store
Saffyarzamakeup,Maquillaje,General,Hernandarias,,"Aquidabán, Hernandarias 100506, Paraguay",-25.3987707,-54.6358007,,,5.0,2,False,55,B,beauty_salon|establishment|point_of_interest
Dr Derlis Fretes - Clínica Estética,Otros,General,Ciudad del Este,,"00012, Cd. del Este 100124, Paraguay",-25.4863827,-54.6503047,0993 280962,https://instagram.com/dr_fretes,5.0,2,True,55,B,establishment|health|point_of_interest
Estética facial y corporal NATURALITY,Estetica/Facial,General,Santa Rita,,"6W37+H55, Calle de Servicio de la Ruta 6ta. - Tramo Norte, Santa Rita 101304, Paraguay",-25.7961055,-55.0870042,,,5.0,1,False,55,B,beauty_salon|establishment|point_of_interest|spa
BARBERIA Sr. BRACHT (CENTRO UNIDAD),Barberia,General,Santa Rita,,"Av. de los Inmigrantes, Santa Rita 101304, Paraguay",-25.796618,-55.0842013,0983 999051,https://linktr.ee/sr.bracht,5.0,28,True,55,B,establishment|hair_care|health|point_of_interest
Ri Po Porã Salón de Uñas,Uñas/Nails,Salon Uñas,Presidente Franco,,"F949+9Q7, Super Carretera, Pdte. Franco 100215, Paraguay",-25.5441783,-54.63053979999999,0975 892360,https://www.instagram.com/ri_po_pora/,4.7,3,True,55,B,beauty_salon|establishment|point_of_interest
FRENCHII TATTO,Otros,General,Ciudad del Este,,"F8FV+XC, Ciudad del Este 100159, Paraguay",-25.5251677,-54.6559956,0975 849396,https://www.facebook.com/Frenchii-tatto-100902906272890/,5.0,2,True,55,B,establishment|point_of_interest|store
Espaço Beleza Integrada,Spa/Wellness,Spa,Santa Rita,,"Mujer paraguaya &, Av. Sta. Rita, Santa Rita 101301, Paraguay",-25.8036613,-55.09165520000001,0986 352687,https://katiafranciele_tricologista.negocio.site/?utm_source=gmb&utm_medium=referral,4.7,15,True,55,B,beauty_salon|establishment|point_of_interest
Pereira Estética,Otros,General,Presidente Franco,,"C9HX+H5G, Presidente Franco 100223, Paraguay",-25.5713206,-54.6019684,,,5.0,2,False,55,B,car_wash|establishment|point_of_interest
Mandala Nails,Uñas/Nails,Salon Uñas,San Lorenzo,,"Estero Bellaco, San Lorenzo 2160, Paraguay",-25.3436119,-57.4985596,,https://www.instagram.com/mandalanails__/,5.0,15,True,55,B,beauty_salon|establishment|point_of_interest
Paola Cardozo MakeUp Studio,Maquillaje,General,Villa Hayes,,"PY09 32, Villa Hayes 150403, Paraguay",-25.0966973,-57.5341598,,,5.0,2,False,55,B,beauty_salon|establishment|point_of_interest
Chick Cosméticos - Santani,Otros,General,San Estanislao,,"8HP4+XGM, Mariscal Francisco Solano López, San Estanislao 020803, Paraguay",-24.6625983,-56.4435636,,,5.0,1,False,55,B,establishment|point_of_interest|store
Tamarí Nails,Uñas/Nails,Salon Uñas,Villa Elisa,,"Paraguay, Villa Elisa 111507, Paraguay",-25.3655252,-57.58448629999999,0981 949914,https://instagram.com/tamarinails_?igshid=MzNlNGNkZWQ4Mg==,5.0,4,True,55,B,beauty_salon|establishment|point_of_interest
Dua Nails beauty center,Uñas/Nails,Salon Uñas,Villa Elisa,,"Virgen del Rosario, Villa Elisa 111512, Paraguay",-25.3728408,-57.59045389999999,0985 439183,https://instagram.com/duanailsbeautycenter?igshid=MzRlODBiNWFlZA==,5.0,1,True,55,B,beauty_salon|establishment|point_of_interest
Adriana Nails Studio,Uñas/Nails,Salon Uñas,Villa Elisa,,"JCPF+C8W, Villa Elisa 111509, Paraguay",-25.3638853,-57.5766679,,,5.0,1,False,55,B,beauty_salon|establishment|point_of_interest
Ade Nails Art,Uñas/Nails,Salon Uñas,Villa Elisa,,"Virgen de la Encarnacion, Villa Elisa 111512, Paraguay",-25.375999,-57.5980527,0975 707850,https://www.instagram.com/adenails.py?igsh=MXRvZzl6bDZ3czRweg==,5.0,1,True,55,B,beauty_salon|establishment|point_of_interest
FIT CDE GYM,Gimnasio/Fitness,Gimnasio,Ciudad del Este,,"Av. Manuel Ortiz Guerrero, Cd. del Este 100141, Paraguay",-25.5401084,-54.60332990000001,0981 680927,https://linktr.ee/Fit_Cde,4.9,16,True,55,B,establishment|gym|health|point_of_interest
Moreno Barber,Barberia,General,Villa Hayes,,"Villa Occidental, Villa Hayes 150403, Paraguay",-25.0936581,-57.53138310000001,0994 548018,,0.0,0,False,55,B,establishment|hair_care|health|point_of_interest
Yokai tattoo studio,Tatuajes/Piercing,Tattoo Studio,Fernando de la Mora,Fernando Zona Norte,"MFF4+882, 8 de Diciembre, Fernando de la Mora 110313, Paraguay",-25.3271446,-57.5441765,0995 648751,https://instagram.com/yokai_inkstudiopy?igshid=MzRlODBiNWFlZA==,5.0,4,True,55,B,establishment|point_of_interest
Amani Tattoo Estudio,Tatuajes/Piercing,General,Fernando de la Mora,Fernando Zona Norte,"Mompox, Fernando de la Mora 110309, Paraguay",-25.3227532,-57.54228870000001,0974 262311,https://www.instagram.com/amani_tattoo?igsh=OGs3ZGF3d3RqY3Ay,5.0,4,True,55,B,establishment|point_of_interest
Maigo Nails,Uñas/Nails,Salon Uñas,Caaguazú,,"GXHQ+QMG, Gral. Eugenio A. Garay, Caaguazú 050207, Paraguay",-25.4708866,-56.0104001,,,4.7,3,False,55,B,beauty_salon|establishment|point_of_interest
Yami nails,Uñas/Nails,Salon Uñas,Caaguazú,Barrio San Francisco,"GXVJ+X34, Caaguazú 050203, Paraguay",-25.455114,-56.0198111,,,5.0,1,False,55,B,beauty_salon|establishment|point_of_interest
GABRIELA NAILS,Uñas/Nails,Salon Uñas,Caaguazú,,"Constitución, Caaguazú 050213, Paraguay",-25.488239,-56.03852879999999,,,5.0,2,False,55,B,beauty_salon|establishment|point_of_interest
Centro de Estética Seven,Otros,General,San Lorenzo,,"Los Tucanes casi, San Lorenzo 111426, Paraguay",-25.3333216,-57.4870554,0993 564674,https://instagram.com/sevencentrodeestetica?igshid=YmMyMTA2M2Y=,5.0,4,True,55,B,establishment|point_of_interest|store
Vivían Nails,Uñas/Nails,Salon Uñas,San Lorenzo,,"Mbokaja Poty, 24 de Junio, San Lorenzo 111444, Paraguay",-25.3599553,-57.53615339999999,,,5.0,1,False,55,B,beauty_salon|establishment|point_of_interest
Bella Salón Jardín,Otros,General,San Bernardino,,"MQC2+93W, San Bernardino 031608, Paraguay",-25.3301533,-57.2498221,,,5.0,3,False,55,B,establishment|point_of_interest
Cutbarber unisex,Barberia,General,San Bernardino,,"Cordillera, San Bernardino 031602, Paraguay",-25.3067213,-57.2977265,0991 711384,,0.0,0,False,55,B,establishment|hair_care|health|point_of_interest
Gabylash y nails,Uñas/Nails,Salon Uñas,Luque,,"PGC8+QV6, Cirilo Gill, Luque 110928, Paraguay",-25.2780974,-57.4828693,,,5.0,3,False,55,B,beauty_salon|establishment|point_of_interest
"Naciente de Agua, Piribebuy",Otros,General,Piribebuy,,"GWPQ+644, Piribebuy 031411, Paraguay",-25.4644905,-57.0621817,,https://www.portalpiribebuy.com/naciente-de-agua-paso-jhu/,4.5,181,True,55,B,establishment|park|point_of_interest
Leila Acosta Cosmetología,Estetica/Facial,General,Villa Elisa,,"Mcal. Estigarribia, Villa Elisa 111501, Paraguay",-25.3436982,-57.58539069999999,0984 542885,https://www.instagram.com/leilaacostapy?igsh=MTZjMnBuZnJmMWFpdA==,5.0,1,True,55,B,beauty_salon|establishment|point_of_interest|spa
WANDA NAILS,Uñas/Nails,Salon Uñas,Encarnación,,"M46X+25R, 29 de Septiembre, Encarnación 070301, Paraguay",-27.3398978,-55.85210739999999,,,5.0,2,False,55,B,beauty_salon|establishment|point_of_interest
Salón De Belleza PATRI,Otros,General,Ciudad del Este,,"F8Q6+MF, Ciudad del Este 100178, Paraguay",-25.5107452,-54.688793,0975 480897,https://m.facebook.com/Patri-sal%C3%B3n-de-belleza-264784994425991/,5.0,4,True,55,B,establishment|point_of_interest
Mil Destellos CDE,Salon de Belleza,General,Ciudad del Este,,"Km7, Cd. del Este 100174, Paraguay",-25.520761,-54.6662291,0983 759207,https://www.instagram.com/mildestelloscde/,3.7,3,True,55,B,beauty_salon|establishment|point_of_interest
GUILLÉN Barbershop 3,Barberia,General,Fernando de la Mora,Fernando Zona Sur,"11 de Septiembre esq, Fernando de la Mora 110315, Paraguay",-25.3430719,-57.54897879999999,0992 939122,,0.0,0,False,55,B,establishment|hair_care|health|point_of_interest
Isa Nails,Uñas/Nails,Salon Uñas,Mariano Roque Alonso,,"Yvapovo Ruta, Gral. Elizardo Aquino 3, Mariano Roque Alonso 111005, Paraguay",-25.1948957,-57.5079861,0983 791719,https://www.instagram.com/isanails.x?igsh=amZzdTMxYzY4dGR3&utm_source=qr,5.0,1,True,55,B,beauty_salon|establishment|point_of_interest
Remi López Nails Art,Uñas/Nails,Salon Uñas,Mariano Roque Alonso,Caacupe Mi,"QFQ5+W8R, Mariano Roque Alonso 111015, Paraguay",-25.2101481,-57.5417244,,,5.0,1,False,55,B,beauty_salon|establishment|point_of_interest
Mir Wellness Spa,Spa/Wellness,Spa,Mariano Roque Alonso,Caacupe Mi,"QFR9+5FR, Mariano Roque Alonso 111011, Paraguay",-25.2095117,-57.53134459999999,,https://www.facebook.com/profile.php?id=100054573666668,5.0,2,True,55,B,beauty_salon|establishment|point_of_interest
LUMA NAILS SALÓN,Uñas/Nails,Salon Uñas,Ypacaraí,,"HPX7+Q46, Ruta Mcal. José F. Estigarribia, Ypacaraí 111702, Paraguay",-25.4005849,-57.2872479,,,5.0,2,False,55,B,beauty_salon|establishment|point_of_interest
Denu Nails,Uñas/Nails,Salon Uñas,Ypacaraí,,"JP24+G9F, Paraguay, Ypacaraí 111701, Paraguay",-25.3986759,-57.2940875,,,5.0,1,False,55,B,beauty_salon|establishment|point_of_interest
Alma Colman nails,Uñas/Nails,Salon Uñas,Coronel Oviedo,,"General Díaz, Coronel Oviedo 050112, Paraguay",-25.4480172,-56.4595803,,,5.0,1,False,55,B,beauty_salon|establishment|point_of_interest
Belén Nails 🏻,Uñas/Nails,Salon Uñas,Coronel Oviedo,Azucena,"GHM6+M9H, Unnamed Road, Cnel. Oviedo 050120, Paraguay",-25.4658106,-56.4390066,,,5.0,1,False,55,B,establishment|point_of_interest|spa
Daia de Paula Nail Design,Uñas/Nails,General,Nueva Esperanza,,"G46H+XJH, Nueva Esperanza 141004, Paraguay",-24.4875573,-54.8708872,,,5.0,1,False,55,B,beauty_salon|establishment|point_of_interest
NG Belleza y Estética,Otros,General,,,"G252+2F5, 050218, Paraguay",-25.4936818,-55.9986973,,,5.0,1,False,55,B,establishment|point_of_interest
VAVA Tattoo,Tatuajes/Piercing,General,Asunción,,"Juan S Bogarin 657, Asunción 1417, Paraguay",-25.2973905,-57.5851854,0984 240800,http://instagram.com/vavatattoo__,5.0,3,True,55,B,cafe|establishment|food|point_of_interest|store
Máximo Barbería,Barberia,General,Fernando de la Mora,,"110310, Julio César Franco 2300, Fernando de la Mora 2300, Paraguay",-25.3017125,-57.54044469999999,0991 885220,https://www.fresha.com/a/maximo-barberia-fernando-de-la-mora-santa-teresa-ba29sa2r,4.9,29,True,55,B,establishment|hair_care|health|point_of_interest
Sensato.Barberia,Barberia,General,San Estanislao,,"Libertad, &, San Estanislao 020804, Paraguay",-24.6732436,-56.4474481,0985 549278,,0.0,0,False,55,B,establishment|hair_care|health|point_of_interest
IMPERIAL BARBER,Barberia,General,San Estanislao,,"8GHW+7XP, San Estanislao 020805, Paraguay",-24.6717969,-56.4525519,0971 801775,,0.0,0,False,55,B,establishment|hair_care|health|point_of_interest
G&D Barber,Barberia,General,San Estanislao,,"8GMV+VWH, San Estanislao 020805, Paraguay",-24.6653026,-56.4551423,0986 149389,,0.0,0,False,55,B,establishment|hair_care|point_of_interest
MyS Estetica,Estetica/Facial,General,Caaguazú,,"A 200 MTS del asfalto, Caaguazú a Repatriación, Caaguazú 5400, Paraguay",-25.4945021,-55.9969247,0976 442418,https://www.instagram.com/mys_esteticapy?r=nametag,4.7,3,True,55,B,establishment|point_of_interest
Sole Nailspy,Uñas/Nails,Salon Uñas,San Estanislao,,"8HG3+WPJ, Mauricio José Troche, San Estanislao 020803, Paraguay",-24.672703,-56.4457386,,,5.0,2,False,55,B,beauty_salon|establishment|point_of_interest
MR Nails Studio,Uñas/Nails,Salon Uñas,San Lorenzo,,"111457, Teniente Molas 373, San Lorenzo 111457, Paraguay",-25.3593734,-57.5100088,0984 484164,https://www.instagram.com/marina.ramirez.90038?igsh=Z2J4Z21tbjhtcnhv,5.0,2,True,55,B,beauty_salon|establishment|point_of_interest
Maggie nails,Uñas/Nails,Salon Uñas,San Lorenzo,,"Av. Avelino Martínez, San Lorenzo 111433, Paraguay",-25.3456296,-57.5243535,0982 144522,https://www.instagram.com/magginails.py?igsh=MXNxMnI2M21qbDh5MQ%3D%3D&utm_source=qr,4.7,3,True,55,B,establishment|point_of_interest|spa
Alpha Medical,Otros,General,Ciudad del Este,,"Los Guayabos &, F9Q6+4HX, Los Lapachos, Cd. del Este 100153, Paraguay",-25.5121255,-54.63852800000001,,,5.0,1,False,55,B,establishment|health|point_of_interest
Norma Gabinete Estetico,Otros,General,Ciudad del Este,,"lago de la republica, Cd. del Este 100151, Paraguay",-25.5200842,-54.6184115,0975 594264,https://instagram.com/normasgabineteestetico?utm_medium=copy_link,5.0,1,True,55,B,establishment|point_of_interest
MEDICALPROM CDE,Spa/Wellness,General,Ciudad del Este,,"Ciudad del Este 100152, Paraguay",-25.520748,-54.6336156,,https://www.instagram.com/reel/Ct8_AZPvyCE/?igshid=ZWRlZmRiZGNlZQ==,5.0,1,True,55,B,establishment|point_of_interest|spa
Jumping Dance Py Villa Elisa,Gimnasio/Fitness,General,Villa Elisa,,"Villa Elisa 111510, Paraguay",-25.3716489,-57.586444,0971 190654,https://biolink.info/JumpingDance,4.9,19,True,55,B,establishment|gym|health|point_of_interest
Dahiana Cabellos Naturales Py,Otros,General,Ciudad del Este,,"Itaugua, Cd. del Este 100122, Paraguay",-25.4990173,-54.6620984,0984 934499,,3.0,1,False,55,B,establishment|point_of_interest|store
Luana Makeup,Maquillaje,General,Piribebuy,,"GWQV+MR4, Piribebuy 031402, Paraguay",-25.460861,-57.0554126,0976 588966,https://www.instagram.com/luanamakeup_22?igsh=MTF2M3JiZm4yZHFmag==,5.0,1,True,55,B,beauty_salon|establishment|point_of_interest
Cosa Nostra INK,Otros,General,Ciudad del Este,,"F9QQ+J5V, C. Boqueron, Cd. del Este 100136, Paraguay",-25.5108905,-54.6120732,,,5.0,3,False,55,B,establishment|point_of_interest|store
Eden Glow Nails/Makeup,Uñas/Nails,Salon Uñas,Itauguá,,"PY02 Km 32, Itauguá 110608, Paraguay",-25.3980597,-57.33560499999999,0991 773091,https://www.instagram.com/edenglow.nails.makeup/,4.5,2,True,55,B,beauty_salon|establishment|point_of_interest
Nail Art by Damian,Uñas/Nails,General,Ciudad del Este,,"Julio Cesar Riquelme, Cd. del Este 0222, Paraguay",-25.5091945,-54.6703437,,https://www.facebook.com/Damian.nail.art/,4.9,10,True,55,B,beauty_salon|establishment|point_of_interest
Uñas Esculpidas Cynthia_Nails,Uñas/Nails,Salon Uñas,Ciudad del Este,,"G89G+P77, Cd. del Este 100114, Paraguay",-25.4807002,-54.674339,,,5.0,1,False,55,B,beauty_salon|establishment|point_of_interest
Iron Fitness House,Gimnasio/Fitness,General,Ciudad del Este,,"F9M2+QR2, Los Rosales, Cd. del Este 100161, Paraguay",-25.5156224,-54.6479696,0982 111500,https://ironfitnesshouse.com/?utm_source=ig&utm_medium=social&utm_content=link_in_bio&fbclid=PAZXh0bgNhZW0CMTEAc3J0YwZhcHBfaWQMMjU2MjgxMDQwNTU4AAGnVy872s-qEAjmB9sFqwnHyCZZG1uhVnO9Ci3vG0VghPWUFmPdGF0MLJpHGYg_aem_O_HKo-TnYfJ1g64iY7u5hg,5.0,11,True,55,B,establishment|gym|health|point_of_interest
Cosmex S.A.,Otros,General,Asunción,,"MCXJ+XGC, Av. Dr. Guido Boggiani, Asunción 001416, Paraguay",-25.3000672,-57.5687265,,https://instagram.com/cosmexpy?igshid=8w96w38fy48s,4.6,10,True,55,B,establishment|point_of_interest|store
Claudio BarberShop,Barberia,General,Carapeguá,,"Isla Yvate, Carapeguá 090503, Paraguay",-25.68469,-57.3697585,0994 843614,,0.0,0,False,55,B,establishment|hair_care|point_of_interest
Samasthiti Ashtanga Yoga Gurukula,Gimnasio/Fitness,Yoga/Pilates,Asunción,,"Enrique Solano López 963, Asunción 1429, Paraguay",-25.281397,-57.602567,0981 202699,http://www.samasthiti.com.py/,4.5,12,True,55,B,establishment|gym|health|point_of_interest
Joseph Shopping Mariano,Peluqueria,General,Mariano Roque Alonso,Caacupe Mi,"QFF7+H8X, RN 9 Carlos Antonio López, Mariano Roque Alonso 111018, Paraguay",-25.2260232,-57.53663710000001,0981 996247,https://www.josephcoiffuremariano.com.py/,3.7,63,True,55,B,establishment|hair_care|point_of_interest|spa
Moni makeup artist,Maquillaje,General,Presidente Franco,,"km 1 Monday 1023, Pdte. Franco 100222, Paraguay",-25.5596318,-54.6056225,,,5.0,1,False,55,B,establishment|point_of_interest
DIALPA COSMÉTICOS,Otros,General,Presidente Franco,,"C9RV+9Q7, Presidente Franco 100222, Paraguay",-25.559313,-54.6057415,,,5.0,3,False,55,B,establishment|point_of_interest|store
ALQUIMIA Barbería y Academia,Barberia,General,Coronel Oviedo,Barrio General Caballero,"GHW3+VVM, Nanawa, Cnel. Oviedo 050117, Paraguay",-25.4527984,-56.44531319999999,0986 348915,,0.0,0,False,55,B,establishment|hair_care|health|point_of_interest
RAFA’S barberia,Barberia,General,Luque,,"Luque 110921, Paraguay",-25.265465,-57.48463510000001,0992 258509,,0.0,0,False,55,B,establishment|hair_care|health|point_of_interest
La Perfu SB,Otros,General,San Bernardino,,"De la Victoria casi, San Bernardino 031601, Paraguay",-25.2995682,-57.2984896,,,5.0,2,False,55,B,clothing_store|establishment|point_of_interest|store
Nico Masajista,Otros,General,Coronel Oviedo,Barrio Santa Lucia,"HH89+CMM, Cnel. Oviedo 050102, Paraguay",-25.4339115,-56.43083799999999,,,5.0,1,False,55,B,establishment|point_of_interest
Óptica Panorama-AltaVista Centro Oftalmológico,Otros,General,Paraguarí,,"Paraguarí 090101, Paraguay",-25.6171875,-57.1440625,0982 484643,,3.0,4,False,55,B,establishment|health|point_of_interest
Cosmetica Morena km18,Estetica/Facial,General,Capiatá,,"JGGC+RR, Capiatá 4750, Paraguay",-25.3728557,-57.47799109999999,0991 717223,https://www.facebook.com/Cosmetica-Morena-Km-18-1649286381848799/,3.4,18,True,55,B,establishment|point_of_interest|store
Alex Barber shop,Barberia,Barberia Moderna,Concepción,,"Av Agustin Fernando De Pinedo &, HHQ5+W4V, Cnel. Martinez, Concepción 010108, Paraguay",-23.4101657,-57.44223050000001,0982 704860,,0.0,0,False,55,B,establishment|hair_care|health|point_of_interest
Sonia González Beauty Palace,Spa/Wellness,General,Lambaré,,"Av. República Argentina casi, Lambaré 2464, Paraguay",-25.3313436,-57.602569,0982 825207,https://bio.link/soniagonzalezbeauty,4.6,14,True,55,B,establishment|point_of_interest|spa
skinexpertpy,Otros,General,Lambaré,,"Petereby 776 c, Lambaré 110705, Paraguay",-25.3303916,-57.6204946,0986 827372,https://sites.google.com/view/zonabelleza-leticiaescobar/p%C3%A1gina-principal?fbclid=IwAR2N6cmWX35mYRUoz-71Gtj0KYyACSkTmo0-WLTIgP3EBd7fto4aWDXAvEg,5.0,14,True,55,B,establishment|point_of_interest|store
Body Piercing Lambare,Tatuajes/Piercing,Piercing Studio,Lambaré,,"Av. República Argentina, Lambaré 110709, Paraguay",-25.332547,-57.60499530000001,0981 556506,,3.0,2,False,55,B,beauty_salon|establishment|point_of_interest
Turcott Studio - Tattoo & Body Piercing,Tatuajes/Piercing,Tattoo Studio,Asunción,,"Sebastián Elcano 1855, Asunción 001237, Paraguay",-25.3122183,-57.6192204,0981 502520,https://www.instagram.com/turcott.ink/,5.0,2,True,55,B,establishment|point_of_interest
The Yoga Room PY,Gimnasio/Fitness,Yoga/Pilates,Asunción,,"Senador Long 724 Entre, Eusebio Lillo Robles y, Asunción 001411, Paraguay",-25.2876804,-57.57670499999999,0981 981570,https://www.theyogaroompy.com/?utm_source=google&utm_medium=wix_google_business_profile&utm_campaign=8687961182084005847,5.0,2,True,55,B,establishment|gym|health|point_of_interest
Cele Nails Studio,Uñas/Nails,Salon Uñas,San Estanislao,,"San Estanislao 020804, Paraguay",-24.6782493,-56.4485398,,,5.0,4,False,55,B,beauty_salon|establishment|point_of_interest
JL BARBER SHOP PY,Barberia,Barberia Moderna,San Estanislao,,"8HM3+P9P, San Estanislao 020805, Paraguay",-24.6656567,-56.4465458,0982 506739,,0.0,0,False,55,B,establishment|hair_care|health|point_of_interest
Jesúsbarbershop,Barberia,General,San Estanislao,,"8GMV+4FC, San Estanislao 020805, Paraguay",-24.6671856,-56.4563675,0986 798772,,0.0,0,False,55,B,establishment|hair_care|health|point_of_interest
PACO TATTOO,Tatuajes/Piercing,General,Concepción,Barrio Inmaculada,"Calle última, Concepción 010102, Paraguay",-23.3907908,-57.4457761,,,5.0,2,False,55,B,establishment|point_of_interest|store
DOCPIERCING & REVIVA,Tatuajes/Piercing,Piercing Studio,Concepción,,"Pai Perez, Concepción 010105, Paraguay",-23.400374,-57.44000519999999,0976 985616,https://www.instagram.com/docpiercing/,5.0,2,True,55,B,doctor|establishment|health|point_of_interest|store
Magenta Nails,Uñas/Nails,Salon Uñas,Concepción,,"HHR8+953, Concepción 010110, Paraguay",-23.4091242,-57.43459259999999,,,5.0,1,False,55,B,establishment|point_of_interest|spa
Nancygarciamakeup_studios,Maquillaje,General,Capiatá,,"Ruta 2, Central Independencia nacional, Ycuá Corá, Capiatá 110201, Paraguay",-25.3567198,-57.444629,0991 200307,https://instagram.com/nancygarcia_makeup_?igshid=MzNlNGNkZWQ4Mg==,5.0,2,True,55,B,beauty_salon|establishment|point_of_interest
BarberCenter,Barberia,General,Naranjal,,"2RG4+HFX, Naranjal 101401, Paraguay",-25.9750617,-55.1857498,0981 152362,,0.0,0,False,55,B,establishment|hair_care|health|point_of_interest
Tu Láser Depilación,Salon de Belleza,General,Luque,,"Avenida General Aquino &, PFMV+W3X, Tte. Rivas, Luque 110934, Paraguay",-25.2651397,-57.50725999999999,0985 416797,https://instagram.com/tulaserdepilacion,3.7,3,True,55,B,beauty_salon|establishment|hair_care|health|point_of_interest
Estudio de pilates Morales,Gimnasio/Fitness,Yoga/Pilates,Encarnación,,"Pedro Juan Caballero, &, Encarnación 070119, Paraguay",-27.3429144,-55.8640516,,https://www.instagram.com/estudiopilatesmorales?igsh=MWg4bWYyZmZvNGduNA==,5.0,1,True,55,B,establishment|gym|health|point_of_interest
Almacén del barbero - Academia Immortal,Barberia,General,San Antonio,Fernando Zona Norte,"Av. Mariscal López, San Antonio 110304, Paraguay",-25.3049027,-57.54214829999999,0982 559794,http://www.almacendelbarbero.com.py/,4.7,34,True,55,B,establishment|hair_care|health|point_of_interest
Santi Barber,Barberia,General,Paraguarí,,"Barrio los guayabos A metros de la fruteria, Paraguarí 090103, Paraguay",-25.6140361,-57.1724499,0971 273526,,0.0,0,False,55,B,establishment|hair_care|health|point_of_interest
COBARBERSTUDIO,Barberia,General,Carapeguá,,"Maria Auxiliadora,Carapegua,Departamento de Paraguari,Paraguay 233, Carapeguá 090502, Paraguay",-25.7669422,-57.24541809999999,0961 543542,,0.0,0,False,55,B,establishment|hair_care|health|point_of_interest
Rainha - Salón de Belleza,Otros,General,Lambaré,,"M97G+X3G, Lambaré 110705, Paraguay",-25.335054,-57.62478669999999,,,4.8,4,False,55,B,establishment|point_of_interest|store
Centro de estetica,Estetica/Facial,Centro Estetica,Paraguarí,,"9V93+MXF, Paraguarí 090102, Paraguay",-25.630967,-57.1442951,,,5.0,1,False,55,B,beauty_salon|establishment|point_of_interest
OLIMPIC GYM,Gimnasio/Fitness,Gimnasio,Pilar,,"4PP3+X34, Sgto. Azzarini, Pilar 120103, Paraguay",-26.8626118,-58.2972976,,https://instagram.com/olimpic_gym18?igshid=YTQwZjQ0NmI0OA==,5.0,3,True,55,B,establishment|gym|health|point_of_interest
Piercingpy,Tatuajes/Piercing,Piercing Studio,Fernando de la Mora,Fernando Zona Norte,"MCQX+6VH, Fernando de la Mora 110305, Paraguay",-25.3119356,-57.5502678,0994 146126,https://instagram.com/piercingpy_?igshid=YmMyMTA2M2Y=,5.0,2,True,55,B,establishment|point_of_interest
Barbería,Barberia,General,Mariano Roque Alonso,Caacupe Mi,"QFQ8+WJG, Mariano Roque Alonso 111011, Paraguay",-25.2101804,-57.53351359999999,0982 807389,,0.0,0,False,55,B,establishment|hair_care|health|point_of_interest
Athenea barber,Barberia,General,Encarnación,,"14 de Mayo y, Encarnación 6000, Paraguay",-27.332987,-55.8682439,0985 104343,https://atheneabarber.com/,4.6,22,True,55,B,establishment|hair_care|health|point_of_interest
Chick cosmetics limpio,Estetica/Facial,General,Limpio,,"RGJG+8W9, Limpio 110816, Paraguay",-25.1693006,-57.47255759999999,,,5.0,1,False,55,B,establishment|point_of_interest|store
MMC Cosméticos,Otros,General,Limpio,,"Abasto Norte, Limpio - Bloque Shopping, RGC8+WJV, Limpio 110821, Paraguay",-25.1776301,-57.48345269999999,(021) 780 830,,3.0,1,False,55,B,establishment|point_of_interest|store
Sandra Agüero Brows and Lashes - Micropigmentación,Otros,General,Limpio,,"Camino a Piquete, Nueva Asunción, Limpio 110805, Paraguay",-25.1376447,-57.48210719999999,,,5.0,1,False,55,B,establishment|point_of_interest
Marco Vera BarberChopp,Barberia,General,Itá,,"Ruta 1 Gral. Diaz c/ Carlos Antonio López, Itá 2710, Paraguay",-25.5066031,-57.3623529,0981 988202,,0.0,0,False,55,B,establishment|hair_care|health|point_of_interest
Carolina Rojas Nails,Uñas/Nails,Salon Uñas,Itá,,"Antonio J Delvalle, e, Itá 2060, Paraguay",-25.5151429,-57.3710067,0971 789486,https://www.instagram.com/carolina_rojas_nails/,5.0,1,True,55,B,bar|establishment|night_club|point_of_interest
Met_Revolution BOX,Gimnasio/Fitness,CrossFit,Lambaré,,"Av. San Isidro esquina, Lambaré 110729, Paraguay",-25.3542001,-57.61144359999999,0972 277011,https://mmodalidades.netlify.app/,5.0,17,True,55,B,establishment|gym|health|point_of_interest
Físio Clínica,Otros,General,Concepción,,"Pedro Juan Caballero 9999, Concepción 010108, Paraguay",-23.4101592,-57.44777800000001,0975 882977,https://www.facebook.com/fisionoe/,5.0,1,True,55,B,establishment|health|point_of_interest
Kapandji Fisioterapia,Otros,General,Concepción,,"HHP8+575, Av. Pdte. Eligio Ayala, Concepción 010112, Paraguay",-23.4146223,-57.43427879999999,,,5.0,4,False,55,B,establishment|health|physiotherapist|point_of_interest
Brujitas nails,Uñas/Nails,Salon Uñas,Puerto Iguazú,,"N3370 Puerto Iguazú, Misiones Province, Argentina",-25.5977593,-54.591314,03757 51-3811,https://www.instagram.com/brujitas__nails?igsh=MWFtMjJjM2Y3aDNwZw==,5.0,2,True,55,B,beauty_salon|establishment|point_of_interest
Bella salome,Otros,General,Puerto Iguazú,,"Cañafistola 440, N3370 Puerto Iguazú, Misiones, Argentina",-25.6042915,-54.5834804,0376 508-9567,https://instagram.com/bella.ssalome?utm_medium=copy_link,5.0,2,True,55,B,establishment|point_of_interest
Laurita Medina nails make up,Uñas/Nails,Salon Uñas,Itauguá,,"Cañadita, Itauguá 110604, Paraguay",-25.3823547,-57.34772280000001,,,5.0,2,False,55,B,beauty_salon|establishment|point_of_interest
Nails,Uñas/Nails,Salon Uñas,Ciudad del Este,,"Ciudad del Este 100147, Paraguay",-25.5332181,-54.6146937,,,5.0,1,False,55,B,beauty_salon|establishment|point_of_interest
BONNE nails and beauty,Uñas/Nails,Salon Uñas,Itauguá,,"JJ4W+W7F, Mariscal José Félix Estigarribia, Itauguá 110611, Paraguay",-25.3926825,-57.3543347,,,5.0,1,False,55,B,establishment|point_of_interest|spa
GuaMart tattoo & body piercing.,Tatuajes/Piercing,Tattoo Studio,Piribebuy,,"Gral. Díaz e, Pedro Juan Caballero y, Piribebuy 3040, Paraguay",-25.4632933,-57.0459142,0986 498043,https://www.instagram.com/guadapiercings?igsh=MWR1enVvY2hjMm54YQ==,5.0,1,True,55,B,establishment|point_of_interest|store
Need A Piercing,Tatuajes/Piercing,Piercing Studio,Asunción,,"Adriana, Dr. Eduardo López Moreira, Asunción 001413, Paraguay",-25.2992325,-57.58695229999999,0973 593200,http://instagram.com/needapiercing,5.0,3,True,55,B,establishment|point_of_interest
PIERCING PY,Tatuajes/Piercing,Piercing Studio,Asunción,,"P987+QPM, Asunción 001101, Paraguay",-25.2830273,-57.6356946,,,5.0,3,False,55,B,establishment|jewelry_store|point_of_interest|store
Noragami tatuajes,Tatuajes/Piercing,General,,,"GJMF+H4V, 110514, Paraguay",-25.466093,-57.37720099999999,,,5.0,2,False,55,B,establishment|point_of_interest
Javier Riveros TATTOO'S,Tatuajes/Piercing,General,Itaugua,,"Itaugua 110512, Paraguay",-25.4858648,-57.3990848,,,5.0,2,False,55,B,establishment|point_of_interest
Belleza Natural Estetica Capiata,Estetica/Facial,General,cortada,,"Cerrito e, Vicente Ignacio Iturbe y, cortada 110201, Paraguay",-25.3654561,-57.4804656,,,5.0,2,False,55,B,establishment|point_of_interest
Centro Integral Sara Quintana,Otros,General,Kapi'atã,Posta Ybycua,"Coronel Panchito López, Kapi'atã 110245, Paraguay",-25.3908326,-57.4732033,0985 793904,https://instagram.com/centrointegral_saraquintana?igshid=1bhlj1yjjxzac,5.0,1,True,55,B,establishment|health|point_of_interest
Nando Alegre Piercing Tattoo,Tatuajes/Piercing,Piercing Studio,Capiatá,,"HHR8+P7M, Capiatá 111912, Paraguay",-25.407899,-57.43313099999999,,,5.0,2,False,55,B,establishment|hair_care|health|point_of_interest
Nails Lujan,Uñas/Nails,Salon Uñas,Luque,,"Entre Iturbe e, Azara 2060, Luque 110921, Paraguay",-25.2668049,-57.48660820000001,0976 909821,https://www.instagram.com/nailslujan2024?igsh=ZTNscHVmbmcybXJk,5.0,4,True,55,B,beauty_salon|establishment|point_of_interest
Grace Nails,Uñas/Nails,Salon Uñas,Luque,,"PG2C+8MM, Luque 110952, Paraguay",-25.2987225,-57.4780276,,https://instagram.com/gracenailspy?utm_medium=copy_link,4.8,11,True,55,B,beauty_salon|establishment|point_of_interest
NAILS DC,Uñas/Nails,Salon Uñas,Luque,,"c/ Divino niño jesus, Ranulfo A. Gill, Luque 2060, Paraguay",-25.2774504,-57.4682608,0981 676232,https://instagram.com/nails_dannacarvallo?igshid=YmMyMTA2M2Y=,5.0,2,True,55,B,beauty_salon|establishment|point_of_interest
Blessun_by Elsa Bernal (nails),Uñas/Nails,Salon Uñas,Encarnación,,"Carlos A. López, Encarnación 070112, Paraguay",-27.3247389,-55.86556299999999,0994 821296,https://www.facebook.com/profile.php?id=100063587383390&mibextid=2JQ9oc,5.0,4,True,55,B,beauty_salon|establishment|point_of_interest
Opalo Makeup Store Villa Morra,Maquillaje,General,Asunción,,"Avda. Mcal. Lopez, Charles De Gaulle, Asunción 001412, Paraguay",-25.2941859,-57.58034519999999,0986 777871,https://www.facebook.com/opalomakeupstore/,4.7,3,True,55,B,establishment|point_of_interest|store
ROSSANA UNISEX COIFFURE BARBER SHOP📌✂️🚿💈,Barberia,Barberia Moderna,Ypané,,"Paso de Oro, Ypané 111807, Paraguay",-25.4479971,-57.48070610000001,0983 624382,,0.0,0,False,55,B,establishment|hair_care|point_of_interest
Barbería Don Marcio,Barberia,General,San Ignacio Guazú,,"Iturbe, San Ignacio Guazú 080303, Paraguay",-26.887998,-57.0229525,0972 203672,,0.0,0,False,55,B,establishment|hair_care|point_of_interest
Vida Sana Lambaré,Otros,General,Lambaré,,"1 de Marzo 712, Lambaré 2420, Paraguay",-25.3487089,-57.6256882,0992 446925,https://m.facebook.com/terapeuticovidasana/,5.0,2,True,55,B,establishment|health|physiotherapist|point_of_interest
Faby Benitez Nails,Uñas/Nails,Salon Uñas,Itá,,"FJQM+W5G, Itá 110503, Paraguay",-25.5101875,-57.3670625,,,5.0,1,False,55,B,beauty_salon|establishment|point_of_interest
BARBERÍA 23 💈,Barberia,General,Luque,,"Ykua karanda y, Luque 2306, Paraguay",-25.2485423,-57.49077339999999,0981 916511,,0.0,0,False,55,B,establishment|hair_care|health|point_of_interest
MANICURA Y PEDICURA MARIAN BOGADO NAILS,Uñas/Nails,Salon Uñas,Limpio,,"Los Cisnes 999, Limpio 110805, Paraguay",-25.1347384,-57.483631,0984 750083,https://www.instagram.com/jazzmakeup__py/?utm_source=ig_web_button_share_sheet,5.0,1,True,55,B,beauty_salon|establishment|point_of_interest
Evenailsart,Uñas/Nails,Salon Uñas,Limpio,,"RGVW+4G9, Limpio 110812, Paraguay",-25.15752,-57.4538404,0974 255309,https://www.instagram.com/evelynportillonails?igsh=MXR0dTkwNnRzeGZkcg==,5.0,3,True,55,B,beauty_salon|establishment|point_of_interest
Centro de Rehabilitacion Integral,Otros,General,Encarnacion,,"M4CJ+72F, Encarnacion 070113, Paraguay",-27.3293145,-55.8699628,,,5.0,3,False,55,B,establishment|health|point_of_interest
Holovatiy-Vera Fisioterapia,Otros,General,Encarnacion,,"M4CJ+72C, Encarnacion 070113, Paraguay",-27.3293036,-55.86997460000001,,,5.0,3,False,55,B,doctor|establishment|health|point_of_interest
L y C Bazzar y Cosméticos,Otros,General,Yaguarón,,"CPP7+JX6 Detrás de la Plaza, Soldado descontó, Yaguarón 091503, Paraguay",-25.5634649,-57.2851211,,,5.0,1,False,55,B,establishment|point_of_interest|store
°Danny Barber°,Barberia,General,Limpio,,"Av. San José, Limpio 5555, Paraguay",-25.1962224,-57.4638012,0976 304272,,0.0,0,False,55,B,establishment|hair_care|health|point_of_interest
Nys Express - San Ignacio,Otros,General,San Ignacio Guazú,,"4X7C+7X2, Gral. Díaz, San Ignacio Guazú 080304, Paraguay",-26.8868663,-57.027624,,,5.0,1,False,55,B,establishment|point_of_interest|store
Biggie Express San Ignacio Entrada,Otros,General,San Ignacio Guazú,,"Dr. Francia 622, San Ignacio Guazú 080301, Paraguay",-26.8879124,-57.018682,,,5.0,1,False,55,B,establishment|food|grocery_or_supermarket|point_of_interest|store|supermarket
Barber max_,Barberia,General,Pilar,,"4MHV+3GW, Capitán Caballero, Pilar 120106, Paraguay",-26.8724544,-58.30586220000001,0983 679083,,0.0,0,False,55,B,establishment|hair_care|health|point_of_interest
Rock Style Barber Shop,Barberia,Barberia Moderna,Pilar,,"Paolo Alberzoni, Pilar 120106, Paraguay",-26.8581411,-58.3017766,0984 447227,,0.0,0,False,55,B,establishment|hair_care|health|point_of_interest
Barberia El Barba Negra Ayolas,Barberia,General,Ayolas,,"J542+9HG Casa 934, Ayolas 080203, Paraguay",-27.3940663,-56.8485561,0975 106020,,0.0,0,False,55,B,establishment|hair_care|health|point_of_interest
Maria Bogado Estetica&Belleza,Estetica/Facial,General,Ayolas,,"J48M+P3H, Ayolas 080206, Paraguay",-27.3831936,-56.8672561,,,5.0,2,False,55,B,beauty_salon|establishment|point_of_interest
🪄 💈💈El tritu barber 💈💈🪄,Barberia,General,Itauguá,,"Mbokajaty norte, Itauguá 2740, Paraguay",-25.3774935,-57.3746453,0991 305483,,0.0,0,False,55,B,establishment|hair_care|health|point_of_interest
Ara Barreto nails,Uñas/Nails,Salon Uñas,Coronel Oviedo,Barrio General Caballero,"Boqueron esq, Cnel. Oviedo 050117, Paraguay",-25.4506546,-56.4462561,,,5.0,1,False,55,B,establishment|point_of_interest|spa
LR Barber Pilar,Barberia,General,Pilar,,"4PV3+RRP, Mayor Gardel, Pilar 120103, Paraguay",-26.8554092,-58.295428,0975 521166,,0.0,0,False,55,B,establishment|hair_care|health|point_of_interest
Aura Sana,Gimnasio/Fitness,General,Encarnación,,"Independencia Nacional 1191 con, Encarnación 070110, Paraguay",-27.3341065,-55.86171239999999,0986 213334,http://aurasanapy.com/,5.0,15,True,55,B,establishment|gym|health|point_of_interest
Biggie - Itauguá,Otros,General,Itaugua,,"JJ5R+XH2, Itaugua 110604, Paraguay",-25.3900286,-57.3583991,,http://biggie.com.py/,4.5,131,True,55,B,establishment|food|point_of_interest|store
Charlie Barbershop,Barberia,General,Ciudad del Este,,"Ciudad del Este 100137, Paraguay",-25.511769,-54.6142498,0985 663664,http://wa.link/skjt7w,5.0,29,True,55,B,establishment|hair_care|health|point_of_interest
M.barber,Barberia,General,Lambaré,,"684, Lambaré 684123, Paraguay",-25.3424981,-57.6253921,0994 564406,,0.0,0,False,55,B,establishment|hair_care|health|point_of_interest
Yuli Pérez Makeup,Maquillaje,General,Pilar,,"4PM3+32G, Primera Proyectada, Pilar 120107, Paraguay",-26.8673014,-58.2974172,,,5.0,1,False,55,B,establishment|point_of_interest
JAZMÍN PEREIRA MAKEUP ARTISTA,Maquillaje,General,Pilar,,"4, Pilar 120107, Paraguay",-26.8696819,-58.30235279999999,,,5.0,1,False,55,B,establishment|point_of_interest
Pame Galeano Makeup,Maquillaje,General,Lambaré,,"Lambaré 110720, Paraguay",-25.3532642,-57.6106018,0992 549566,https://www.instagram.com/pamegaleano_makeup/,5.0,3,True,55,B,beauty_salon|establishment|point_of_interest
Barbería San Francisco,Barberia,General,Yaguarón,,"Guarapi, Yaguarón 091503, Paraguay",-25.5656977,-57.2874121,0991 739085,,0.0,0,False,55,B,establishment|hair_care|health|point_of_interest
Barberia 360,Barberia,General,Yaguarón,,"B. Gamarra, Yaguarón 091503, Paraguay",-25.5625109,-57.288385,0975 592899,,0.0,0,False,55,B,establishment|hair_care|health|point_of_interest
Beula in Nova Cosméticos,Otros,General,Limpio,,"RGHG+Q7M, Limpio 110813, Paraguay",-25.1705426,-57.4743224,,,5.0,2,False,55,B,establishment|point_of_interest|store
Cynthia Rolón Makeup&Nails,Uñas/Nails,Salon Uñas,Yaguarón,,"PY01 Km 61,500, Yaguarón 091511, Paraguay",-25.598247,-57.2049211,,,5.0,1,False,55,B,beauty_salon|establishment|point_of_interest
NP MakeUp Studio,Maquillaje,General,Yaguarón,,"Calle Doctor Francia, Esquina, Carmelo Peralta 4620, Yaguarón 4620, Paraguay",-25.5571644,-57.2834719,0974 632313,https://instagram.com/nikolpmakeupstudio?igshid=MDM4ZDc5MmU=,5.0,2,True,55,B,beauty_salon|establishment|hair_care|point_of_interest
Punto Farma 517,Otros,General,Villa del Rosario,,"HVHJ+4RM 154624, Villa del Rosario 021301, Paraguay",-24.4221542,-57.11794639999999,,,5.0,1,False,55,B,establishment|health|pharmacy|point_of_interest|store
Ferreteria san agustin,Otros,General,Villa del Rosario,,"HVHJ+7X5, Villa del Rosario 021301, Paraguay",-24.4218593,-57.1175052,,,5.0,1,False,55,B,establishment|hardware_store|point_of_interest|store
LG Makeup Leticia Giménez,Maquillaje,General,Estigarribia,,"J7HX+XQH Dr Juan Eulogio, 13 de Noviembre, Estigarribia 3660, Paraguay",-25.3700679,-55.7005108,,,5.0,1,False,55,B,establishment|hair_care|point_of_interest
VEREMY GLAM Y SHOP,Otros,General,Encarnación,,"Mcal. Estigarribia, Encarnación 070112, Paraguay",-27.3258942,-55.8673047,0983 090183,https://www.instagram.com/insumos_veremy?igsh=ZHpqODE3dG9leHhk&utm_source=qr,5.0,2,True,55,B,establishment|point_of_interest|store
Maggi Agüero Nails,Uñas/Nails,Salon Uñas,Luque,,"PGQ5+9PG, Rosario, Luque 110920, Paraguay",-25.26156,-57.4906792,,,5.0,4,False,55,B,beauty_salon|establishment|point_of_interest
Carolina Cespedes Make Up and Beauty,Maquillaje,General,Limpio,,"Charrúas, Limpio 110821, Paraguay",-25.1777988,-57.4781783,0981 173701,https://www.facebook.com/carolina.cespedes.make.up/,5.0,2,True,55,B,beauty_salon|establishment|point_of_interest
Mirna Pereira Belleza y Makeup,Maquillaje,General,Itá,,"Ing. Alan Czaya 128 c/ División del Norte, Itá 110516, Paraguay",-25.4703663,-57.3616254,0994 153558,https://www.instagram.com/mirnapereira023/,4.7,3,True,55,B,beauty_salon|establishment|point_of_interest
Dean Morgan arts,Otros,General,Limpio,,"A lado de la despensa Karen y sole, 15 de Agosto, Limpio 110802, Paraguay",-25.1224299,-57.4759112,0981 859218,https://www.instagram.com/morgan.13_tatto?igsh=MWgybzNkNnJkNXI2dA==,5.0,3,True,55,B,establishment|point_of_interest|store
Punto Cosmetics,Estetica/Facial,General,Encarnacion,,"J4WR+9VX, Encarnacion 070124, Paraguay",-27.3540142,-55.8577527,0981 353270,https://www.instagram.com/puntocosmetics_py?igsh=MTRpZWR6ZHN3cGswNA%3D%3D&utm_source=qr,5.0,1,True,55,B,establishment|point_of_interest|store
Gessé Rodrigues - Microblading y Micropigmentación,Pestañas/Cejas,General,Posadas,,"Felix de Azara, N3301 Posadas, Misiones, Argentina",-27.3678772,-55.8937543,0376 15-486-4092,http://www.instagram.com/gesse.belleza,5.0,2,True,55,B,establishment|point_of_interest|store
Bioestetica,Estetica/Facial,General,Encarnación,,"M45R+8GV, Gral. Bruguez, Encarnación 070119, Paraguay",-27.341647,-55.8586949,,,5.0,1,False,55,B,establishment|point_of_interest
Cosmetic World,Estetica/Facial,General,Caacupé,Barrio General Diaz,"Ruta 2, Caacupé 3000, Paraguay",-25.3826988,-57.133584,0982 117921,,3.0,2,False,55,B,establishment|point_of_interest
FN Barbershop (Fernando Nuñez),Barberia,General,Caacupé,Barrio General Diaz,"JVC5+9HV 030102, Caacupé 030102, Paraguay",-25.3790143,-57.1410893,0971 718039,,0.0,0,False,55,B,establishment|hair_care|health|point_of_interest
Cosmétic xiao,Otros,General,Caacupé,Barrio Pozo De La Virgen,"Mariscal José Félix Estigarribia, JV85+287, &, Caacupé 030103, Paraguay",-25.3849696,-57.1417054,,,5.0,3,False,55,B,establishment|point_of_interest|store
GC barberstudio 💈,Barberia,General,Yaguarón,,"Capitán Cabral, Yaguarón 091501, Paraguay",-25.5613406,-57.28507680000001,0991 300974,,1.0,1,False,55,B,establishment|hair_care|health|point_of_interest
Clase-A- Barber-Tattoos,Barberia,General,Yaguarón,,"CPP8+RHR, Av. Pedro Juan Caballero, Yaguarón 091502, Paraguay",-25.5628917,-57.2836144,0991 971944,,0.0,0,False,55,B,establishment|hair_care|health|point_of_interest
Ramiro Mieres Tattoo,Tatuajes/Piercing,General,Posadas,,"1734, N3300 Posadas, Misiones, Argentina",-27.3673259,-55.8849247,0376 468-7932,https://www.instagram.com/ramiromieres?igsh=MTBtZGJ2ZHA4c2N2dA==&utm_source=qr,5.0,1,True,55,B,establishment|point_of_interest|store
Mbopi Tattoos,Tatuajes/Piercing,General,Encarnación,,"calle san felipe apostol, calle 15 de mayo, Encarnación 6000, Paraguay",-27.3705219,-55.83722040000001,0975 783004,https://instagram.com/mbopi_studio_/,5.0,1,True,55,B,establishment|point_of_interest|store
Gianna Bonita Nails,Uñas/Nails,Salon Uñas,07,,"2060, 07 0701, Paraguay",-27.334809,-55.8702834,0975 718553,,3.0,1,False,55,B,beauty_salon|establishment|point_of_interest
Fvbarberia,Barberia,General,General Delgado,,"WF5G+VMF, Ruben Rodriguez, Gral Delgado 071301, Paraguay",-27.0910486,-56.52309469999999,0994 723689,,0.0,0,False,55,B,establishment|hair_care|health|point_of_interest
SM Consultorio Odontológico,Otros,General,San Cosme y Damián,,"Calle C entre Calle San Cosme y Miranda Cueto,Barrio, San Cosme y Damián 071901, Paraguay",-27.3105759,-56.33226510000001,0995 616423,https://www.facebook.com/profile.php?id=100063863117750,5.0,2,True,55,B,establishment|health|point_of_interest
Andy Makeup,Maquillaje,General,Ypané,,"Ypané 111813, Paraguay",-25.4629968,-57.51445099999999,,,5.0,1,False,55,B,beauty_salon|establishment|point_of_interest
BARBER LUCAS 💈💈,Barberia,General,Ypané,,"Paso de Oro, Ypané 111807, Paraguay",-25.4507269,-57.47716459999999,0991 694136,,0.0,0,False,55,B,establishment|hair_care|point_of_interest
AGUILA BARBER Shop,Barberia,Barberia Moderna,Carmen del Paraná,,"Ruta uno y, Carmen del Paraná 070702, Paraguay",-27.218597,-56.1449398,0994 852290,,0.0,0,False,55,B,establishment|hair_care|point_of_interest
Home Barber,Barberia,General,Ypané,Posta Ybycua,"Thompsom, Ypané 110250, Paraguay",-25.4179212,-57.50482969999999,0976 859371,,0.0,0,False,55,B,establishment|hair_care|health|point_of_interest
Samu Barber Home,Barberia,General,Ypané,,"110408, Ypané 110408, Paraguay",-25.4589708,-57.5034959,0972 950265,,0.0,0,False,55,B,establishment|hair_care|health|point_of_interest
todachicc,Otros,General,Ypané,,"GFPR+556, Ypané 2660, Paraguay",-25.4619141,-57.5088117,,,5.0,1,False,55,B,establishment|point_of_interest|store
Mauro perforaciones body piercing,Tatuajes/Piercing,Piercing Studio,Ñemby,,"La Franconi,847casi, independencia, Ñemby 111214, Paraguay",-25.392157,-57.5461147,,http://wa.me/595984%20513%20960,4.5,11,True,55,B,establishment|point_of_interest
Jaquelinne Nails,Uñas/Nails,Salon Uñas,Doctor Juan Eulogio Estigarribia,,"J8G6+9RV, Doctor Juan Eulogio Estigarribia 051203, Paraguay",-25.373874,-55.687698,,,5.0,1,False,55,B,beauty_salon|establishment|point_of_interest
Barber Dani,Barberia,General,Minga Guazú,,"G535+772, Minga Guazú 101124, Paraguay",-25.4968706,-54.84186889999999,0975 798121,,0.0,0,False,55,B,establishment|hair_care|point_of_interest
Majo Nails,Uñas/Nails,Salon Uñas,Minga Guazú,,"G68P+G4V, Minga Guazú 101102, Paraguay",-25.4836267,-54.7646966,,,5.0,1,False,55,B,beauty_salon|establishment|point_of_interest
Rossy Nails Py,Uñas/Nails,Salon Uñas,Lúke,,"MGV8+JQR, Las Castañas, Lúke 110950, Paraguay",-25.3058863,-57.4830992,0991 393262,https://instagram.com/rossynailspy?igshid=YmMyMTA2M2Y=,5.0,2,True,55,B,beauty_salon|establishment|point_of_interest
RDB Barber,Barberia,General,Minga Guazú,,"Km16, Minga Guazú 100100, Paraguay",-25.4791136,-54.7704954,0972 799212,,0.0,0,False,55,B,establishment|hair_care|health|point_of_interest
Barbería junior,Barberia,General,Minga Guazú,,"Minga Guazú 101127, Paraguay",-25.4895318,-54.8956268,0982 672827,,0.0,0,False,55,B,establishment|hair_care|health|point_of_interest
Elias Barber Shop,Barberia,Barberia Moderna,Minga Guazú,,"F7J2+4V6, Minga Guazú 101119, Paraguay",-25.5197004,-54.74786659999999,0975 418847,,0.0,0,False,55,B,establishment|hair_care|health|point_of_interest
Milico Barbershop,Barberia,General,Doctor Juan Eulogio Estigarribia,,"J7VH+Q9R, Doctor Juan Eulogio Estigarribia 051205, Paraguay",-25.3555152,-55.7224651,0975 346331,,0.0,0,False,55,B,establishment|hair_care|health|point_of_interest
DA Centro Estética Automotriz,Otros,General,Doctor Juan Eulogio Estigarribia,,"J8C3+MM4, Doctor Juan Eulogio Estigarribia 051204, Paraguay",-25.3783567,-55.6958102,,,5.0,2,False,55,B,car_repair|establishment|point_of_interest
M COSMETICOS,Estetica/Facial,Perfumeria,Minga Guazú,,"G67R+H7W, Minga Guazú 101103, Paraguay",-25.4860199,-54.7593099,,,5.0,1,False,55,B,establishment|point_of_interest|store
Rossy Estética & Belleza,Salon de Belleza,General,Doctor Juan Eulogio Estigarribia,,"J7VM+W3G A dos cuadras de megas supermercado 2, Dr Juan Eulogio Estigarribia 051205, Paraguay",-25.3551925,-55.7173005,,,3.7,3,False,55,B,beauty_salon|establishment|point_of_interest
The Beard Kingdom Barber Shop,Barberia,Barberia Moderna,Minga Guazú,,"Avenida Tatayiva, Minga Guazú 101115, Paraguay",-25.4818051,-54.7944177,0983 239626,,0.0,0,False,55,B,establishment|hair_care|health|point_of_interest
Frida Cosméticos,Otros,General,Minga Guazú,,"G68M+C35, Padre Guido Coronel, Minga Guazú 101102, Paraguay",-25.4839999,-54.7675424,0973 804243,https://www.instagram.com/frida_cosmeticos05?igsh=MWh4N2t3MndvdndrcA==,5.0,2,True,55,B,establishment|point_of_interest|store
Meru Tatts,Otros,General,Ñemby,,"Av. Moisés Bertoni, Ñemby 111206, Paraguay",-25.3777227,-57.52984809999999,0984 731319,https://www.instagram.com/merutatts?igsh=OTFrbnRucTJhMjJv,5.0,3,True,55,B,establishment|point_of_interest
Nathalia Gimenez Makeup,Maquillaje,General,Pedro Juan Caballero,,"Rubio Ñu, Pedro Juan Caballero 130106, Paraguay",-22.5393554,-55.739739,0973 605774,https://instagram.com/nathaliagimenezmakeup?igshid=OGQ5ZDc2ODk2ZA==&utm_source=qr,5.0,1,True,55,B,beauty_salon|establishment|point_of_interest
Grisel Nails,Uñas/Nails,Salon Uñas,Ciudad del Este,,"G8X4+WG5, Ciudad del Este 100109, Paraguay",-25.4502381,-54.6936382,0984 469915,https://www.instagram.com/grisel_nails_21?igsh=MWp2eDI0amt0aDJkdQ==,5.0,2,True,55,B,beauty_salon|establishment|point_of_interest
Beauty Cosmetics,Estetica/Facial,General,Minga Guazú,,"Km 16, Minga Guazú 101102, Paraguay",-25.4901705,-54.7608554,0985 119030,https://www.instagram.com/cosmeticos_beautty?igsh=MXA2a200dHRwcjNzeg%3D%3D&utm_source=qr,5.0,1,True,55,B,establishment|point_of_interest|store
Sosa Laila - Makeup,Maquillaje,General,Areguá,,"MH5J+WPM, Areguá 110120, Paraguay",-25.3401487,-57.4176732,0972 909025,https://www.instagram.com/sosalaila.makeup?igsh=MTQ3dHEzMGd5bDF1Zw%3D%3D&utm_source=qr,5.0,1,True,55,B,beauty_salon|establishment|point_of_interest
Mil Ideas Shop,Otros,General,Areguá,,"MH2X+2FM, Areguá 110123, Paraguay",-25.3494873,-57.40203520000001,0972 474470,https://www.instagram.com/milideas.shop?igsh=c2d4ams2eTJuOGR5&utm_source=qr,5.0,1,True,55,B,establishment|point_of_interest|store
"Pick Up Amanecer Cosmética y Perfumes (Distruidor oficial de Hinode, Forever living y Oboticario)",Otros,General,Areguá,,"PH38+RWW, Av. Las Residentas, Areguá 110110, Paraguay",-25.295397,-57.43267609999999,0991 976577,https://wa.me/message/BDSIHVUOXQRAG1,4.8,4,True,55,B,establishment|point_of_interest|store
Amambay Medical Center,Otros,General,Pedro Juan Caballero,,"Lomas Valentinas, Pedro Juan Caballero 130120, Paraguay",-22.5560736,-55.7317462,(67) 99946-9293,https://instagram.com/amambaym.c?igshid=YmMyMTA2M2Y=,5.0,2,True,55,B,establishment|health|hospital|point_of_interest
Clínica Dra. Melissa Mancuello,Otros,General,Caballero,Vila Militar II,"Republica de cuba, entre Natalicio Talavera, C. Carlos Antonio López y, Caballero 8500, Paraguay",-22.5327961,-55.7378912,0973 677212,https://www.instagram.com/dra.melissamedicinaestetica/,4.5,2,True,55,B,doctor|establishment|health|point_of_interest
PROLIFE SUPPLY CENTER / SUMINISTROS PARA LA SALUD,Otros,General,Pedro Juan Caballero,Vila Militar,"Pedro Juan Caballero 130113, Paraguay",-22.5450815,-55.7284663,0985 135481,https://www.facebook.com/prolifepy/,3.0,14,True,55,B,establishment|health|point_of_interest|store
Yenny Almirón (COSMETOLOGA & COSMIATRA),Estetica/Facial,General,Asunción,,"Pascual Ramon Casco, Asunción 001508, Paraguay",-25.2491422,-57.53821749999999,0972 416700,https://www.instagram.com/p/CbJOMnGJVFt/?igshid=YmMyMTA2M2Y=,5.0,1,True,55,B,beauty_salon|establishment|health|point_of_interest
Clínica Orofacial Dra. Mao.,Estetica/Facial,General,Areguá,,"Manuel Ortiz Guerrero casi, Areguá 110104, Paraguay",-25.3058789,-57.3999306,0984 207029,https://instagram.com/_crismao?utm_medium=copy_link,5.0,3,True,55,B,establishment|health|point_of_interest
Anahi Nails,Uñas/Nails,Salon Uñas,Ñemby,,"Juan E O’leary entre, Av. Eduardo Vasconcellos, Ñemby 111201, Paraguay",-25.3852283,-57.5423035,0986 172880,https://instagram.com/anahivalientenails?igshid=YmMyMTA2M2Y=,5.0,3,True,55,B,beauty_salon|establishment|point_of_interest
Dr Juan Eulogio Estigarribia ex campo 9,Otros,General,J. E. Estigarribia,,"J99W+XX, J. E. Estigarribia 051211, Paraguay",-25.380064,-55.6025935,,,5.0,1,False,55,B,establishment|point_of_interest
Productos Natura y Más,Otros,General,Minga Guazú,,"G68M+WQ4, Minga Guazú 101118, Paraguay",-25.4612849,-54.75686719999999,0981 165502,https://instagram.com/natura.minga?igshid=YmMyMTA2M2Y=,5.0,3,True,55,B,establishment|point_of_interest|store
"C V Salud Integral y Estética, Minga Guazú",Otros,General,Minga Guazú,,"Carlos Antonio López, Minga Guazú 101102, Paraguay",-25.4816379,-54.7617394,,,5.0,2,False,55,B,establishment|health|point_of_interest
JvNails,Uñas/Nails,Salon Uñas,Coronel Bogado,,"RQM3+7WP, Unnamed Road, Cnel. Bogado 070804, Paraguay",-27.1667914,-56.24518510000001,0993 252794,https://instagram.com/jvnaails?igshid=1p56pb095b805,5.0,3,True,55,B,beauty_salon|establishment|point_of_interest
Yenifer Nail design,Uñas/Nails,General,Minga Guazú,,"Km 27 Acaray, Minga Guazú 101110, Paraguay",-25.4779722,-54.87573949999999,,,5.0,1,False,55,B,beauty_salon|establishment|point_of_interest
Casa Fashion,Salon de Belleza,General,Encarnación,,"Daniel Moreno Ocampo, Encarnación 070124, Paraguay",-27.360949,-55.851926,0995 600456,http://www.casafashionpy.com/,4.1,29,True,54,B,beauty_salon|establishment|point_of_interest|store
Retro Barbearia,Peluqueria,General,Pedro Juan Caballero,,"Choferes del Chaco 528, Pedro Juan Caballero 130120, Paraguay",-22.5561837,-55.7297612,,https://www.instagram.com/invites/contact/?i=pl6rxtw0il9&utm_content=1lzu0q6,4.4,5,True,54,B,establishment|hair_care|health|point_of_interest
Clarita Belleza,Salon de Belleza,General,Pedro Juan Caballero,,"Rubio Ñu esquina, Pedro Juan Caballero 130106, Paraguay",-22.5369225,-55.74142209999999,,https://www.instagram.com/claritabelleza_?igsh=MWtnZjNibG04eXZhZw%3D%3D&utm_source=qr,4.4,7,True,54,B,beauty_salon|establishment|point_of_interest
LUISFER TATTOO LUQUE,Tatuajes/Piercing,General,Luque,,"PGH2+WP6, Cnel. Oviedo, Luque 110932, Paraguay",-25.270171,-57.49840129999999,,,3.7,6,False,53,B,establishment|point_of_interest
Posada Turística Aguapey,Otros,General,San Cosme y Damián,,"MMP6+RHH, Avenida 24 de diciembre, San Cosme y Damián 071901, Paraguay",-27.3129255,-56.3385183,0981 981729,http://www.turismoaguapey.jimdo.com/,3.9,112,True,53,B,establishment|lodging|point_of_interest
Eforea Spa by Hilton Pilar,Spa/Wellness,Spa,Pilar,,"RN8 km 60.5, B1633 Pilar, Provincia de Buenos Aires, Argentina",-34.4340706,-58.97530500000001,0230 453-3800,https://www.hiltonpilar.ar/category/Spa,3.6,39,True,53,B,establishment|point_of_interest|spa
A TODO ESTILO BARBER,Barberia,General,Coronel Bogado,,"Padre Mauricio 6920, Cnel. Bogado 070802, Paraguay",-27.1593908,-56.2380331,0975 157703,https://www.facebook.com/Salon-de-belleza-y-barberia-a-todo-estilo-105929614265883/,3.7,3,True,53,B,establishment|hair_care|health|point_of_interest
Vida Estética,Spa/Wellness,General,Asunción,,"Av. Venezuela 573, Asunción 001207, Paraguay",-25.2865581,-57.5954284,0972 704040,http://www.vidaestetica.com.py/,3.8,36,True,53,B,establishment|health|point_of_interest|spa
Nico Cosmeticos,Estetica/Facial,Perfumeria,San Lorenzo,Centro de San Lorenzo,"Julia Miranda Cueto &, MF3Q+P97, Sargento Silva, San Lorenzo 111422, Paraguay",-25.3455803,-57.511535,0985 922637,https://www.instagram.com/nico_cosmeticos/,3.6,9,True,53,B,establishment|point_of_interest|shopping_mall
Reece's Barber Shop,Barberia,Barberia Moderna,Pilar,,"8 de diciembre casi, Pilar 120107, Paraguay",-26.8714375,-58.2957925,0982 099929,https://www.facebook.com/profile.php?id=100094280316666,3.5,2,True,53,B,establishment|hair_care|health|point_of_interest
Milciades Barbershop,Barberia,General,Doctor Juan Eulogio Estigarribia,,"J7MW+7MR, Doctor Juan Eulogio Estigarribia 051202, Paraguay",-25.3664158,-55.70302179999999,,,3.7,3,False,53,B,establishment|hair_care|health|point_of_interest
Lili Cosméticos,Otros,General,Caacupé,Barrio Alegre,"JV87+R93, Caacupé 030103, Paraguay",-25.3829998,-57.1365928,,,3.9,9,False,53,B,establishment|point_of_interest
Val Nails,Uñas/Nails,Salon Uñas,Limpio,,"Capitán Medina, Limpio 110816, Paraguay",-25.1689058,-57.4811333,0972 685300,https://www.instagram.com/valnails.py,4.3,3,True,52,B,beauty_salon|establishment|point_of_interest
Vicky Salon De Belleza,Salon de Belleza,General,San Ignacio Guazú,,"4X9C+92H, Av Justiniano Rodas, San Ignacio Guazú 080304, Paraguay",-26.8815583,-57.0298818,0971 316756,https://m.facebook.com/Peluqueria-Vicky-1257378274315003/,3.0,2,True,52,B,beauty_salon|establishment|point_of_interest
Polideportivo Municipal San Cosme y Damián,Otros,General,San Cosme y Damián,,"MMP8+7G8, San Cosme y Damián 071901, Paraguay",-27.3143295,-56.3336866,,,4.0,4,False,52,B,establishment|point_of_interest
Rocio Bogarin Studio,Salon de Belleza,General,San Pedro de Ycuamandyyú,,"San Pedro de Ycuamandyyú 020101, Paraguay",-24.0879267,-57.0732514,0982 591191,https://rocio-bogarin-makeup.negocio.site/?utm_source=gmb&utm_medium=referral,4.8,13,True,52,B,beauty_salon|establishment|point_of_interest
AB Salon de Belleza,Salon de Belleza,General,Ypané,,"1174, Ypané 1174, Paraguay",-25.4363201,-57.50204340000001,0976 799259,https://ab_salon_de.belleza.py/,5.0,17,True,52,B,establishment|hair_care|point_of_interest
D'tall By Diana Guerrero_Estilista,Peluqueria,General,Mariano Roque Alonso,,"QFF9+673, Cristóbal Colón y, Mariano Roque Alonso 111019, Paraguay",-25.2270036,-57.5318167,0984 366409,https://dtall.hair/,5.0,11,True,52,B,establishment|hair_care|point_of_interest
Luis Rios Salon,Salon de Belleza,General,San Estanislao,,"Av. Tapiracuai, San Estanislao 020801, Paraguay",-24.6557808,-56.4384317,0984 234251,https://luisriossalon.site.agendit.com.py/,5.0,13,True,52,B,beauty_salon|establishment|point_of_interest
Euphoria - Centro de belleza,Salon de Belleza,General,Concepción,,"Humaita, Concepción 010107, Paraguay",-23.4037291,-57.4443412,0975 280061,https://linktr.ee/euphoriabeautycenter?utm_source=linktree_profile_share&ltsid=3c73a5ea-37a0-4a24-9ecd-499db047ac87,5.0,19,True,52,B,beauty_salon|establishment|hair_care|point_of_interest|spa
Bruna Micropigmentacion,Otros,General,Asunción,,"Mayor Thomas Rufinelli Casi, Palo Santo 2050, Asunción 001506, Paraguay",-25.2395796,-57.54038029999999,0984 828464,http://www.facebook.com/brunapinheirocejas,4.0,2,True,52,B,establishment|point_of_interest
IBOGA DETOX PY,Otros,General,Doctor Juan Eulogio Estigarribia,,"Proceres de Mayo, Enfermeras del Chaco, Dr Juan Eulogio Estigarribia 3660, Paraguay",-25.373473,-55.702593,0971 250276,https://aguilagroup.wixsite.com/ibogainapy,4.4,19,True,52,B,establishment|health|point_of_interest
Nelson Acosta Tattoo Studio,Tatuajes/Piercing,Tattoo Studio,Itá,,"General Díaz 119, Itá 110505, Paraguay",-25.5081495,-57.355403,0992 361876,https://instagram.com/nelson7_tatt?utm_medium=copy_link,4.3,3,True,52,B,establishment|point_of_interest|store
ByF Cosméticos,Otros,General,Itá,,"FJRP+CM8, Enrique Doldán Ibieta, Itá 110503, Paraguay",-25.5088726,-57.3633226,,,4.3,4,False,52,B,establishment|point_of_interest|store
Cosmética Morena Itá,Otros,General,Itá,,"FJQQ+9GF, San Blás, Itá 110506, Paraguay",-25.5115538,-57.3612023,,,4.0,1,False,52,B,establishment|point_of_interest|store
Dra. Agustina Gonzalez,Salon de Belleza,General,Asunción,,"Ing. Prof. Nicolás Krisvoschein, Asunción 001520, Paraguay",-25.2696473,-57.5649745,0971 614156,https://agustinagonzalez.com.py/,5.0,12,True,52,B,beauty_salon|establishment|point_of_interest
Salón de belleza ROMY......JOHA NAILS STUDIO,Uñas/Nails,Salon Uñas,Luque,,"PGW5+J8W, Luque 110919, Paraguay",-25.2533775,-57.4916723,,,4.3,4,False,52,B,establishment|hair_care|point_of_interest
Salón de Belleza Mirtha,Salon de Belleza,General,Villa Hayes,,"Cerro Corá Esq, Villa Hayes 150401, Paraguay",-25.0850626,-57.5336515,,,3.0,1,False,52,B,beauty_salon|establishment|point_of_interest
Beleza Pura Coiffure,Salon de Belleza,General,Fernando de la Mora,,"Ingavi, Fernando de la Mora 110312, Paraguay",-25.32291,-57.52983630000001,0985 637166,https://belezapuracoiffure.carrd.co/,5.0,10,True,52,B,beauty_salon|establishment|point_of_interest
Micaela Mena Studio,Peluqueria,General,Concepción,,"Concepción 010110, Paraguay",-23.4168386,-57.429703,0985 555407,https://instagram.com/micamena.studio/?utm_medium,3.0,2,True,52,B,establishment|hair_care|point_of_interest
StudioNB,Salon de Belleza,General,Concepción,,"Concepción 010104, Paraguay",-23.4002719,-57.41395329999999,,,3.0,2,False,52,B,beauty_salon|establishment|point_of_interest
Le Salon Peluquería y Spa,Salon de Belleza,Spa,San Lorenzo,,"Miraflores 395 y, San Lorenzo 111449, Paraguay",-25.3591049,-57.5162922,0984 945240,https://business.google.com/site/l/03540078844763373125?hl=es-419,5.0,10,True,52,B,establishment|hair_care|point_of_interest
José Nuñez Beauty Center,Salon de Belleza,General,San Lorenzo,Centro de San Lorenzo,"Coronel Bogado casi, San Lorenzo 2160, Paraguay",-25.343905,-57.5151101,0993 482640,http://atom.bio/josenunezbc/,4.8,11,True,52,B,beauty_salon|establishment|point_of_interest
CEMAFI - Centro de Masajes - / - NEGOCIOS INMOBILIARIOS,Spa/Wellness,General,Coronel Bogado,,"Av. Silverio Fretes esq. Florida Coronel Bogado Coronel Bogado, Cnel. Bogado 6920, Paraguay",-27.1645652,-56.2403805,0992 201470,https://cemafi2020.wixsite.com/masajes,4.0,1,True,52,B,establishment|point_of_interest|store
Luiza Villani Beauty,Salon de Belleza,General,Presidente Franco,,"C9XP+FJC, Cordillera, Presidente Franco 100214, Paraguay",-25.5513125,-54.6134375,(45) 99141-9010,https://maapp.com.br/villanibeauty,5.0,14,True,52,B,beauty_salon|establishment|point_of_interest
Faty Centro de Belleza,Salon de Belleza,General,Villarrica,,"San Francisco Potrero, Villarrica 040114, Paraguay",-25.7986012,-56.4313347,0984 534025,https://faty-centro-belleza.netlify.app/,5.0,16,True,52,B,beauty_salon|establishment|hair_care|point_of_interest
KG Beauty Studio,Salon de Belleza,General,Ñemby,,"Av. Paraguay esq, Ñemby 111307, Paraguay",-25.406078,-57.55329039999999,0992 187021,https://api.whatsapp.com/send?phone=595992187021,5.0,13,True,52,B,beauty_salon|establishment|point_of_interest
Anny Hair Gym Spa,Peluqueria,Spa,Villa Hayes,,"Laudo Hayes esq, Villa Hayes 150403, Paraguay",-25.0940022,-57.52649619999999,0986 304064,https://api.whatsapp.com/send?phone=+595986304064&text=Hola,4.9,11,True,52,B,establishment|hair_care|point_of_interest
Barba Negra,Peluqueria,General,San Ignacio Guazú,,"4X7J+8QJ, San Ignacio Guazú 080301, Paraguay",-26.8866692,-57.0181323,,,3.0,2,False,52,B,establishment|hair_care|health|point_of_interest
Arturo Barbería y Color,Peluqueria,General,Ñemby,,"+595986847577, Ñemby 111215, Paraguay",-25.4082706,-57.54598859999999,0986 847577,https://arturobarberiaycolor.setmore.com/,5.0,10,True,52,B,establishment|hair_care|health|point_of_interest
Centro Naturista Nueva Vida,Otros,General,Caaguazú,,"GXQ5+697, Caaguazú 050201, Paraguay",-25.461957,-56.0412464,,,4.0,1,False,52,B,establishment|point_of_interest
Diana Apodaca Studio,Peluqueria,General,Asunción,,"Teniente Primero Dr. Vicente Oddone, Asunción 001527, Paraguay",-25.2809746,-57.5627022,0994 744321,https://bio.site/diapodaca?fbclid=PAAaYxXTc3t5Rt_dKEE6femuSDSmmqbwq7knJdHt5b_ENG1WDOxpHSrOwMcso_aem_Af3ahXth4gmK5IL2HPapkgSzwa9KjZQGBtRfsLJh8n1iD6v_bcfNYhlSZBbXvxg8kvU,4.8,17,True,52,B,establishment|hair_care|point_of_interest
Younique,Spa/Wellness,General,Asunción,,"PC89+VRP, Augusto Roa Bastos, Asunción 001530, Paraguay",-25.2827975,-57.5804135,0984 900376,http://www.younique.com.py/,4.0,13,True,52,B,establishment|health|point_of_interest|spa
Love for nails by Luz González,Uñas/Nails,Salon Uñas,Atyrá,,"PR8H+VCC, Atyrá 030402, Paraguay",-25.2826972,-57.1717564,,,4.0,1,False,52,B,establishment|point_of_interest|spa
Moksha Yoga & Pilates,Gimnasio/Fitness,Yoga/Pilates,Asunción,,"Jose Ocampos Lanzoni 560, Asunción 001001, Paraguay",-25.2933511,-57.5718077,0991 637040,http://www.moksha.com.py/,4.0,13,True,52,B,beauty_salon|establishment|gym|health|physiotherapist|point_of_interest|spa
Peluquería Al Estilo De Azu,Peluqueria,General,Hernandarias,,"Calle acaray 828, Hernandarias 2770, Paraguay",-25.4405168,-54.6395133,,https://www.facebook.com/Peluqueria-Al-Estilo-De-Azu-103386375483105/,4.5,2,True,52,B,establishment|hair_care|point_of_interest
Nails,Uñas/Nails,Salon Uñas,Capiatá,Posta Ybycua,"HGF7+W54, Capiatá 110258, Paraguay",-25.425102,-57.4871666,,,4.0,2,False,52,B,beauty_salon|establishment|point_of_interest
La Pelufatima,Peluqueria,General,Luque,,"Luque 110903, Paraguay",-25.233939,-57.48375309999999,,http://instagram.com/%20maria_fatimab26,5.0,3,True,52,B,establishment|hair_care|point_of_interest
Peluqueria Luque,Peluqueria,General,Luque,,"PGJ4+FMW, Luque 110932, Paraguay",-25.2687743,-57.4933116,,,2.8,6,False,52,B,establishment|hair_care|point_of_interest
𝓟𝓮𝓵𝓾𝓺𝓾𝓮𝓻𝓲𝓪 𝓥𝓲𝓰𝓸 𝓡𝓮𝔂,Peluqueria,General,Piribebuy,Barrio Maria Auxiliadora,"GXM3+J7W, Piribebuy 031402, Paraguay",-25.4658958,-57.0467841,,,3.0,1,False,52,B,establishment|hair_care|health|point_of_interest
Clínica Mellber,Salon de Belleza,General,,Porto Meira,"Av. Morenitas, 637 - sala 02 - Jardim das Flores, Foz do Iguaçu - PR, 85855-190, Brazil",-25.5765342,-54.57577329999999,(45) 99143-6907,https://clinicamellber.com.br/agendamento,5.0,18,True,52,B,beauty_salon|establishment|health|point_of_interest|spa|store
Epem Medicina Estética Mariano,Salon de Belleza,General,Mariano Roque Alonso,Caacupe Mi,"Ruta Transchaco (PY03, Mariano Roque Alonso 111018, Paraguay",-25.2257133,-57.5340355,,,3.0,4,False,52,B,beauty_salon|establishment|point_of_interest
Studio Única Central,Salon de Belleza,General,Asunción,,"25 de Mayo 3870, Asunción 001229, Paraguay",-25.3003515,-57.5980555,0983 380878,http://www.studiounica.com.py/,5.0,11,True,52,B,beauty_salon|establishment|point_of_interest
Mia Gamarra Beauty salon,Salon de Belleza,General,Hernandarias,,"Av, Hernandarias 7220, Paraguay",-25.4335541,-54.6489814,0984 379963,https://sites.google.com/view/miagamarrabeautysalon/mia-gamarra-beauty-salon,5.0,1,True,52,B,beauty_salon|establishment|point_of_interest
Tulio tatoos,Otros,General,Hernandarias,,"Hernandarias 100506, Paraguay",-25.3968857,-54.64038009999999,,,4.0,4,False,52,B,establishment|point_of_interest
Beauty Enc,Salon de Belleza,General,Encarnación,,"M49G+65R, Av. Costanera República del Paraguay, Encarnación 070116, Paraguay",-27.3319283,-55.8745736,,https://www.instagram.com/beautyenc?igsh=MXNvOTRtOHowZDRjaw==,5.0,2,True,52,B,beauty_salon|establishment|point_of_interest
Acuidar-te,Salon de Belleza,General,Encarnación,,"Sargento Revechon 506 3 ""E Entre Av Japon y Av Irrazabal Edificio San Jose 3, Encarnación 6000, Paraguay",-27.3259985,-55.8700871,0994 575195,https://diegofornes.wixsite.com/acuidar-te,5.0,4,True,52,B,beauty_salon|establishment|point_of_interest
Santani art-tattoo,Tatuajes/Piercing,General,San Estanislao,,"Defensores del Chaco y, San Estanislao 020802, Paraguay",-24.6620172,-56.4354684,,,4.3,3,False,52,B,establishment|point_of_interest
MARY COIFFURE,Peluqueria,General,Caacupé,Barrio San Blas,"Ira Proyectada, Caacupé 030108, Paraguay",-25.3944716,-57.1462285,,,3.0,2,False,52,B,establishment|hair_care|point_of_interest
TINA,Salon de Belleza,General,Asunción,,"Tte. Gregorio Villalba, Asunción 001509, Paraguay",-25.2562575,-57.55345729999999,0982 560660,https://www.linktr.ee/tinapy,4.9,12,True,52,B,beauty_salon|establishment|hair_care|point_of_interest
Haven Salón de Belleza Carmelitas,Salon de Belleza,General,Asunción,,"San Rafael 428, Asunción 001529, Paraguay",-25.2844215,-57.57471579999999,0993 583959,https://linktr.ee/havensalondebelleza.py,4.9,14,True,52,B,beauty_salon|establishment|hair_care|point_of_interest
Shaddai Store,Otros,General,San Cosme y Damián,,"Avenida 24 de diciembre, San Cosme y Damián 071901, Paraguay",-27.3112212,-56.32942389999999,0984 443012,,0.0,0,False,50,B,establishment|point_of_interest|store
Centro de estetica Salud y Belleza.,Estetica/Facial,Centro Estetica,Fernando de la Mora,Fernando Zona Sur,"Corrales 498 esquina Fulgencio R. Moreno Fernando De la Mora, Fernando de la Mora 2300, Paraguay",-25.3304356,-57.55071279999999,0971 603313,,0.0,0,False,50,B,establishment|hair_care|point_of_interest
Casa de max y Cris,Otros,General,Villa Hayes,,"Wilfrido Insaurralde, Villa Hayes 150413, Paraguay",-25.0747375,-57.5592243,0992 809424,,0.0,0,False,50,B,establishment|point_of_interest
Armonia & Silueta Spa,Spa/Wellness,Spa,Villa Del Rosario,,"la palmita, Cl. 13 #8 - 32, Villa Del Rosario, Norte de Santander, Colombia",7.826492000000001,-72.4730529,320 7562006,https://beacons.ai/armoniaysilueta.spa,5.0,9,True,50,B,establishment|point_of_interest|spa
Taller DL. Chapa y Pintura,Otros,General,San Pedro de Ycuamandyyú,,"General Samaniego, San Pedro de Ycuamandyyú 020103, Paraguay",-24.0955211,-57.07803149999999,0982 239063,,0.0,0,False,50,B,car_repair|establishment|point_of_interest
Farmavel,Otros,General,San Pedro de Ycuamandyyú,,"San Pedro de Ycuamandyyú 020102, Paraguay",-24.0942541,-57.0727397,0985 616613,,0.0,0,False,50,B,drugstore|establishment|health|point_of_interest|store
Monserrat Make Up Studio,Maquillaje,General,San Pedro de Ycuamandyyú,,"WW5H+RG, San Pedro de Ycuamandyyú 020102, Paraguay",-24.0901958,-57.0705876,0961 388528,,0.0,0,False,50,B,establishment|point_of_interest
Mono loco tatoo,Otros,General,San Estanislao,,"8220, San Estanislao 081200, Paraguay",-24.6653378,-56.455192,0971 277876,,0.0,0,False,50,B,establishment|point_of_interest
KS Nails,Uñas/Nails,Salon Uñas,Ciudad del Este,,"G8M4+J4V, Ciudad del Este 100106, Paraguay",-25.4658089,-54.6951596,0992 873438,,0.0,0,False,50,B,beauty_salon|establishment|point_of_interest
Espacio Estético Michelle Jacomet,Spa/Wellness,Spa,Minga Guazú,,"edificio Dos Santos Martinho, Juana de Lara, Minga Guazú 7420, Paraguay",-25.4879239,-54.7631725,0992 781243,https://instagram.com/espacioestetico_mj?igshid=YmMyMTA2M2Y=,0.0,0,True,50,B,establishment|point_of_interest|spa
Calle Samu'u Km 20,Otros,General,Minga Guazú,,"G693+7FW, Minga Guazú 101115, Paraguay",-25.481762,-54.796302,0985 615196,,1.5,2,False,50,B,establishment|point_of_interest
doctora terapéutica,Otros,General,Minga,,"200, metros de la ruta 2, Minga 7420, Paraguay",-25.4821324,-54.8934417,0975 793414,,0.0,0,False,50,B,establishment|point_of_interest
Anto Make Up,Maquillaje,General,San Estanislao,,"Mariscal José Félix Estigarribia, San Estanislao 020805, Paraguay",-24.6692215,-56.45122629999999,0975 364631,,0.0,0,False,50,B,beauty_salon|establishment|point_of_interest
Lord spa,Spa/Wellness,Spa,Limpio,,"RGJG+M98, Limpio 110813, Paraguay",-25.1683399,-57.4740398,,,0.0,0,False,50,B,establishment|point_of_interest|spa
Alexandra Nails,Uñas/Nails,Salon Uñas,Encarnación,,"M48J+MVG, Encarnación 070117, Paraguay",-27.3333156,-55.8678033,0986 301580,,0.0,0,False,50,B,beauty_salon|establishment|point_of_interest
BLACHU ZOTELO - CENTRO DE ESTETICA,Estetica/Facial,Centro Estetica,Coronel Oviedo,Barrio General Caballero,"3300, Cnel. Oviedo 050117, Paraguay",-25.4457799,-56.450928,0975 959290,,0.0,0,False,50,B,beauty_salon|establishment|point_of_interest
TamaraFerreiranailspy,Uñas/Nails,Salon Uñas,Concepción,,"Pa,i Pérez, 010109, Padre Sarmiento casi, Concepción 010109, Paraguay",-23.4052742,-57.43990220000001,0991 481617,,0.0,0,False,50,B,beauty_salon|establishment|point_of_interest
Emii Nails Magic,Uñas/Nails,Salon Uñas,Concepción,,"Doctor Canillas y, Concepción 010109, Paraguay",-23.4046416,-57.4374729,0983 109301,,0.0,0,False,50,B,establishment|point_of_interest|spa
Clinica Díaz de Vivar,Spa/Wellness,General,Pedro Juan Caballero,Vila Militar,"Dr. Gaspar R. de Francia 962, Pedro Juan Caballero 8500, Paraguay",-22.535845,-55.7328357,0336 272 276,http://www.clinicadiazdevivar.com.py/,5.0,8,True,50,B,doctor|establishment|health|point_of_interest
Orthoestetica,Estetica/Facial,General,Ponta Porã,Vila Militar II,"Av. Carlos Domínguez 276-390, Ponta Porã 130112, Paraguay",-22.5459228,-55.7323062,0971 723037,,0.0,0,False,50,B,doctor|establishment|health|point_of_interest
Jessi uñas,Uñas/Nails,Salon Uñas,Caaguazú,Barrio San Lorenzo,"GXP9+R6V, Caaguazú 050209, Paraguay",-25.4628842,-56.03194389999999,0992 465684,,1.0,1,False,50,B,beauty_salon|establishment|point_of_interest
"Aura, Pilates y Estética",Gimnasio/Fitness,Yoga/Pilates,Pilar,,"Mariscal José Félix Estigarribia, Pilar 120104, Paraguay",-26.8560942,-58.30261100000001,,,0.0,0,False,50,B,establishment|gym|health|point_of_interest
Anabell Vera Makeup - Nails,Uñas/Nails,Salon Uñas,San Ignacio Guazú,,"4X8Q+GW6, San Ignacio Guazú 080301, Paraguay",-26.8831311,-57.009263,0972 979206,,0.0,0,False,50,B,beauty_salon|establishment|point_of_interest
CAMISG TATOO'S,Otros,General,Encarnación,,"Dolores de Acuña entre Maestra Clementina Irrazabal y Carlos Hrase Encarnación, Encarnación 6000, Paraguay",-27.3098581,-55.8881558,0995 377854,,0.0,0,False,50,B,establishment|point_of_interest|store
Powerlinetattoo,Tatuajes/Piercing,General,Posadas,,"Sarmiento, N3301 Posadas, Misiones, Argentina",-27.3650365,-55.8937384,0376 504-9221,,0.0,0,False,50,B,establishment|point_of_interest
Delia Amarilla Masajes,Spa/Wellness,General,Encarnación,,"Carlos A. López, 070112, &, Encarnación 070112, Paraguay",-27.3241136,-55.86561469999999,0987 372022,https://deliaamarilla.com/,5.0,5,True,50,B,establishment|point_of_interest
Estética y spa JR,Spa/Wellness,Spa,Encarnación,,"25 de Mayo, Encarnación 070111, Paraguay",-27.3288375,-55.8643671,0986 230649,https://www.instagram.com/_esteticayspajd_?igsh=dnl4MTc2c254Ynhr&utm_source=qr,0.0,0,True,50,B,establishment|point_of_interest|spa
Eve Coifure Nails,Uñas/Nails,Salon Uñas,Itá,,"Asentamiento nueva esperanza, Itá 110501, Paraguay",-25.5010839,-57.36658070000001,0982 922856,,0.0,0,False,50,B,establishment|hair_care|point_of_interest
Florece Centro Estético,Otros,General,Yaguarón,,"CPM7+QW3, Mcal. José Félix Estigarribia, Yaguarón 091503, Paraguay",-25.5657378,-57.2851942,0972 694709,,0.0,0,False,50,B,establishment|point_of_interest|store
Paradise Spa Py,Spa/Wellness,Spa,Lambaré,,"Mcal. Estifarribia 114 c, Lambaré 1107, Paraguay",-25.3427267,-57.6286777,0981 119618,https://instagram.com/paradise.spa.py?igshid=ZGUzMzM3NWJiOQ==,0.0,0,True,50,B,establishment|point_of_interest|spa
Noisy Tatts,Otros,General,Asunción,,"Tte, Tte. Cnel. Isaías Jara Pastore 5929, Asunción 001507, Paraguay",-25.2425932,-57.5526211,,https://www.instagram.com/noisytatts/,5.0,6,True,50,B,establishment|point_of_interest|store
Dalsy Nails and Beauty,Uñas/Nails,Salon Uñas,Ypané,,"8 de diciembre, Gral. Bernardino Caballero esq, Ypané 111810, Paraguay",-25.4514287,-57.5169375,0991 843692,,0.0,0,False,50,B,beauty_salon|establishment|point_of_interest
Eofani nails,Uñas/Nails,Salon Uñas,Ypane,,"Defensores del Chaco, Ypane 111802, Paraguay",-25.4609581,-57.50287359999999,0985 457365,,0.0,0,False,50,B,establishment|hair_care|point_of_interest
JF Nails Design,Uñas/Nails,Salon Uñas,Caacupé,,"30123, Caacupé 030122, Paraguay",-25.3690845,-57.1769577,0981 842124,,0.0,0,False,50,B,beauty_salon|establishment|point_of_interest
Antonella Núñez Nails,Uñas/Nails,Salon Uñas,Encarnacion,,"M4FM+8WV, Encarnacion 070111, Paraguay",-27.326658,-55.8652344,0983 815545,,0.0,0,False,50,B,beauty_salon|establishment|point_of_interest
Boomerang_tattoo,Tatuajes/Piercing,General,Encarnación,,"Avda 6000, Encarnación 070119, Paraguay",-27.3544366,-55.8572748,0986 195665,,0.0,0,False,50,B,establishment|point_of_interest|store
Gimnasio Light Weight,Gimnasio/Fitness,Gimnasio,Pilar,,"Capitán Caballero, Pilar 2800, Paraguay",-26.8619641,-58.3027272,0985 312414,https://www.instagram.com/light_weight_py/profile,0.0,0,True,50,B,establishment|gym|health|point_of_interest
Paragua_tattoo,Tatuajes/Piercing,General,Areguá,,"PH55+FRQ, Las Residentas, Areguá 110109, Paraguay",-25.2912804,-57.44040159999999,692 95 89 38,,0.0,0,False,50,B,establishment|point_of_interest|store
META GYM,Gimnasio/Fitness,Gimnasio,Areguá,,"MH6W+C42, Areguá 110122, Paraguay",-25.3390237,-57.4047437,0991 957661,https://www.instagram.com/metagymch?igsh=MTN4aTdqZngwZGJ3ZA==,0.0,0,True,50,B,establishment|gym|health|point_of_interest
"Gimnasio De La Plaza, Areguá",Gimnasio/Fitness,Gimnasio,Areguá,,"MJQ8+5XH, Unnamed Road, Areguá 110101, Paraguay",-25.312054,-57.3825265,,,0.0,0,False,50,B,establishment|gym|health|point_of_interest
Ana Paola estética,Otros,General,Naranjal,,"Naranjal 101401, Paraguay",-25.973332,-55.18168069999999,0983 176680,,0.0,0,False,50,B,establishment|point_of_interest
DanielaEsteticaSpa,Spa/Wellness,Spa,Gobernador Roca,,"Av. Miguel de Güemes, N3324 Gdor. Roca, Misiones, Argentina",-27.1896656,-55.4697062,03757 55-5260,https://www.instagram.com/danielaesteticaspa?igsh=MXU5OWFqNmFyZDY2eA==&utm_source=qr,0.0,0,True,50,B,establishment|point_of_interest|spa
MV kinesiología y Pilates,Gimnasio/Fitness,Yoga/Pilates,,,"Av. Marcial Samaniego, 070204, Paraguay",-27.0250474,-55.59887510000001,,,0.0,0,False,50,B,establishment|gym|health|point_of_interest
Abigail Nails,Uñas/Nails,Salon Uñas,Concepción,,"HHVC+C4W, Padre Sarmiento 1123, Concepción 010109, Paraguay",-23.4070464,-57.4298865,0986 708158,,0.0,0,False,50,B,beauty_salon|establishment|point_of_interest
Salón de belleza Naty,Otros,General,San Pedro de Ycuamandyyú,,"Independencia, San Pedro de Ycuamandyyú 020103, Paraguay",-24.0863273,-57.0844094,0976 382588,,1.0,1,False,50,B,establishment|point_of_interest
Lula Design Cejas y Pestañas Capiata,Pestañas/Cejas,General,Capiatá,,"Cerca de, JHV5+Q2H 110220, Ave Mcal.F.S.lopez, Capiatá 110220, Paraguay",-25.3555708,-57.4423919,0991 314340,,0.0,0,False,50,B,beauty_salon|establishment|point_of_interest
Piel y Punto,Otros,General,Villarrica,,"Ruy Díaz de Melgarejo y, Villarrica 040109, Paraguay",-25.7760619,-56.4495924,0984 217967,,0.0,0,False,50,B,establishment|point_of_interest|store
Deisy Gauto | Makeup - Especialista en cejas,Maquillaje,General,Villarrica,,"Villarrica 040101, Paraguay",-25.7723006,-56.4621059,0982 131970,,0.0,0,False,50,B,beauty_salon|establishment|point_of_interest
NP|Beauty Bar| Micropigmentacion | Cosmiatra,Otros,General,Hohenau,,"6000, Hohenau 071402, Paraguay",-27.0642775,-55.6380227,0975 918509,,0.0,0,False,50,B,establishment|point_of_interest|store
Spa Jordan,Spa/Wellness,Spa,Villa Hayes,,"WF6C+PX3, Mariscal Francisco Solano López, Villa Hayes 150405, Paraguay",-25.0874162,-57.526825,,,0.0,0,False,50,B,beauty_salon|establishment|point_of_interest
Loren - Estética Integral & Spa,Spa/Wellness,Spa,Villa Hayes,,"WF5G+XG4, Villa Hayes 150405, Paraguay",-25.0901162,-57.52365749999999,0981 720682,https://www.instagram.com/loren_estetica_integral/,0.0,0,True,50,B,establishment|point_of_interest|spa
PLACA SPA SRL,Spa/Wellness,Spa,Villa Hayes,,"WF4H+C7H, Villa Hayes 150404, Paraguay",-25.0939396,-57.52176479999999,,,0.0,0,False,50,B,establishment|point_of_interest|spa
Diamond Nails Studio,Uñas/Nails,Salon Uñas,Villa Hayes,,"Diamond Nails, Villa Hayes 150401, Paraguay",-25.0899551,-57.5317391,0986 783789,,0.0,0,False,50,B,beauty_salon|establishment|point_of_interest
Forlive paraguy,Otros,General,Obligado,,"Av. Osvaldo Tischler, Obligado 071402, Paraguay",-27.0672504,-55.64087900000001,0994 850362,,0.0,0,False,50,B,establishment|point_of_interest
Sergio Miraballes. Masajista deportivo,Otros,General,Obligado,,"Jacobo Dietze, entre Nanawa y, Obligado 071402, Paraguay",-27.0610209,-55.6389779,0985 111760,,0.0,0,False,50,B,establishment|health|physiotherapist|point_of_interest
Exen Gym - San Lorenzo,Gimnasio/Fitness,Gimnasio,San Lorenzo,,"Cnel Romero, San Lorenzo 111430, Paraguay",-25.3488121,-57.50502520000001,0986 415111,https://exen.com.py/,4.9,8,True,50,B,establishment|gym|health|point_of_interest
Mugi Tattoo's,Tatuajes/Piercing,General,Capiatá,,"Avenida clavel del aire, Piro'y, Capiatá 110202, Paraguay",-25.3338604,-57.4513595,0994 763045,,0.0,0,False,50,B,establishment|point_of_interest
Rot tattoo,Tatuajes/Piercing,General,Capiatá,,"Ruta py 02 casi, Capiatá 110219, Paraguay",-25.357273,-57.43569360000001,0971 148256,,0.0,0,False,50,B,establishment|point_of_interest|store
Anise Nails Art,Uñas/Nails,Salon Uñas,Hohenau,,"Hohenau 071401, Paraguay",-27.0768317,-55.6434684,0983 755512,,0.0,0,False,50,B,establishment|hair_care|point_of_interest
Ali Vargas Nails studio,Uñas/Nails,Salon Uñas,Hohenau,,"Hohenau 071401, Paraguay",-27.1028375,-55.6514823,0986 765668,,0.0,0,False,50,B,beauty_salon|establishment|point_of_interest
Ilumina Spa,Spa/Wellness,Spa,Hernandarias,,"H9WC+6WW, Hernandarias 100510, Paraguay",-25.4043921,-54.6276719,,,0.0,0,False,50,B,establishment|point_of_interest|spa
Yenifer Picco NailsArt,Uñas/Nails,Salon Uñas,Caaguazú,,"GXVJ+4HX, PY13, Caaguazú 050204, Paraguay",-25.4571178,-56.0185304,0982 036499,,0.0,0,False,50,B,beauty_salon|establishment|point_of_interest
La vida en Rosa,Otros,General,Ñemby,,"Hf78+m6f, Ñemby 111226, Paraguay",-25.4358125,-57.5344375,0972 899679,,0.0,0,False,50,B,establishment|point_of_interest
DermaStore,Otros,General,Asunción,,"Av. Mariscal Lopez, Villamorra Shopping, San Roque Gonzalez de Santacruz esq, Asunción 001412, Paraguay",-25.294263,-57.58073219999999,0993 575140,http://perfumeslujosos.com/,4.7,45,True,50,B,establishment|point_of_interest|store
Escuela de fútbol Fortaleza Mística,Gimnasio/Fitness,General,Ypané,,"8 de Diciembre, Ypané 111805, Paraguay",-25.4331555,-57.5075627,,,0.0,0,False,50,B,establishment|gym|health|point_of_interest
Elvis coiffure,Uñas/Nails,General,Piribebuy,,"Rogelio R. Benitez entre, Lomas Valentinas y, Piribebuy 031401, Paraguay",-25.458911,-57.0484653,0972 102912,,0.0,0,False,50,B,beauty_salon|establishment|point_of_interest
J.V Tattoos,Tatuajes/Piercing,General,Obligado,,"W9W6+X2V, Obligado 071701, Paraguay",-27.0525053,-55.63994870000001,0982 478477,,0.0,0,False,50,B,establishment|point_of_interest|store
TFL Gym,Gimnasio/Fitness,Gimnasio,Hernandarias,,"Nicaragua 327, Hernandarias 100510, Paraguay",-25.405368,-54.62734880000001,,,0.0,0,False,50,B,establishment|gym|health|point_of_interest
Barber Shop,Barberia,Barberia Moderna,Hernandarias,,"J88X+2H3, General Fulgencio Yegros, Hernandarias 100503, Paraguay",-25.3849834,-54.6510877,,,3.3,4,False,50,B,establishment|hair_care|health|point_of_interest
Barberia Papacho,Barberia,General,Villa Hayes,,"Mariscal Francisco Solano López 713, Villa Hayes 150404, Paraguay",-25.0923501,-57.52287969999999,,,3.0,2,False,50,B,establishment|hair_care|health|point_of_interest
Jennova Nails,Uñas/Nails,Salon Uñas,Villa Elisa,,"JC76+386, Villa Elisa 111517, Paraguay",-25.3878511,-57.5888662,0993 324406,,0.0,0,False,50,B,beauty_salon|establishment|point_of_interest
Thalí uñas,Uñas/Nails,Salon Uñas,Hernandarias,,"Mariscal Lopez, Hernandarias 100505, Paraguay",-25.3886254,-54.6495508,0972 856331,,0.0,0,False,50,B,beauty_salon|establishment|point_of_interest
Mabel Uñas,Uñas/Nails,Salon Uñas,Hernandarias,,"Hernandarias 100511, Paraguay",-25.4169592,-54.627451,0984 501217,,0.0,0,False,50,B,beauty_salon|establishment|point_of_interest
Tattoo Studio Horus Osiris,Tatuajes/Piercing,Tattoo Studio,Hernandarias,,"Fulgencio Yegros, Hernandarias 100506, Paraguay",-25.3929513,-54.6420126,0982 484555,,0.0,0,False,50,B,establishment|point_of_interest
Cris Aguayo Estética corporal,Otros,General,Hernandarias,,"J973+PGJ, Ybyraró, Hernandarias 100500, Paraguay",-25.3856543,-54.6462271,0973 759653,,0.0,0,False,50,B,establishment|point_of_interest
Tg depilación y estética,Spa/Wellness,General,Hernandarias,,"H9X6+RG4, Hernandarias 100508, Paraguay",-25.4004847,-54.6386607,,,0.0,0,False,50,B,establishment|point_of_interest|spa
Namaste Clinic-Spa,Spa/Wellness,Spa,Caaguazú,,"GXQH+GH5, Gral. Eduvigis Diaz, Caaguazú 050208, Paraguay",-25.4612489,-56.0210285,,,0.0,0,False,50,B,establishment|point_of_interest|spa
Raque Spa,Spa/Wellness,Spa,Pilar,,"4PR2+G34, Paolo Alberzoni, Pilar 120106, Paraguay",-26.8587408,-58.2997925,0975 714759,https://www.instagram.com/raque_spa/,0.0,0,True,50,B,establishment|point_of_interest|spa
Dahi Avalos Nails Studio,Uñas/Nails,Salon Uñas,Pilar,,"4PJ8+4Q3, Cerro Corá, Pilar 120112, Paraguay",-26.8697328,-58.2830886,0981 950475,,0.0,0,False,50,B,beauty_salon|establishment|point_of_interest
Ada Nails Studio,Uñas/Nails,Salon Uñas,Pilar,,"4MGR+7JQ, Pilar 120109, Paraguay",-26.8922069,-58.2983643,0981 772798,,0.0,0,False,50,B,beauty_salon|establishment|point_of_interest
Chicha Tattoo,Tatuajes/Piercing,General,Itaugua,,"HJGM+3P2, Itaugua 110621, Paraguay",-25.4248525,-57.3657463,0972 207033,,0.0,0,False,50,B,establishment|point_of_interest
Paseo Pilates,Gimnasio/Fitness,Yoga/Pilates,San Lorenzo,,"JFXV+C6H, Gral. Caballero 1160, San Lorenzo 111451, Paraguay",-25.3513892,-57.5069505,,,0.0,0,False,50,B,establishment|gym|health|point_of_interest
Esencia Studio Py,Spa/Wellness,General,San Bernardino,,"MPX8+6M7, San Bernardino 031602, Paraguay",-25.3015989,-57.28283769999999,0971 726226,https://instagram.com/esenciastudiopy?igshid=MzMyNGUyNmU2YQ==,0.0,0,True,50,B,establishment|point_of_interest|spa
Gimnasio CNSB,Gimnasio/Fitness,Gimnasio,San Bernardino,,"MPP3+J7F, San Bernardino 031602, Paraguay",-25.3132505,-57.2970375,,,0.0,0,False,50,B,establishment|gym|health|point_of_interest
Micropigmentacion Capilar Paraguay | GIGI Reyes,Otros,General,Asunción,,"MCQ5+354, Asunción 1422, Paraguay",-25.3124037,-57.59208899999999,0972 499040,https://gigireyesmicropigmentacion.com/inicio,5.0,39,True,50,B,establishment|health|point_of_interest
HARDCORE GYM,Gimnasio/Fitness,Gimnasio,Ñemby,,"Sta Rosa 397, Ñemby 2540, Ñemby 111212, Paraguay",-25.3934206,-57.55357770000001,,,0.0,0,False,50,B,establishment|gym|health|point_of_interest
ElemNails (TFF MEDIA),Uñas/Nails,Salon Uñas,Pilar,,"4MRW+5JM, Fulgencio Yegros, Pilar 120106, Paraguay",-26.8595268,-58.30346230000001,0986 217722,,0.0,0,False,50,B,beauty_salon|establishment|point_of_interest
Tattoo DB-031,Tatuajes/Piercing,General,Pilar,,"Tte. 1ro. José María Cano, Pilar 120108, Paraguay",-26.8783334,-58.2875178,0974 500389,,0.0,0,False,50,B,establishment|point_of_interest|store
Joseph Coiffure - Plaza Madero,Salon de Belleza,General,Luque,,"Autop. Silvio Pettirossi, Luque 2060, Paraguay",-25.2552996,-57.5126273,0981 083266,http://www.joseph.com.py/,3.9,47,True,50,B,beauty_salon|establishment|point_of_interest
Anyprieto Makeup,Maquillaje,General,San Bernardino,,"MPX8+5CX, San Bernardino 031602, Paraguay",-25.3020217,-57.28390419999999,0986 929374,,0.0,0,False,50,B,beauty_salon|establishment|point_of_interest
Centro de Fisio.Salud y Belleza Flor,Otros,General,Coronel Oviedo,Barrio San Isidro,"Ex, Cnel. Oviedo 050113, Paraguay",-25.4551695,-56.4526124,0976 446185,,0.0,0,False,50,B,establishment|point_of_interest
Fisioestetica Felicita Haedo,Estetica/Facial,General,Coronel Oviedo,12 de Junio,"Ita Ybate, Cnel. Oviedo 050106, Paraguay",-25.4442023,-56.43439919999999,0986 582688,,0.0,0,False,50,B,establishment|point_of_interest|spa
Spa las Mariposas,Spa/Wellness,Spa,Pilar,,"4P83+F3M, Pilar 120108, Paraguay",-26.8837979,-58.29732929999999,,,0.0,0,False,50,B,beauty_salon|establishment|point_of_interest
Dimakeup pilar,Maquillaje,General,Pilar,,"4MRX+4P, Pilar 120106, Paraguay",-26.8615895,-58.30251149999999,0975 769991,,0.0,0,False,50,B,establishment|point_of_interest|store
Family Nuñez Gutierrez,Otros,General,San Ignacio Guazú,,"Cerro León, San Ignacio Guazú 080304, Paraguay",-26.8816013,-57.02866050000001,011 2480-1066,,0.0,0,False,50,B,establishment|health|point_of_interest
glowvy,Otros,General,San Ignacio Guazú,,"Tte sergio Martinez, 4X8P+FJ7, Rutapy01, San Ignacio Guazú 080301, Paraguay",-26.8838497,-57.01345999999999,0975 156014,,0.0,0,False,50,B,establishment|point_of_interest|store
Espacio Yvymarae’y,Spa/Wellness,Spa,San Ignacio,,"PFRM+GJ, San Ignacio, Misiones Province, Argentina",-27.258695,-55.5159059,,,0.0,0,False,50,B,establishment|gym|health|point_of_interest
Luna makeup,Maquillaje,General,Lambaré,,"Caranday, Lambaré 110726, Paraguay",-25.3517112,-57.6327695,0981 127351,,0.0,0,False,50,B,beauty_salon|establishment|point_of_interest
Marcia Morla Nails & Beauty,Uñas/Nails,Salon Uñas,Presidente Franco,,"C8XX+75J, Pdte. Franco 100208, Paraguay",-25.5517807,-54.6521011,0973 644155,,0.0,0,False,50,B,beauty_salon|establishment|point_of_interest
Bel Nails Studio,Uñas/Nails,Salon Uñas,Presidente Franco,,"San Sebastian, Pdte. Franco 7700, Paraguay",-25.557503,-54.6052285,0985 613031,,0.0,0,False,50,B,establishment|hair_care|point_of_interest
Essenza_Clinic,Otros,General,Ypacaraí,,"Ypacaraí 111703, Paraguay",-25.4049375,-57.2898125,0994 317137,,0.0,0,False,50,B,establishment|health|point_of_interest|store
NATY_NAILS,Uñas/Nails,Salon Uñas,Villa Hayes,,"sobre calle las mellizas, PY09 y, Villa Hayes 150208, Paraguay",-25.0467189,-57.53919390000001,0983 857057,,0.0,0,False,50,B,beauty_salon|establishment|point_of_interest
Lu Nails,Uñas/Nails,Salon Uñas,Villa Hayes,,"WF4C+85C, Villa Hayes 150403, Paraguay",-25.0941421,-57.5296832,0994 112484,,1.0,1,False,50,B,beauty_salon|establishment|point_of_interest
AmonRa Yoga,Gimnasio/Fitness,Yoga/Pilates,Capiatá,,"JHV5+JPR, Capiatá 110220, Paraguay",-25.3558871,-57.44074519999999,,,0.0,0,False,50,B,establishment|health|point_of_interest
Pilates Capiatá,Gimnasio/Fitness,Yoga/Pilates,Capiatá,,"JHX5+FCV, 2 de Febrero, Capiatá 110218, Paraguay",-25.351261,-57.4414404,,,0.0,0,False,50,B,establishment|point_of_interest
Barber Shop,Barberia,Barberia Moderna,Asunción,,"Av. Dr. Guido Boggiani 6115, Asunción 001416, Paraguay",-25.2998059,-57.5687902,,https://www.instagram.com/barbershoppy/?hl=es,5.0,1,True,50,B,establishment|hair_care|health|point_of_interest
JOSUE'S Barber Shop CDE,Barberia,Barberia Moderna,Ciudad del Este,,"29 de Setiembre, Cd. del Este 7000, Paraguay",-25.5204206,-54.6160232,0992 905058,https://beacons.ai/josuesbarbershopcde,5.0,13,True,50,B,establishment|hair_care|health|point_of_interest
ROJAS BARBERSHOP,Barberia,General,Itauguá,,"733, Itauguá 110608, Paraguay",-25.3993179,-57.32790869999999,,https://instagram.com/rojasbarber_23?igshid=ZGUzMzM3NWJiOQ==,5.0,3,True,50,B,establishment|hair_care|health|point_of_interest
Icaro Internacional,Otros,General,Asunción,,"casi, San Roque Gonzalez de Santacruz & India Juliana, MCV6+8GH, Asunción 001421, Paraguay",-25.3066978,-57.58863829999999,,http://www.icarointernacional.com.py/,4.7,59,True,50,B,establishment|point_of_interest|store
Cuidado relajante spa,Spa/Wellness,Spa,Villarrica,,"6GFV+4CV 040101, Spezzini 12, Villarrica 040101, Paraguay",-25.7771334,-56.4564357,,,0.0,0,False,50,B,establishment|point_of_interest|spa
Milagros Spa,Spa/Wellness,Spa,Villarrica,,"6H93+62M, Gral. José Eduvigis Díaz, Villarrica 040109, Paraguay",-25.7819104,-56.4474416,,,0.0,0,False,50,B,establishment|point_of_interest|spa
Familia Sánchez,Gimnasio/Fitness,General,Limpio,,"VGC9+PF9, Limpio 110803, Paraguay",-25.1282835,-57.4812504,,,0.0,0,False,50,B,establishment|gym|health|point_of_interest
CG Studio Estético Makeup and Nails,Uñas/Nails,Salon Uñas,Capiatá,,"JHP2+9XQ, Capiatá 110216, Paraguay",-25.3640162,-57.44747959999999,0984 470555,,0.0,0,False,50,B,beauty_salon|establishment|point_of_interest
PROESTHETIC CLINIC,Otros,General,Kapi'atã,,"Mártires de Acosta Ñú 120 C, Kapi'atã 4750, Paraguay",-25.3538349,-57.44841479999999,0986 846843,https://fiweex.com/agenda/proesthetic,4.6,29,True,50,B,establishment|health|point_of_interest
Peinados Priscila,Spa/Wellness,General,Obligado,,"W9VF+V3W, Av. Gaspar Rodriguez de Francia, Obligado 071702, Paraguay",-27.0552672,-55.6272864,,,0.0,0,False,50,B,establishment|hair_care|point_of_interest
"Rincon Saludable, Belleza y Salud",Otros,General,Hohenau,,"W9H5+R53, Av. San Roque Gonzalez y, Hohenau 6290, Paraguay",-27.063565,-55.6391168,0985 718054,,0.0,0,False,50,B,establishment|point_of_interest|store
Eden Beauty,Spa/Wellness,General,Capiatá,,"MG2X+6GG, Capiatá 110207, Paraguay",-25.3494949,-57.4511383,,,0.0,0,False,50,B,establishment|point_of_interest|spa
Lourdes Rojas Beauty Nails Studio,Uñas/Nails,Salon Uñas,Villarrica,,"Itagua entre salto de Guairá y salto mbokarusu, Villarrica 040106, Paraguay",-25.7786413,-56.4252797,0983 771790,,0.0,0,False,50,B,establishment|hair_care|point_of_interest
KM BEAUTY PRODUCTS,Otros,General,Hohenau,,"Av. Osvaldo Tischler, Hohenau 071402, Paraguay",-27.0646739,-55.6385174,0985 819439,,0.0,0,False,50,B,establishment|point_of_interest|store
Dark Train Tattoo,Tatuajes/Piercing,General,Villa Elisa,San Juan,"Von Poleski casi, Villa Elisa 111506, Paraguay",-25.3595091,-57.5946053,0985 990027,,0.0,0,False,50,B,establishment|point_of_interest|store
URBAN HOUSE,Otros,General,Villa Elisa,,"MC48+W7J, Villa Elisa 111501, Paraguay",-25.3426491,-57.58456969999999,0986 740262,,0.0,0,False,50,B,establishment|point_of_interest|store
SOMA,Gimnasio/Fitness,General,Ciudad del Este,,"Av. Los Comuneros, Cd. del Este 100153, Paraguay",-25.5303272,-54.628941,0994 412900,https://www.instagram.com/soma_cde/,0.0,0,True,50,B,establishment|gym|health|point_of_interest
mosana Pilates Yoga Estudio,Gimnasio/Fitness,Yoga/Pilates,Asunción,,"Dr. Toribio Pacheco 6157, Asunción 001416, Paraguay",-25.304017,-57.57069620000001,0994 458368,http://linktr.ee/Mosanapilatesyoga,5.0,7,True,50,B,establishment|gym|health|point_of_interest
Consultorio Medicina Estética Dra. Lorena González I.,Otros,General,Villarrica,,"6GCX+F52, Villarrica 040109, Paraguay",-25.7788705,-56.4521155,0984 881264,,0.0,0,False,50,B,doctor|establishment|health|point_of_interest
Studio Micaela Moral,Otros,General,Hernandarias,,"Barrio Juan Pablo ll, Hernandarias 100514, Paraguay",-25.4123872,-54.6540648,0971 854696,,0.0,0,False,50,B,establishment|point_of_interest|store
Poseidon Tattoo Club,Tatuajes/Piercing,General,Lambaré,,"M9HM+8MJ, Corochire, Lambaré 110704, Paraguay",-25.3216517,-57.6158516,0987 431422,,0.0,0,False,50,B,establishment|point_of_interest
Gym San José,Gimnasio/Fitness,Gimnasio,Piribebuy,,"GXQ2+RMW, Piribebuy 031401, Paraguay",-25.4603649,-57.0482358,,,0.0,0,False,50,B,establishment|gym|health|point_of_interest
JMG Gimnasio,Gimnasio/Fitness,Gimnasio,Hohenau,,"4444, Hohenau 071403, Paraguay",-27.0907237,-55.6544107,,,0.0,0,False,50,B,establishment|gym|health|point_of_interest
NOE Funcional Fitness,Gimnasio/Fitness,General,Hohenau,,"W924+V5, Hohenau 071403, Paraguay",-27.0978861,-55.644669,0975 152088,https://instagram.com/noe_funcional_fitnes_?igshid=MzRlODBiNWFlZA==,0.0,0,True,50,B,establishment|gym|health|point_of_interest
Unica's spa,Spa/Wellness,Spa,Hernandarias,,"H9H5+P2X, Hernandarias 100516, Paraguay",-25.421083,-54.642612,,,0.0,0,False,50,B,beauty_salon|establishment|point_of_interest
Deisy Assis Nails Studio,Uñas/Nails,Salon Uñas,Hernandarias,,"14 de Mayo casi, Hernandarias 100507, Paraguay",-25.394179,-54.6423854,0975 536096,,0.0,0,False,50,B,beauty_salon|establishment|point_of_interest
Viictoria Rodas Nails,Uñas/Nails,Salon Uñas,Hernandarias,,"Gral. Patricio Escobar, Hernandarias 123456, Paraguay",-25.3958707,-54.6439428,0985 373044,,0.0,0,False,50,B,beauty_salon|establishment|point_of_interest
RCNAILS,Uñas/Nails,Salon Uñas,Hernandarias,,"Canindeyú, Hernandarias 100506, Paraguay",-25.397595,-54.6386475,0993 265852,,0.0,0,False,50,B,beauty_salon|establishment|point_of_interest
Bar de Cejas,Pestañas/Cejas,General,Asunción,,"Av Gral Máximo Santos, Asunción 001310, Paraguay",-25.3173871,-57.6198675,(021) 728 8000,https://www.bardecejas.com/,4.9,42,True,50,B,beauty_salon|establishment|point_of_interest
Carol Estética,Spa/Wellness,General,Piribebuy,Virgen del Rosario,"GXH7+PPV, Cap. Flecha Spaini, Piribebuy 031404, Paraguay",-25.4706303,-57.0357101,,,0.0,0,False,50,B,beauty_salon|establishment|point_of_interest
Pilates Lisa Cabrera San Lorenzo,Gimnasio/Fitness,Yoga/Pilates,San Lorenzo,,"MF3W+V2G, Saturio Rios, San Lorenzo 111423, Paraguay",-25.345301,-57.50491390000001,,,0.0,0,False,50,B,establishment|point_of_interest
Élite Gym,Gimnasio/Fitness,Gimnasio,Presidente Franco,,"Av Monday, Pdte. Franco 100223, Paraguay",-25.5584778,-54.6056822,,,0.0,0,False,50,B,establishment|gym|health|point_of_interest
Nan spa,Spa/Wellness,Spa,Mariano Roque Alonso,Caacupe Mi,"Av. Eusebio Ayala, Mariano Roque Alonso 111021, Paraguay",-25.2302435,-57.54534280000001,0981 147633,https://www.instagram.com/nan_spa78?igsh=NXAzNmJmbzB1c2h2,0.0,0,True,50,B,establishment|point_of_interest|spa
PILATES FISIOESTETIC,Gimnasio/Fitness,Yoga/Pilates,San Lorenzo,,"Virgilio Roa 670, San Lorenzo 111412, Paraguay",-25.3242578,-57.4949635,,,0.0,0,False,50,B,establishment|gym|health|point_of_interest
Mir Beauty Salón ️,Otros,General,Ayolas,,"Santa Rosa de Lima, Ayolas 080204, Paraguay",-27.3933532,-56.8678957,0984 792564,,0.0,0,False,50,B,establishment|point_of_interest|store
La Tiendita de Siara,Otros,General,Yegros,,"Gral. Díaz, entre, Heroínas de Piribebuy y, Yegros 0000, Paraguay",-25.4631258,-57.04368729999999,0971 854838,,0.0,0,False,50,B,establishment|point_of_interest|store
Lazzio Total,Otros,General,Luque,,"Rosario, Luque 1109, Paraguay",-25.2526307,-57.4888135,0984 678127,,0.0,0,False,50,B,establishment|point_of_interest
Raquel Silvero Nails,Uñas/Nails,Salon Uñas,Presidente Franco,,"Doctor T. Riveros, Presidente Franco 100217, Paraguay",-25.5605525,-54.5997035,0992 634590,,0.0,0,False,50,B,beauty_salon|establishment|point_of_interest
MASTER CAR ESTETICA AUTOMOTIVA SANTA RITA,Estetica/Facial,General,Santa Rita,,"Alexandrino 2, Santa Rita 101302, Paraguay",-25.7917136,-55.0879338,0993 210803,,0.0,0,False,50,B,establishment|point_of_interest|store
Estética Thamara Silveira,Otros,General,Santa Rita,,"6W24+MWC, Ytororõ, Santa Rita 101302, Paraguay",-25.7983013,-55.0927348,0983 160272,,0.0,0,False,50,B,establishment|point_of_interest
Centro Terapêutico,Spa/Wellness,General,Santa Rita,,"6W29+VVG, Santa Rita 101304, Paraguay",-25.7977838,-55.0803679,,,0.0,0,False,50,B,establishment|point_of_interest|spa
Universal Store,Otros,General,Asunción,,"Blas Garay 550, Asunción 001103, Paraguay",-25.2961139,-57.6376235,,https://www.facebook.com/unicosventas,4.8,6,True,50,B,electronics_store|establishment|point_of_interest|store
Emma Nails,Uñas/Nails,Salon Uñas,Paraguarí,,"Paraguarí 090102, Paraguay",-25.6335343,-57.1393938,0992 617921,,0.0,0,False,50,B,beauty_salon|establishment|point_of_interest
ARCADIA PIERCING,Tatuajes/Piercing,Piercing Studio,San Lorenzo,,"JF3J+MWX, San Lorenzo 111220, Paraguay",-25.3957542,-57.5176336,0986 690958,,0.0,0,False,50,B,establishment|point_of_interest|store
Alqvimia Spa,Spa/Wellness,Spa,Pilar,,"4PP5+J7C, Pilar 120103, Paraguay",-26.8634263,-58.2918546,,,0.0,0,False,50,B,establishment|point_of_interest|spa
Centro integral sol,Otros,General,Itauguá,,"2740, Itauguá 2740, Paraguay",-25.4016688,-57.3703173,0981 206819,,0.0,0,False,50,B,establishment|health|point_of_interest
Massage | Wellness | Swetlana Kögler,Spa/Wellness,General,Altos,,"10 de Agosto, Altos 3240, Paraguay",-25.2584331,-57.2472226,0981 178764,http://www.bienestar-swetlana.com/,5.0,9,True,50,B,beauty_salon|establishment|health|point_of_interest|spa
Inspia Nail Studio,Uñas/Nails,General,Presidente Franco,,"San Lorenzo, Pdte. Franco 100210, Paraguay",-25.5537101,-54.6289756,0983 410420,,0.0,0,False,50,B,beauty_salon|establishment|point_of_interest
Alba Nails Studios,Uñas/Nails,Salon Uñas,Presidente Franco,,"Sagrado Corazon de Jesus, Pdte. Franco 100202, Paraguay",-25.5551543,-54.659173,0994 995737,,0.0,0,False,50,B,beauty_salon|establishment|point_of_interest
Immoalex,Otros,General,Altos,,"San Blas, Altos 2932, Paraguay",-25.2680655,-57.2539858,0983 109652,,0.0,0,False,50,B,establishment|point_of_interest
Clínica de la Familia del CEPEP Luque,Otros,General,Luque,,"Av. Humaita 34, Luque 110930, Paraguay",-25.2696157,-57.486093,0985 600475,https://www.cepep.org.py/clinicas/luque/,4.7,43,True,50,B,establishment|health|point_of_interest
spa andrea,Spa/Wellness,Spa,Luque,,"Cap. Andres Insfran, Luque 2060, Paraguay",-25.2762877,-57.4967158,0971 755251,https://www.instagram.com/spaandrea_08,0.0,0,True,50,B,establishment|point_of_interest|spa
Leticia Hachmach - Spa de Uñas,Spa/Wellness,Spa,Altos,,"PQH3+JXH, Altos 030202, Paraguay",-25.2709307,-57.24500889999999,,,0.0,0,False,50,B,beauty_salon|establishment|point_of_interest
My Infinity Cosmeticos,Estetica/Facial,Perfumeria,Santa Rita,,"Santa Rita 101302, Paraguay",-25.8007101,-55.0910373,0983 977507,http://myinfinitycosmeticos.com.py/,4.7,41,True,50,B,establishment|point_of_interest|store
Vero Stetic,Spa/Wellness,General,Ñemby,,"Elizabeth casi, Ñemby 111217, Paraguay",-25.3992881,-57.5294429,,,0.0,0,False,50,B,establishment|point_of_interest|spa
FISIOESTETIC DNJ,Otros,General,Piribebuy,,"GXP4+69G, Mariscal Estigarribia, Piribebuy 031403, Paraguay",-25.4644259,-57.0440566,0971 651897,,0.0,0,False,50,B,establishment|point_of_interest
Aruni Tattoo,Tatuajes/Piercing,General,Itauguá,,"JJ3X+Q3V, P.º Jose Asunción Flores, Itauguá 110611, Paraguay",-25.3955222,-57.3523212,0971 306020,,0.0,0,False,50,B,establishment|point_of_interest|store
Rodrigo Tattoo,Tatuajes/Piercing,General,Itauguá,,"Mariscal José Félix Estigarribia, Itauguá 110604, Paraguay",-25.3888698,-57.3612773,0994 500204,,0.0,0,False,50,B,establishment|point_of_interest
Sport Gym,Gimnasio/Fitness,Gimnasio,Puerto Iguazú,,"Barrio Nuevo Iguazú, N3370 Puerto Iguazú, Misiones, Argentina",-25.6314717,-54.5790236,03757 61-5042,https://www.instagram.com/sport_gym80v/,0.0,0,True,50,B,establishment|gym|health|point_of_interest
Asociación Civil Iguazú Corre,Gimnasio/Fitness,General,Puerto Iguazú,,"Juan Bautista Alberdi 936, N3370 Puerto Iguazú, Misiones, Argentina",-25.6148896,-54.5800724,03757 50-9897,https://www.facebook.com/cataratasdelyguazu,0.0,0,True,50,B,establishment|gym|health|point_of_interest
Tatoo HR,Otros,General,Capiatá,,"Abelardo Rojas 1034, Capiatá 110232, Paraguay",-25.3871595,-57.43820379999999,0985 191885,,0.0,0,False,50,B,establishment|point_of_interest
Valentina Espinola Uñas Esculpidas,Uñas/Nails,Salon Uñas,Paraguarí,,"9RJW+66F, Paraguarí 090103, Paraguay",-25.6185388,-57.1517924,0986 255327,,0.0,0,False,50,B,beauty_salon|establishment|point_of_interest
Maricela Garay Nail,Uñas/Nails,General,Paraguarí,,"Paraguarí 090102, Paraguay",-25.619161,-57.1431306,0971 635033,,0.0,0,False,50,B,beauty_salon|establishment|point_of_interest
COSMETICOS CRISTO REY,Estetica/Facial,Perfumeria,Santa Rita,,"Centro, Santa Rita 7540, Paraguay",-25.7967751,-55.0969485,0975 324685,http://www.cristoreycosmeticos.com.py/,4.7,24,True,50,B,establishment|point_of_interest|store
Carlitos,Otros,General,Presidente Franco,,"Dr. Manuel Franco, Pdte. Franco 100214, Paraguay",-25.5497871,-54.62659679999999,0975 493183,,0.0,0,False,50,B,establishment|point_of_interest
Tattoo & piercing MUNDO ALTERNO,Tatuajes/Piercing,Tattoo Studio,San Antonio,,"Avda Juan R Medina Fulgencio R. Moreno San Antonio, San Antonio 2650, Paraguay",-25.4127503,-57.571408,0986 866526,,0.0,0,False,50,B,establishment|point_of_interest
The Secret Pilates Club,Gimnasio/Fitness,Yoga/Pilates,San Bernardino,,"PM2W+GV9, San Bernardino 031601, Paraguay",-25.2987059,-57.3027668,,,0.0,0,False,50,B,establishment|gym|health|point_of_interest
Beauty Spa Siempre Bella,Spa/Wellness,Spa,San Bernardino,,"MPR2+87M, Av. Luis F. Vache, San Bernardino 031602, Paraguay",-25.309184,-57.29931240000001,,,0.0,0,False,50,B,establishment|hair_care|point_of_interest
Sparta GYM,Spa/Wellness,Spa,Coronel Bogado,,"RQH9+3WM, Iturbe, Cnel. Bogado 070803, Paraguay",-27.1717675,-56.23056500000001,,,0.0,0,False,50,B,establishment|point_of_interest
Essence Pilates Studio,Gimnasio/Fitness,Yoga/Pilates,Fernando de la Mora,Fernando Zona Sur,"JCWJ+C26, Fernando de la Mora 110333, Paraguay",-25.3539564,-57.5699798,,,0.0,0,False,50,B,establishment|gym|health|point_of_interest
JT ink Tatto estudió,Otros,General,Coronel Oviedo,Barrio General Caballero,"Tacuary 888, Cnel. Oviedo 050117, Paraguay",-25.449086,-56.4484048,0971 436684,,0.0,0,False,50,B,establishment|point_of_interest
Mell Glam Studio,Otros,General,Ñemby,,"&, 3 De Febrero, Ñemby 111208, Paraguay",-25.3734877,-57.55260759999999,0992 313919,,0.0,0,False,50,B,establishment|point_of_interest|store
Gym,Gimnasio/Fitness,Gimnasio,Luque,,"QG25+4MH, Luque 110919, Paraguay",-25.2496955,-57.49077579999999,,,0.0,0,False,50,B,establishment|gym|health|point_of_interest
Luly nails Ita,Uñas/Nails,Salon Uñas,Itá,,"Manuel Gamarra, Itá 110502, Paraguay",-25.5061049,-57.3607072,0972 800079,,0.0,0,False,50,B,beauty_salon|establishment|point_of_interest
Cosméticos Elvira Sosa,Otros,General,Yaguarón,,"FM5P+VXC Clementesantacruz93@gmail.com, Ramal Zayas, Yaguarón 2324, Paraguay",-25.5403022,-57.3126248,0971 284641,,0.0,0,False,50,B,establishment|point_of_interest
ListraAbreuNails,Uñas/Nails,Salon Uñas,Limpio,,"RGRG+F2F, Limpio 110813, Paraguay",-25.1588175,-57.4749546,0991 866181,,0.0,0,False,50,B,beauty_salon|establishment|point_of_interest
Pau Nails,Uñas/Nails,Salon Uñas,Areguá,,"MJF6+2M5, Calle Bicentenario, Areguá 110121, Paraguay",-25.3274998,-57.38826709999999,0981 216986,,0.0,0,False,50,B,establishment|point_of_interest
Gloria Colman Estetica Integral,Estetica/Facial,Centro Estetica,Areguá,,"MJR8+H37, Gabriel Casaccia, Areguá 110101, Paraguay",-25.3085919,-57.38482779999999,0992 443068,,0.0,0,False,50,B,establishment|point_of_interest
Zona Fit Py,Gimnasio/Fitness,General,Mariano Roque Alonso,,"QFRM+GPM, Mariano Roque Alonso 111008, Paraguay",-25.2086961,-57.51574539999999,,,0.0,0,False,50,B,establishment|gym|health|point_of_interest
AB estética,Otros,General,Hernandarias,,"H9WF+C3M, Honduras, Hernandarias 100510, Paraguay",-25.4039169,-54.6273403,0981 702791,,0.0,0,False,50,B,establishment|health|point_of_interest
Pigmento Cosméticos,Otros,General,Coronel Bogado,,"entre Ruiz Díaz De Melgarejo y, Cnel. Bogado 070802, Paraguay",-27.1579681,-56.2391831,0992 581275,,0.0,0,False,50,B,establishment|point_of_interest|store
Alves Pilates Hernandarias,Gimnasio/Fitness,Yoga/Pilates,Hernandarias,,"0973548091, Hernandarias 100511, Paraguay",-25.414075,-54.6283198,0973 548091,http://www.alvespilates.com/,5.0,6,True,50,B,establishment|gym|health|point_of_interest
Kung - Yoga Escuela Oriental,Gimnasio/Fitness,Yoga/Pilates,Ciudad del Este,,"G9G2+PQP, Av. República del Perú, Cd. del Este 100116, Paraguay",-25.473129,-54.64826249999999,,,0.0,0,False,50,B,establishment|gym|health|point_of_interest
Despensa y Makeup Giselle Zaracho,Maquillaje,General,Coronel Bogado,,"Aguarare9056, Cnel. Bogado 6920, Paraguay",-27.1806718,-56.23733009999999,0971 781298,,0.0,0,False,50,B,beauty_salon|establishment|food|point_of_interest|store
Teniendo Quintana,Gimnasio/Fitness,General,San Estanislao,,"8HQ4+H4H, Cristobal Colón, San Estanislao 020803, Paraguay",-24.6609161,-56.44475449999999,,,0.0,0,False,50,B,establishment|gym|health|point_of_interest
Raquel Serna Make Up Artist,Maquillaje,General,San Estanislao,,"Teniente Quintana, San Estanislao 8210, Paraguay",-24.6616956,-56.4430762,0971 696875,,0.0,0,False,50,B,establishment|point_of_interest
Equilibrar - Rehabilitación,Gimnasio/Fitness,General,Ciudad del Este,,"General Juan B. Ayala, Ciudad del Este 100129, Paraguay",-25.5073023,-54.6333066,0973 754951,https://beacons.ai/equilibrarpilatespy,4.8,9,True,50,B,establishment|gym|health|point_of_interest
Wellnes Group San Lorenzo,Spa/Wellness,General,San Lorenzo,,"Santo Tomás 314, San Lorenzo 111433, Paraguay",-25.3486767,-57.5221138,0985 302440,https://blackspa.com.py/,5.0,6,True,50,B,establishment|point_of_interest|spa
Adalia Nails Art,Uñas/Nails,Salon Uñas,San Lorenzo,,"Coronel Bogado, San Lorenzo 111424, Paraguay",-25.3377231,-57.50151089999999,0973 493806,,0.0,0,False,50,B,beauty_salon|establishment|point_of_interest
David Almada Barbershop,Barberia,General,Caaguazú,,"Av. Silvio Pettirossi y, Caaguazú 3400, Paraguay",-25.4766259,-56.021468,0971 518800,http://linktr.ee/david.almada.barbershop,5.0,18,True,50,B,establishment|hair_care|health|point_of_interest
Florencia Kinestética,Otros,General,Caaguazú,,"Nanawa entre, 15 De Agosto y, Caaguazú 050207, Paraguay",-25.467825,-56.01472889999999,0992 702773,,0.0,0,False,50,B,establishment|point_of_interest
Ivanna Cardozo MakeUp,Maquillaje,General,San Estanislao,,"SAN Estanislao, San Estanislao 8210, Paraguay",-24.6581951,-56.4415286,0973 434367,,0.0,0,False,50,B,establishment|point_of_interest
The Wellnest Studio,Gimnasio/Fitness,General,Luque,,"PFJR+XXJ, Santander, Luque 110934, Paraguay",-25.2675421,-57.5076023,,,0.0,0,False,50,B,establishment|gym|health|point_of_interest
StudioM Pilates,Gimnasio/Fitness,Yoga/Pilates,Lúke,,"QG77+HG4, Sub Oficial Mayor Ignacio R Vera, Lúke 2060, Paraguay",-25.2361239,-57.48618129999999,0991 379684,https://www.instagram.com/estudiom.pilates?igsh=bXcyamNndnltenZk,0.0,0,True,50,B,establishment|gym|health|point_of_interest
Atrévete Jumping,Gimnasio/Fitness,General,Concepción,,"Ytororó 555, Concepción 010109, Paraguay",-23.4055135,-57.4357218,,,0.0,0,False,50,B,establishment|gym|health|point_of_interest
Gricel Nails,Uñas/Nails,Salon Uñas,Paraguarí,,"General Higinio Morinigo esq. Lomas Valentina, Paraguarí 4000, Paraguay",-25.6188028,-57.1502181,0984 270052,,0.0,0,False,50,B,beauty_salon|establishment|point_of_interest
Lu Nails,Uñas/Nails,Salon Uñas,Itauguá,,"Ruta 2, Mariscal José Félix Estigarribia, Itauguá 110611, Paraguay",-25.3885609,-57.36242659999999,0984 786716,,0.0,0,False,50,B,beauty_salon|establishment|point_of_interest
Alicen Brambilla Nails Art,Uñas/Nails,Salon Uñas,Puerto Iguazú,,"N3370 Puerto Iguazú, Misiones Province, Argentina",-25.6083481,-54.5817153,03757 61-5973,,0.0,0,False,50,B,beauty_salon|establishment|point_of_interest
Desing de uñas y belleza de pies,Uñas/Nails,Salon Uñas,Puerto Iguazú,,"Julio Silveira, N3378 Puerto Iguazú, Misiones, Argentina",-25.6113973,-54.5731126,03757 44-6713,,0.0,0,False,50,B,beauty_salon|establishment|point_of_interest
María Rodriguez Nails,Uñas/Nails,Salon Uñas,Bella Vista,,"Bella Vista 070205, Paraguay",-27.05,-55.55,0985 342611,,0.0,0,False,50,B,establishment|hair_care|point_of_interest
Nail,Uñas/Nails,General,Coronel Oviedo,Barrio San Isidro,"GGWR+2QG, Cnel. Oviedo 3300, Paraguay",-25.4549303,-56.45806109999999,,,2.3,15,False,50,B,beauty_salon|establishment|point_of_interest
Cool Siluet Universe (Carmelitas),Otros,General,Asunción,,"Senador Long 508 esquina Moisés Bertoni, Paseo Esperanza - Local 4., Senador Huey Pierce Long 508, Asunción 001411, Paraguay",-25.2908763,-57.57751349999999,0984 396990,,0.0,0,False,50,B,establishment|health|point_of_interest
ESTHETIC LIFE,Otros,General,Ciudad del Este,,"Av. San Blás 252, Cd. del Este 100134, Paraguay",-25.5088057,-54.6171845,0993 276667,,0.0,0,False,50,B,establishment|point_of_interest|store
Gym Gavioes,Gimnasio/Fitness,Gimnasio,Ciudad del Este,,"Av. Pioneros del Este, Ciudad del Este 100151, Paraguay",-25.5106165,-54.61548999999999,0994 369170,https://www.academiagavioes.com.br/,3.1,41,True,50,B,establishment|gym|health|point_of_interest
Massage House,Spa/Wellness,General,Pedro Juan Caballero,Vila Militar II,"Elisa Alicia Lynch, Pedro Juan Caballero 130123, Paraguay",-22.554429,-55.723755,0975 987086,https://www.instagram.com/massage_housee/,1.0,1,True,50,B,establishment|point_of_interest|spa
LA SAGRADA BODY PIERCINGS,Tatuajes/Piercing,Piercing Studio,San Lorenzo,,"MF44+XMW, Marcelina E. Centurion, San Lorenzo 111439, Paraguay",-25.3425298,-57.54332829999999,0961 895098,,0.0,0,False,50,B,establishment|point_of_interest
Shanti Yoga Center,Gimnasio/Fitness,Yoga/Pilates,San Lorenzo,Centro de San Lorenzo,"MF4M+6GW, Coronel Bogado, San Lorenzo 111422, Paraguay",-25.3443878,-57.51617759999999,,,0.0,0,False,50,B,establishment|gym|health|point_of_interest
Medicina Natural,Otros,General,Ciudad del Este,,"Regimiento Piribebuy 260, Cd. del Este 100136, Paraguay",-25.512168,-54.609603,0992 645699,http://www.amandamassagem.blogspot.com/,5.0,20,True,50,B,establishment|health|point_of_interest
Delia Rolón Beauty y Evani Medina Nail,Uñas/Nails,General,Pilar,,"00, Pilar 120103, Paraguay",-26.8634263,-58.2918546,0975 181442,,0.0,0,False,50,B,establishment|hair_care|point_of_interest
Spa Ramona,Spa/Wellness,Spa,San Ignacio Guazú,,"4X64+8HM, Padre Antonio Box, San Ignacio Guazú 080305, Paraguay",-26.8877701,-57.042924,,,0.0,0,False,50,B,establishment|point_of_interest|spa
Di Nails Stetic,Uñas/Nails,Salon Uñas,San Ignacio Guazú,,"Xxx, San Ignacio Guazú 080306, Paraguay",-26.9024299,-57.039054,0986 254306,,0.0,0,False,50,B,establishment|hair_care|point_of_interest
Spa de Manos,Spa/Wellness,Spa,Ayolas,,"Av. Dorado 4830, Ayolas 080202, Paraguay",-27.3825123,-56.83878319999999,,,0.0,0,False,50,B,beauty_salon|establishment|point_of_interest
AS Estética de Resultados,Otros,General,Asunción,,"Gral. José María Bruguéz 353, Asunción 001225, Paraguay",-25.2935498,-57.6159308,0972 122099,https://asclinicaestetica.com/,4.6,32,True,50,B,establishment|health|point_of_interest
Dra Elisa medicina estetica,Estetica/Facial,General,San Ignacio Guazú,,"Av. Félix Bogado 661, San Ignacio Guazú 4750, Paraguay",-26.8859959,-57.0233865,0971 933343,,0.0,0,False,50,B,establishment|point_of_interest
Taekwondo Evolution - Seguridad Total,Otros,General,Ñemby,,"Ñemby 111811, Paraguay",-25.4400032,-57.52453190000001,0984 254530,https://taekwondo-evolution.webnode.com/,4.9,27,True,50,B,establishment|health|point_of_interest
Academia de uñas Liz Roa,Uñas/Nails,Salon Uñas,Coronel Oviedo,12 de Junio,"Teniente Farina y, Cnel. Oviedo 050106, Paraguay",-25.449946,-56.4381898,0971 496861,,0.0,0,False,50,B,beauty_salon|establishment|point_of_interest
Yūgen Maquillajes y Accesorios,Maquillaje,General,Mariano Roque Alonso,Caacupe Mi,"Toledo casi, Mariano Roque Alonso 111010, Paraguay",-25.2112542,-57.535175,0976 342340,https://www.yugenpy.com/,4.7,36,True,50,B,establishment|point_of_interest|store
Moza makeup,Maquillaje,General,Asunción,,"Facundo Machain, Asunción 001415, Paraguay",-25.3060966,-57.5815189,0986 750019,http://www.moza.com.py/,4.9,23,True,50,B,establishment|point_of_interest|store
Plaza Maria Auxiliadora,Gimnasio/Fitness,General,Ayolas,,"J425+G46, Unnamed Road, Ayolas 080206, Paraguay",-27.3987225,-56.892228,,,0.0,0,False,50,B,establishment|gym|health|point_of_interest
Andrea Ivasiuten Pilates Studio,Gimnasio/Fitness,Yoga/Pilates,Ayolas,,"080203 Ayolas, Paraguay",-27.3908631,-56.84275650000001,,,0.0,0,False,50,B,establishment|point_of_interest
María Solís nails - San Cosme,Uñas/Nails,Salon Uñas,San Cosme y Damián,,"MMM5+XQC, San Cosme y Damián 071901, Paraguay",-27.3150522,-56.3406154,0983 110000,,0.0,0,False,50,B,beauty_salon|establishment|point_of_interest
Nails Maru Gómez,Uñas/Nails,Salon Uñas,Itá,,"km 35, 5, Itá 1234, Paraguay",-25.5059306,-57.3742489,0994 989239,,0.0,0,False,50,B,beauty_salon|establishment|point_of_interest
La casa de Juan tatuador,Tatuajes/Piercing,General,Ita Yvu,,"HV5F+8H, Ita Yvu 030118, Paraguay",-25.4416279,-57.1260681,0982 082167,,0.0,0,False,50,B,establishment|point_of_interest
Mundo heladopy,Gimnasio/Fitness,General,San Antonio,,"HCQG+J85, Rio Ypane, San Antonio 111303, Paraguay",-25.4109751,-57.57415280000001,0994 493882,https://www.instagram.com/mundo_heladopy?igsh=MWY4ZzByeGExZjA2eQ==,1.0,1,True,50,B,establishment|gym|health|point_of_interest
Nails,Uñas/Nails,Salon Uñas,Luque,,"Boquerón esq, Luque 110933, Paraguay",-25.2721917,-57.50106539999999,0962 311976,,0.0,0,False,50,B,beauty_salon|establishment|point_of_interest
Spa & Sauna NG,Spa/Wellness,Spa,Coronel Oviedo,Barrio San Isidro,"GHW3+H7X, Coronel Oviedo 050117, Paraguay",-25.4533404,-56.44731460000001,,,0.0,0,False,50,B,establishment|point_of_interest|spa
H'ESSDRA MASSAJE,Spa/Wellness,General,Coronel Oviedo,Barrio Azucena,"GHV9+2JJ, Coronel Oviedo 050105, Paraguay",-25.4573699,-56.43098879999999,,,0.0,0,False,50,B,establishment|point_of_interest|spa
Erika Ramirez Nails Designer,Uñas/Nails,Salon Uñas,Coronel Oviedo,Barrio General Caballero,"HH54+Q4X, Carlos Antonio López, Cnel. Oviedo 050108, Paraguay",-25.4405028,-56.44465959999999,0982 387426,,0.0,0,False,50,B,beauty_salon|establishment|point_of_interest
Punto Esthetic,Otros,General,Encarnación,,"M49M+G95, Mcal. Estigarribia, Encarnación 070110, Paraguay",-27.3312263,-55.86651639999999,0985 744867,,0.0,0,False,50,B,establishment|point_of_interest|store
Dra Carina Depasquale,Otros,General,Posadas,,"Moritán 1662, N3300IIF Posadas, Misiones, Argentina",-27.3591873,-55.8911563,0376 429-2018,https://carinadepasquale.com/,5.0,29,True,50,B,doctor|establishment|health|point_of_interest
Dra. Rocío Squef,Otros,General,Encarnación,,"C. A. Lopez entre, 25 de Mayo y, Encarnación 6000, Paraguay",-27.3297922,-55.8648487,0985 143838,,0.0,0,False,50,B,establishment|health|point_of_interest
Gym,Gimnasio/Fitness,Gimnasio,Ypané,,"GFWV+FC8, Ypané 111801, Paraguay",-25.4538443,-57.5064161,,,0.0,0,False,50,B,establishment|gym|health|point_of_interest
FisioMinga,Otros,General,Minga Guazú,,"Km 16, Minga Guazú 101102, Paraguay",-25.4834754,-54.7669101,0993 505064,,0.0,0,False,50,B,establishment|health|point_of_interest
Ateliê Da Beleza,Otros,General,Santa Rita,,"6W24+PC7, Santa Rita 101301, Paraguay",-25.7982036,-55.093968,0986 947783,,0.0,0,False,50,B,establishment|point_of_interest
Clínica Finamore,Otros,General,Santa Rita,,"Fracción Schulz, Rua, Santa Rita 101301, Paraguay",-25.8023285,-55.09332389999999,0983 607181,,0.0,0,False,50,B,dentist|doctor|establishment|health|point_of_interest
El barrio,Otros,General,Santa Rita,,"6W44+GG6, Santa Rita 101302, Paraguay",-25.7937244,-55.0937371,0982 783977,,0.0,0,False,50,B,establishment|point_of_interest
Teresa Ayala Nails Makeup y Beauty ️,Uñas/Nails,Salon Uñas,Tobati,,"Tobati 031802, Paraguay",-25.2601383,-57.0858414,0983 660559,,0.0,0,False,50,B,beauty_salon|establishment|point_of_interest
Clínica Estética RV,Otros,General,Concepción,,"Libertador Gral. Bernardo O'Higgins 330, Ofi. 35, 4070216 Concepción, Bío Bío, Chile",-36.8295038,-73.0538764,9 7707 5294,https://www.clinicaesteticarv.cl/,5.0,46,True,50,B,establishment|health|point_of_interest
The Rock Gym,Gimnasio/Fitness,Gimnasio,Concepción,,"Cap. Lombardo, HHX8+85V, &, Concepción 010105, Paraguay",-23.4016485,-57.4345667,,,0.0,0,False,50,B,establishment|gym|health|point_of_interest
Legends Tattoo Studio,Tatuajes/Piercing,Tattoo Studio,Ciudad del Este,,"Ac. San Blas km 1 1/2 - Shopping Zuni - 2do Piso Ciudad del Este, Av. San Blás, Cd. del Este 7000, Paraguay",-25.509906,-54.6218584,0973 857104,,1.0,1,False,50,B,establishment|point_of_interest|store
Cuero Porã Atyra,Otros,General,Atyrá,,"PRFH+C4J 030401, Mcal. Francisco San López, Atyrá 3280, Paraguay",-25.2852527,-57.1711505,0975 605476,https://cueroporaatyra.com.py/,4.8,28,True,50,B,establishment|point_of_interest|store
Estética corporal Noe Miranda,Otros,General,Doctor Juan Eulogio Estigarribia,,"Calle 3, Dr Juan Eulogio Estigarribia 051201, Paraguay",-25.348132,-55.73015669999999,0992 500857,,0.0,0,False,50,B,establishment|point_of_interest
Fede Tatuajes Py,Tatuajes/Piercing,General,Ñemby,,"Independencia Nacional 2150, Ñemby 111214, Paraguay",-25.3920216,-57.5465661,0982 738885,,0.0,0,False,50,B,establishment|point_of_interest|store
Vitta Corpus Estética y Fisioterapia,Otros,General,Santa Rita,,"25°48'05.5""S 55°05'57.9""W, Santa Rita 7540, Paraguay",-25.8016532,-55.0996271,0994 369706,,0.0,0,False,50,B,establishment|point_of_interest|store
CS Makeup Studio,Maquillaje,General,Mariano Roque Alonso,Caacupe Mi,"Coronel Núñez N° 24 casi, Mariano Roque Alonso 111018, Paraguay",-25.2258419,-57.538781,0985 765607,,0.0,0,False,50,B,establishment|point_of_interest
Fari Tattoos,Tatuajes/Piercing,General,Atyrá,,"PR9F+MXF, Ruta Tobati - Atyra, Atyrá 030401, Paraguay",-25.2808121,-57.1750669,0982 433192,,0.0,0,False,50,B,establishment|point_of_interest|store
Masajes Emi,Spa/Wellness,General,Atyrá,,"MRQ6+VGQ, Atyrá 030406, Paraguay",-25.310282,-57.1886467,,,0.0,0,False,50,B,beauty_salon|establishment|point_of_interest
MV Studio de Cejas,Pestañas/Cejas,General,Ciudad del Este,,"Km11 monday, Cd. del Este 100182, Paraguay",-25.50067,-54.7039532,0971 785818,,0.0,0,False,50,B,beauty_salon|establishment|point_of_interest
Leila Centurion Art.Nails,Uñas/Nails,Salon Uñas,Presidente Franco,,"Av Monday, Pdte. Franco 100217, Paraguay",-25.5571067,-54.6005714,0993 328006,,0.0,0,False,50,B,beauty_salon|establishment|point_of_interest
SusanSalónMakeupNails,Uñas/Nails,Salon Uñas,Ñemby,,"José de Antequera y Castro, Ñemby 001550, Paraguay",-25.3875267,-57.53417909999999,0992 539428,,0.0,0,False,50,B,establishment|hair_care|point_of_interest
Studio Eneida Ovando- Nails & Lash,Uñas/Nails,Salon Uñas,Pedro Juan Caballero,,"C7R9+PM9, Elisa Alicia Lynch, Pedro Juan Caballero 130120, Paraguay",-22.5582091,-55.7307631,0975 384329,,0.0,0,False,50,B,beauty_salon|establishment|point_of_interest
Mirna Torres Podología y Dahianne González Nails,Uñas/Nails,Salon Uñas,Pedro Juan Caballero,Vila Militar II,"Blas Garay, F72C+J9P, &, Pedro Juan Caballero 130113, Paraguay",-22.5484081,-55.7290457,0994 411911,,0.0,0,False,50,B,beauty_salon|establishment|point_of_interest
Spacio de belleza lilian,Spa/Wellness,Spa,Pedro Juan Caballero,,"F726+8GC, Pedro Juan Caballero 130111, Paraguay",-22.5491958,-55.7387194,,,0.0,0,False,50,B,beauty_salon|establishment|point_of_interest
Rose Ferreira Nails,Uñas/Nails,Salon Uñas,Pedro Juan Caballero,,"Calle campeones del 65, entre, Pedro Juan Caballero 130122, Paraguay",-22.566298,-55.7247178,0976 811581,,0.0,0,False,50,B,beauty_salon|establishment|point_of_interest
Cantinho da Beleza,Spa/Wellness,General,Santa Rita,,"Av. España, Santa Rita 101302, Paraguay",-25.7996519,-55.0936777,0985 169621,https://instagram.com/cantinho6282?igshid=1ecwu7bfjch3g,0.0,0,True,50,B,establishment|point_of_interest
Bellisima Cosmeticos,Estetica/Facial,Perfumeria,Santa Rita,,"6W24+MF5, 101301, Santa Rita 101301, Paraguay",-25.7983735,-55.09375850000001,0983 740046,,0.0,0,False,50,B,establishment|point_of_interest|store
Lucena Nails,Uñas/Nails,Salon Uñas,Itauguá,,"Km 28, Conavi km 28 mboi'y, Itauguá 110616, Paraguay",-25.4016688,-57.3703172,0981 326078,,0.0,0,False,50,B,bar|establishment|night_club|point_of_interest
Ami nails,Uñas/Nails,Salon Uñas,Itaugua,,"JJ5V+C78, Itaugua 110611, Paraguay",-25.3914917,-57.35674999999999,0981 079036,,0.0,0,False,50,B,beauty_salon|establishment|point_of_interest
Petalos multiambientes y cosmeticos,Estetica/Facial,Perfumeria,Santa Rita,,"Santa Rita 101302, Paraguay",-25.7987178,-55.0907327,0986 867423,,0.0,0,False,50,B,establishment|point_of_interest|store
A.V Nails,Uñas/Nails,Salon Uñas,Pedro Juan Caballero,,"8500, Pedro Juan Caballero 130111, Paraguay",-22.5491958,-55.7387194,0973 339635,,0.0,0,False,50,B,beauty_salon|establishment|point_of_interest
Jasy Deva,Gimnasio/Fitness,General,San Lorenzo,,"MFFF+F7P, San Lorenzo 111421, Paraguay",-25.3261176,-57.52679319999999,,,0.0,0,False,50,B,establishment|gym|health|point_of_interest
La Paz Cerro Ari,Gimnasio/Fitness,General,San Lorenzo,Centro de San Lorenzo,"MF4V+8QX, San Lorenzo 111423, Paraguay",-25.3441275,-57.50550939999999,,,0.0,0,False,50,B,establishment|gym|health|point_of_interest
Leticia Amarilla Makeup,Maquillaje,General,Mariano Roque Alonso,Caacupe Mi,"RF26+PV6 111013, Mariano Roque Alonso 111013, Paraguay",-25.1982938,-57.53793409999999,0983 006755,,0.0,0,False,50,B,beauty_salon|establishment|point_of_interest
VELURE Cosmetología Estética,Estetica/Facial,General,Mariano Roque Alonso,,"Mcal López, &, Mariano Roque Alonso 111009, Paraguay",-25.2167909,-57.5233307,0983 589398,,0.0,0,False,50,B,beauty_salon|establishment|point_of_interest|spa
MINDSTRONG Gym,Gimnasio/Fitness,Gimnasio,Fernando de la Mora,Fernando Zona Norte,"S N c, Fernando de la Mora 110312, Paraguay",-25.3249554,-57.5345003,,,0.0,0,False,50,B,establishment|gym|health|point_of_interest
Estetica D' Paoli,Estetica/Facial,General,Coronel Bogado,,"Mcal. Estigarribia, Cnel. Bogado 070802, Paraguay",-27.1597956,-56.2389643,0985 728164,,0.0,0,False,50,B,establishment|point_of_interest
Juan C Tattoos,Tatuajes/Piercing,General,Coronel Bogado,,"ITAPUA 4, Cnel. Bogado 9006, Paraguay",-27.1802091,-56.2362896,0991 896944,,0.0,0,False,50,B,establishment|point_of_interest
VICTTORIA_ANAILS,Uñas/Nails,Salon Uñas,San Lorenzo,,"MFVQ+98V, San Lorenzo 111405, Paraguay",-25.3067589,-57.5112166,,https://instagram.com/victtoria_anails?igshid=MzMyNGUyNmU2YQ==,5.0,5,True,50,B,establishment|hair_care|point_of_interest
Dra Fabiele Lolli / Medicina Capilar em Pedro Juan Caballero PY,Otros,General,Pedro Juan Caballero,Vila Militar II,"14 de Mayo 153, Pedro Juan Caballero 130112, Paraguay",-22.5419962,-55.7310504,0973 483058,https://drafabiellelolli.com.br/,5.0,36,True,50,B,doctor|establishment|health|point_of_interest
Studio SBM,Gimnasio/Fitness,General,,Centro,"R. Baltazar Saldanha, 34 - 1 andar - sala 2 - Centro, Ponta Porã - MS, 79904-602, Brazil",-22.5319775,-55.7341108,(67) 99952-1668,http://www.instagram.com/suesly_studiosbm,0.0,0,True,50,B,establishment|gym|health|point_of_interest
Positiva-Mente Cursos,Otros,General,Pedro Juan Caballero,,"Barrio General Genes, Pedro Juan Caballero 130108, Paraguay",-22.5496895,-55.75489839999999,0991 498438,,0.0,0,False,50,B,establishment|point_of_interest
Cuerpo Sano - Academia,Gimnasio/Fitness,General,Pedro Juan Caballero,,"General Bruguez 2793, Pedro Juan Caballero 130113, Paraguay",-22.548578,-55.7333417,,,0.0,0,False,50,B,establishment|gym|health|point_of_interest
RG nails,Uñas/Nails,Salon Uñas,Doctor Juan Eulogio Estigarribia,,"Calle Martín Moreno, Dr Juan Eulogio Estigarribia 3660, Paraguay",-25.3711717,-55.7061416,0973 809605,,0.0,0,False,50,B,beauty_salon|establishment|point_of_interest
ZOE CLINICA,Spa/Wellness,General,Asunción,,"4 de Julio 2729, Asunción 001407, Paraguay",-25.2967868,-57.56211589999999,0974 271270,https://zoe.com.py/,5.0,8,True,50,B,doctor|establishment|health|point_of_interest|spa
Sequeira Barbershop,Barberia,General,Itaugua,,"Itaugua 2060, Paraguay",-25.3942307,-57.35265689999999,,https://www.instagram.com/invites/contact/?i=1cspwgsr8w0c&utm_content=qbnqr48,5.0,1,True,50,B,establishment|hair_care|health|point_of_interest
Sonia Nails Art.,Uñas/Nails,Salon Uñas,Lúke,,"110950, Cruz del Chaco, Lúke 110950, Paraguay",-25.3099334,-57.4872323,0994 536641,,0.0,0,False,50,B,establishment|point_of_interest|spa
Kinēsis Rehabilitación FisioKinésica,Otros,General,Villarrica,,"Villarrica 0401, Paraguay",-25.7679118,-56.4501547,0992 707051,,0.0,0,False,50,B,establishment|health|point_of_interest
Masajista La Esperanza,Otros,General,Villarrica,,"6G3P+357, Villarrica 040112, Paraguay",-25.7973384,-56.4645709,0972 411566,,0.0,0,False,50,B,establishment|health|physiotherapist|point_of_interest
Equipo Vive,Gimnasio/Fitness,General,Villarrica,,"Cnel. Gimenez, Villarrica 040102, Paraguay",-25.7690125,-56.44834059999999,0971 601557,https://instagram.com/equipo_vive?igshid=OGQ5ZDc2ODk2ZA==,0.0,0,True,50,B,establishment|gym|health|point_of_interest
VFC-villarrica-fight-club,Otros,General,Villarrica,,"Cnel. Montiel y, Villarrica 040109, Paraguay",-25.7799424,-56.4414312,0994 218944,,0.0,0,False,50,B,establishment|health|point_of_interest
ALPHA Barbería,Barberia,General,Itauguá,,"JJ4X+XPG, Virgen del Rosario, Itauguá 110605, Paraguay",-25.3925647,-57.3506706,,https://www.instagram.com/alphabarberiapy,5.0,4,True,50,B,establishment|hair_care|health|point_of_interest
Osmar Tattoo,Tatuajes/Piercing,General,San Lorenzo,Posta Ybycua,"JG89+F2V, Av. San Pedro, San Lorenzo 110244, Paraguay",-25.3827197,-57.4819464,0991 797669,,0.0,0,False,50,B,establishment|point_of_interest
Freakinks And Fashion,Otros,General,Carapeguá,,"Carapeguá 090502, Paraguay",-25.767295,-57.2476204,0975 674748,,0.0,0,False,50,B,establishment|point_of_interest
Mario tattoo,Tatuajes/Piercing,General,Piribebuy,,"GXP5+349, Piribebuy 031403, Paraguay",-25.4648258,-57.0421483,0986 498043,,0.0,0,False,50,B,establishment|point_of_interest
La Roca Gym,Gimnasio/Fitness,Gimnasio,Paraguarí,,"9RGP+3HR, Paraguarí 090103, Paraguay",-25.6247559,-57.1636244,,,0.0,0,False,50,B,establishment|gym|health|point_of_interest
Centro y Escuela Misionera de Yoga,Gimnasio/Fitness,Yoga/Pilates,Wanda,,"Juan Manuel de Rosas, Av. Los inmigrantes, N3376 Wanda, Misiones, Argentina",-25.9777623,-54.5732909,,,0.0,0,False,50,B,establishment|point_of_interest
"Walquiria PMU cejas, labios, ojos",Pestañas/Cejas,General,Puerto Iguazú,,"Correa Luna N° 285 Esq, Balbino Brañas, N3370 Puerto Iguazú, Misiones, Argentina",-25.5992991,-54.5765361,0343 465-0532,https://milito83-jpg.github.io/Walqui/,4.9,33,True,50,B,beauty_salon|establishment|hair_care|health|point_of_interest
Estética_spa_Jenicia,Spa/Wellness,Spa,Doctor Juan Eulogio Estigarribia,,"Primera Linea, Dr Juan Eulogio Estigarribia 051206, Paraguay",-25.3473051,-55.6841016,,,0.0,0,False,50,B,establishment|point_of_interest
Espaço Alquimia,Spa/Wellness,Spa,Naranjal,,"2RG5+PVH, Av. Naranjal, Naranjal 101401, Paraguay",-25.9731842,-55.1902631,,,0.0,0,False,50,B,establishment|health|point_of_interest
MP massoterapia e pilates,Gimnasio/Fitness,Yoga/Pilates,Naranjal,,"2RH5+7XH, Naranjal 101401, Paraguay",-25.9734017,-55.1892665,,,0.0,0,False,50,B,establishment|point_of_interest
Rudem Store Paraguay,Otros,General,Asunción,,"Prof. Miguel Torres 5313, Asunción 001414, Paraguay",-25.3058823,-57.5842062,0986 333394,https://www.rudemstore.com.py/,4.9,32,True,50,B,establishment|point_of_interest|store
Pureza Beauty,Spa/Wellness,General,Villa Elisa,,"Av. Enrique Von Poleski, Villa Elisa 111510, Paraguay",-25.3593221,-57.59456079999999,,,0.0,0,False,50,B,establishment|point_of_interest|spa
GvS training y perfomance,Gimnasio/Fitness,General,Ñemby,,"JCGP+HJG, Ñemby 111201, Paraguay",-25.3735451,-57.5633736,,,0.0,0,False,50,B,establishment|gym|health|point_of_interest
Joseph Coiffure Itauguá,Salon de Belleza,General,Itaugua,,"JM33+CJF, Itaugua 110607, Paraguay",-25.3964405,-57.3459594,0994 381026,http://www.joseph.com.py/,3.9,30,True,50,B,beauty_salon|establishment|point_of_interest
Gimnasio Smart Fit - 3 de Febrero,Gimnasio/Fitness,Gimnasio,Ciudad del Este,,"Eugenio A. Garay esquina, Cd. del Este 100151, Paraguay",-25.5257815,-54.6119461,,https://www.smartfit.com.py/gimnasios/3-de-febrero-cde-02,4.6,24,True,50,B,establishment|gym|health|point_of_interest
DyD Cosmeticos,Estetica/Facial,Perfumeria,Concepción,,"Unnamed Road, Concepción 010110, Paraguay",-23.4085552,-57.4388102,0971 830518,,0.0,0,False,50,B,establishment|point_of_interest|store
FatimaNails,Uñas/Nails,Salon Uñas,Concepción,,"0011, Concepción 0011, Paraguay",-23.4021555,-57.4404678,0991 617131,,0.0,0,False,50,B,beauty_salon|establishment|point_of_interest
Energía Positiva Gym,Gimnasio/Fitness,Gimnasio,Itá,,"FJQQ+885, Manuel Gamarra, Itá 110506, Paraguay",-25.5117425,-57.3616543,,,0.0,0,False,50,B,establishment|gym|health|point_of_interest
ENERGÍA POSITIVA GYM,Gimnasio/Fitness,Gimnasio,Itá,,"FJQQ+885, Manuel Gamarra, Itá 110506, Paraguay",-25.5117444,-57.3615906,,,0.0,0,False,50,B,establishment|gym|health|point_of_interest
Ivan Sanchez funcional training,Gimnasio/Fitness,General,Paraguarí,,"9R9M+CC, Paraguarí 090107, Paraguay",-25.6315204,-57.16638930000001,,,0.0,0,False,50,B,establishment|gym|health|point_of_interest
Centro Laser Dra Norma Poisson,Depilacion,Depilacion Laser,Caaguazú,,"GXHJ+PR5, Coronel Manuel A. Godoy, Caaguazú 3400, Paraguay",-25.470733,-56.0178953,0985 148068,,0.0,0,False,50,B,doctor|establishment|health|point_of_interest
Estetica Corporal Estefania Giselle,Estetica/Facial,General,Caaguazú,,"GXHQ+M7X, Gral. Eugenio A. Garay, Caaguazú 050207, Paraguay",-25.4707506,-56.0117729,0971 299259,,0.0,0,False,50,B,beauty_salon|establishment|point_of_interest
Santosha,Otros,General,Caaguazú,,"Calle yacu, Caaguazú 050201, Paraguay",-25.4535688,-56.0394466,0972 775452,,0.0,0,False,50,B,establishment|point_of_interest
Natural Essence Pilates,Gimnasio/Fitness,Yoga/Pilates,Caaguazú,,"Av. Silvio Pettirossi, GXPH+HG6, &, Caaguazú 050208, Paraguay",-25.4635958,-56.0212357,,,0.0,0,False,50,B,establishment|point_of_interest
Meli Makeup,Maquillaje,General,Minga Guazú,,"Km14 monday a 1800 metros de la ruta internacional, Minga Guazú 101119, Paraguay",-25.5089888,-54.7386457,0971 387374,,0.0,0,False,50,B,establishment|point_of_interest
Thomy Gym,Gimnasio/Fitness,Gimnasio,Pedro Juan Caballero,,"Coronel Martínez, entre Iturbe y, Pedro Juan Caballero 130111, Paraguay",-22.5485875,-55.7391472,0975 584697,https://www.instagram.com/thomy_gym?igsh=NHJ3aGs1eGdmZjVu,0.0,0,True,50,B,establishment|gym|health|point_of_interest
Familia Gomez,Gimnasio/Fitness,General,Capiatá,,"MHH5+7F2 110201, Capiatá 110201, Paraguay",-25.3218669,-57.4413611,,,0.0,0,False,50,B,establishment|gym|health|point_of_interest
SB Training,Gimnasio/Fitness,General,Areguá,,"MJM8+8VR, Teodoro Labrano, Areguá 110102, Paraguay",-25.3166418,-57.3828531,,,0.0,0,False,50,B,establishment|gym|health|point_of_interest
Dinamic Gym - Minga Guazu,Gimnasio/Fitness,Gimnasio,Minga Guazú,,"Minga Guazú 0000, Paraguay",-25.5001736,-54.7405577,0992 606678,https://www.facebook.com/profile.php?id=100088676744672&mibextid=kFxxJD,0.0,0,True,50,B,establishment|gym|health|point_of_interest
Sugastti cejas y pestañas,Pestañas/Cejas,General,Areguá,,"+595, Areguá 110119, Paraguay",-25.3194605,-57.4248498,0971 543431,,0.0,0,False,50,B,beauty_salon|establishment|point_of_interest
Nadia Noguera | Fisioestetica y Head Spa,Spa/Wellness,Spa,Pedro Juan Caballero,Vila Militar II,"Gral.Roa, Pedro Juan Caballero 130103, Paraguay",-22.5306896,-55.738578,0986 483043,https://www.instagram.com/nadianoguera_fisioestetica?igsh=MTUwenk3YmZzMm15bg==,0.0,0,True,50,B,establishment|point_of_interest|spa|store
Espacio Alfa PY,Spa/Wellness,Spa,Ciudad del Este,,"F9HJ+G8J, 4 de Mayo, Cd. del Este 100151, Paraguay",-25.5211642,-54.6190151,0974 963817,https://beacons.ai/espacioalfapy,5.0,5,True,50,B,establishment|hair_care|health|point_of_interest
Mia Gamarra Nails,Uñas/Nails,Salon Uñas,Minga Guazú,,"G656+4C8, Minga Guazú 101121, Paraguay",-25.4922213,-54.788918,0983 303225,,0.0,0,False,50,B,beauty_salon|establishment|point_of_interest
Katy Nails,Uñas/Nails,Salon Uñas,Minga Guazú,,"G694+9QF, Minga Guazú 101115, Paraguay",-25.4815726,-54.793067,0972 704403,,0.0,0,False,50,B,beauty_salon|establishment|point_of_interest
Estef Nails,Uñas/Nails,Salon Uñas,Ñemby,,"Cerca de MARY Coiffure Salón de Belleza, 111209, 29 de Septiembre, Ñemby 111209, Paraguay",-25.3796251,-57.55630119999999,0992 483776,,0.0,0,False,50,B,beauty_salon|establishment|point_of_interest
Nail Studio Mica,Uñas/Nails,General,Ñemby,,"Ñemby 111215, Paraguay",-25.4013322,-57.55101699999999,0983 738672,,0.0,0,False,50,B,beauty_salon|establishment|point_of_interest
Estética Consultorio Odontologico,Otros,General,Doctor Juan Eulogio Estigarribia,,"J7FX+J9H, Doctor Juan Eulogio Estigarribia 051204, Paraguay",-25.3759361,-55.7015014,0975 414998,,0.0,0,False,50,B,establishment|health|hospital|point_of_interest
Iuvenis - Medicina Estética,Otros,General,San Lorenzo,,"Teniente Molas 880, San Lorenzo 111457, Paraguay",-25.3626119,-57.5005093,0983 257546,,0.0,0,False,50,B,establishment|health|hospital|point_of_interest
Estética integral,Otros,General,San Lorenzo,,"JFHX+PCG, Campo Jordan, San Lorenzo 111464, Paraguay",-25.3706929,-57.50141039999999,99477799,,0.0,0,False,50,B,establishment|point_of_interest
Estética Mary,Otros,General,Minga Guazú,,"Km 13, Minga Guazú 101105, Paraguay",-25.4988203,-54.73351659999999,0986 573257,,0.0,0,False,50,B,establishment|point_of_interest
Liang Sisterpy,Otros,General,San Lorenzo,,"Valparaiso N'216 casi 5 de septiembre, San Lorenzo 111420, Paraguay",-25.332122,-57.51374739999999,0962 277222,https://liangsisterpy.weebly.com/,4.5,6,True,50,B,establishment|point_of_interest
Bella Nails y Beauty,Uñas/Nails,Salon Uñas,Kapi'atã,,"Ycuá Corá 402, Kapi'atã 110217, Paraguay",-25.3578854,-57.4469045,0973 295871,,0.0,0,False,50,B,beauty_salon|establishment|point_of_interest
Barbería | Club7 Hernandarias Paraguay,Barberia,General,,,"Area Comercial Country Club Hernandarias Ciudad del Este, 7220, Paraguay",-25.479058,-54.6232935,0973 620594,http://club7barbershop.com.br/,5.0,13,True,50,B,establishment|hair_care|health|point_of_interest
Esthetic Life,Otros,General,Ciudad del Este,,"República del Paraguay, Cd. del Este 100113, Paraguay",-25.4938607,-54.6755744,0993 276667,,0.0,0,False,50,B,establishment|health|point_of_interest
Clinica Oliv Estética Avançada,Otros,General,,Vila Militar,"Av. Brasil, 1967 - Vila Militar, Ponta Porã - MS, 79900-000, Brazil",-22.5452301,-55.7227849,(67) 99984-9272,https://olivclinica.com/,5.0,36,True,50,B,establishment|health|point_of_interest
La Visiomed,Otros,General,Pedro Juan Caballero,Vila Militar II,"130113, Cerro León, &, Pedro Juan Caballero 130113, Paraguay",-22.5497314,-55.73115929999999,(67) 99889-5385,,0.0,0,False,50,B,establishment|health|point_of_interest
Gaby Garay Make Up,Maquillaje,General,Minga Guazú,,"0973555563, Los Mingueros Av, Minga Guazú 101102, Paraguay",-25.4819227,-54.7621233,0973 555563,,0.0,0,False,50,B,beauty_salon|establishment|hair_care|point_of_interest
Zuni Penayo Tu Espacio de Belleza,Spa/Wellness,Spa,Ciudad del Este,,"Km 8 Acaray, Cd. del Este 100121, Paraguay",-25.4798598,-54.665478,,,0.0,0,False,50,B,beauty_salon|establishment|point_of_interest
Farmacia Carina,Spa/Wellness,General,Obligado,,"Av. Gaspar Rodriguez de Francia, Obligado 071702, Paraguay",-27.057196,-55.6295416,0984 505032,https://farmaciacarina.com/,4.8,6,True,50,B,drugstore|establishment|health|point_of_interest|store
Bussmakeup,Maquillaje,General,Obligado,,"W9R5+7X8, Obligado 071702, Paraguay",-27.0593312,-55.6400413,0985 778254,,0.0,0,False,50,B,establishment|point_of_interest
Ginna Nails Studio,Uñas/Nails,Salon Uñas,Caacupé,,"JV75+R2H, Caacupé 030103, Paraguay",-25.3854355,-57.1423813,0981 076828,,0.0,0,False,50,B,beauty_salon|establishment|point_of_interest
Carmen Bareiro Nails,Uñas/Nails,Salon Uñas,Ka'akupe,Barrio San Miguel,"JR4X+GXG, Avenida del Agricultor, Ka'akupe 030107, Paraguay",-25.3937049,-57.150046,0984 512576,,0.0,0,False,50,B,beauty_salon|establishment|point_of_interest
TCnails,Uñas/Nails,Salon Uñas,Caacupé,,"14 De Mayo, Caacupé 0001, Paraguay",-25.3886756,-57.1402762,0991 218192,,0.0,0,False,50,B,beauty_salon|establishment|point_of_interest
EWA Beauty Experience,Spa/Wellness,General,Lambaré,,"M94P+G99, Av. Cacique Lambare, Lambaré 110721, Paraguay",-25.3437112,-57.6139506,0984 411521,https://www.ewa.com.py/,4.6,7,True,50,B,establishment|point_of_interest|spa
"Salón de Belleza ""Nosotras""",Otros,General,San Cosme y Damián,,"MMP8+974, San Damian, San Cosme y Damián 071901, Paraguay",-27.31411,-56.3343035,0985 120995,,0.0,0,False,50,B,establishment|point_of_interest
Sparta Gym,Spa/Wellness,Spa,San Estanislao,,"8HQ4+H4H, Cristobal Colón, San Estanislao 020803, Paraguay",-24.6610586,-56.4447383,,,0.0,0,False,50,B,establishment|gym|health|point_of_interest
Clinica la MERCED,Otros,General,Itá,,"Independencia Nacional 603, Itá 110506, Paraguay",-25.5112252,-57.3600752,0982 307419,,0.0,0,False,50,B,establishment|health|point_of_interest
Centro de Fisioterapia,Otros,General,Itá,,"Independencia Nacional, Itá 110506, Paraguay",-25.510436,-57.35988449999999,0982 307419,,0.0,0,False,50,B,doctor|establishment|health|point_of_interest
Carla beauty spa,Spa/Wellness,Spa,Yaguarón,,"CPP8+M3P, Mcal. José Félix Estigarribia 745, Yaguarón 091502, Paraguay",-25.5633227,-57.2848188,,,0.0,0,False,50,B,beauty_salon|establishment|point_of_interest
Espacio de Belleza,Spa/Wellness,Spa,Yaguarón,,"CPX5+2VJ, Yaguarón 091501, Paraguay",-25.552746,-57.28988,,,0.0,0,False,50,B,establishment|hair_care|point_of_interest
Spa y Stilo E&L,Spa/Wellness,Spa,Yaguarón,,"CPR5+X82 091501, Yaguarón 091501, Paraguay",-25.5576005,-57.29174519999999,,,0.0,0,False,50,B,establishment|hair_care|point_of_interest
Liz centro de estetica,Estetica/Facial,Centro Estetica,Limpio,,"VG2H+3GR, Limpio 110810, Paraguay",-25.1497522,-57.4712284,0981 209671,,0.0,0,False,50,B,establishment|point_of_interest|spa
Mundo Fisiopilates,Gimnasio/Fitness,Yoga/Pilates,Obligado,,"W9HJ+JJ2, Av. Mariscal Francisco San López, Obligado 071703, Paraguay",-27.0709755,-55.61848639999999,,,0.0,0,False,50,B,establishment|gym|health|point_of_interest
Salón de belleza el espacio de chicas V.W & V.M STORE,Spa/Wellness,Spa,Obligado,,"W9WC+C55, Av. Mariscal Francisco San López, Obligado 071702, Paraguay",-27.0538446,-55.6294595,,,0.0,0,False,50,B,establishment|hair_care|point_of_interest
Aroma Spa (Ibo),Spa/Wellness,Spa,Villa Elisa,,"JCMC+5W9 Plaza Pública, Villa Elisa 111509, Paraguay",-25.3675628,-57.5776792,0986 570125,https://www.instagram.com/aroma_spa00?igsh=cmFtdWg3dTY3em1n&utm_source=qr,0.0,0,True,50,B,establishment|health|physiotherapist|point_of_interest
LB NAILS Multiventas 💅🏻🛍️,Uñas/Nails,Salon Uñas,Caaguazú,Barrio Bernardino Caballero,"Bernardino Caballero, Caaguazú 050216, Paraguay",-25.4799908,-56.0070801,0982 553916,,0.0,0,False,50,B,beauty_salon|establishment|point_of_interest
NatyNails,Uñas/Nails,Salon Uñas,Caacupé,Barrio San Blas,"San Blas, Caacupé 030106, Paraguay",-25.3938826,-57.1452726,0972 530285,,0.0,0,False,50,B,beauty_salon|establishment|point_of_interest
Gym- Gob,Gimnasio/Fitness,Gimnasio,Villarrica,,"6HQ6+Q72, Villarrica 040115, Paraguay",-25.761325,-56.43861829999999,,,0.0,0,False,50,B,establishment|point_of_interest
Anely Estetica,Estetica/Facial,General,Caaguazú,,"GXJH+MXP, Caaguazú 050207, Paraguay",-25.4682986,-56.0200452,0975 484331,http://www.anelyestetica.com/,4.8,23,True,50,B,establishment|point_of_interest|spa
Naida Cilene Makeup y Nails,Uñas/Nails,Salon Uñas,Limpio,,"RGHF+WGW, Fulgencio Yegros, Limpio 110816, Paraguay",-25.1701399,-57.4761675,0972 867258,,0.0,0,False,50,B,beauty_salon|establishment|point_of_interest
ELITE training ITA,Gimnasio/Fitness,General,,,"1, 110512, Paraguay",-25.4922172,-57.3997542,,,0.0,0,False,50,B,establishment|gym|health|point_of_interest
Eguay.com.py - Lourdes Perfumes & Cosméticos,Otros,General,Fernando de la Mora,Fernando Zona Sur,"Ita Yvate Entre, 1 De Mayo y, Fernando de la Mora 110314, Paraguay",-25.3344015,-57.5430511,0972 483589,http://eguay.com.py/,4.9,21,True,50,B,clothing_store|electronics_store|establishment|food|point_of_interest|store
Villalba Barbershop,Barberia,General,Doctor Juan Eulogio Estigarribia,,"1º Junta Municipal, Dr Juan Eulogio Estigarribia 051201, Paraguay",-25.3717407,-55.70846460000001,,,3.0,1,False,50,B,establishment|hair_care|health|point_of_interest
AC.Pilates,Gimnasio/Fitness,Yoga/Pilates,Areguá,,"MJV9+6W5, Av. Mariscal Estigarribia, Areguá 110101, Paraguay",-25.3069813,-57.380154,,,0.0,0,False,50,B,establishment|gym|health|point_of_interest
Salud + Estetica,Estetica/Facial,General,Caaguazú,Barrio Bernardino Caballero,"Pte. Carlos A. López, Caaguazú 050207, Paraguay",-25.4717674,-56.01100289999999,0985 176120,,0.0,0,False,50,B,establishment|health|point_of_interest|spa
Alicia Cosméticos,Otros,General,Capiatá,,"Ruta 2 Mcal Estigarribia, entre 1ro de Marzo y, Capiatá 1122, Paraguay",-25.3544805,-57.44231920000001,0992 431838,,0.0,0,False,50,B,establishment|point_of_interest
ILSa Nails,Uñas/Nails,Salon Uñas,San Pedro de Ycuamandyyú,,"WW89+PW7, Curupáy, San Pedro de Ycuamandyyú 020101, Paraguay",-24.083211,-57.0802148,0975 255661,,1.0,1,False,50,B,beauty_salon|establishment|point_of_interest
Tattoo HN Studio,Tatuajes/Piercing,General,San Pedro de Ycuamandyyú,,"11, San Pedro de Ycuamandyyú 020103, Paraguay",-24.0933964,-57.07770290000001,0983 441941,,0.0,0,False,50,B,establishment|point_of_interest|store
MARI NAILS,Uñas/Nails,Salon Uñas,Itacurubí del Rosario,,"F59J+75G, Jorge B. Gorostiaga, Itacurubí del Rosario 020502, Paraguay",-24.5318132,-56.81954229999999,0975 327335,,0.0,0,False,50,B,beauty_salon|establishment|point_of_interest
Piel+Sana,Otros,General,Asunción,,"Av. Dr. Guido Boggiani, Asunción 001416, Paraguay",-25.2983097,-57.57553759999999,0991 228140,https://www.pielmassana.com.py/,4.9,20,True,50,B,establishment|point_of_interest|store
Odontologia Estetica Integral,Estetica/Facial,Centro Estetica,Villa Hayes,,"Laudo Hayes esquina, Villa Hayes 150401, Paraguay",-25.0897534,-57.5319924,0982 725003,,0.0,0,False,50,B,establishment|health|point_of_interest
Dra. Insaurralde Alejandra - Medicina estética y longevidad sana,Otros,General,Posadas,,"3 de Febrero 2184, N3300 Posadas, Misiones, Argentina",-27.370821,-55.8910363,0376 15-417-4264,https://alejandrainsaurralde.com/,5.0,20,True,50,B,doctor|establishment|health|point_of_interest
Cute Nails,Uñas/Nails,Salon Uñas,Hernandarias,,"Hernandarias 7220, Hernandarias 100519, Paraguay",-25.4136397,-54.6288326,0985 423897,,0.0,0,False,50,B,establishment|point_of_interest
Jessica Barrios Makeup,Maquillaje,General,Villa Hayes,,"WF7F+2H4, Villa Hayes 150405, Paraguay",-25.0876069,-57.52603009999999,0971 280768,,0.0,0,False,50,B,beauty_salon|establishment|point_of_interest
"""Alexia Nails""",Uñas/Nails,Salon Uñas,Ypane,,"GFWJ+QGC, 10 de Agosto, Ypane 111808, Paraguay",-25.453066,-57.5187244,0972 894379,,0.0,0,False,50,B,beauty_salon|establishment|point_of_interest
CarolNails,Uñas/Nails,Salon Uñas,Caaguazú,,"010300, Caaguazú 050209, Paraguay",-25.466644,-56.0278794,0976 468567,,0.0,0,False,50,B,beauty_salon|establishment|point_of_interest
Patty uñas,Uñas/Nails,Salon Uñas,Caaguazú,,"Caaguazú 050209, Paraguay",-25.4634447,-56.0231337,0976 231975,,0.0,0,False,50,B,beauty_salon|establishment|point_of_interest
Terapia en masajes biomagnetismo,Spa/Wellness,General,Caaguazú,,"GXPP+5F6, Caaguazú 050208, Paraguay",-25.4645818,-56.013851,,,0.0,0,False,50,B,establishment|point_of_interest|spa
Cacupé,Spa/Wellness,General,Caacupé,,"JVJ8+Q9W, Ruta Caacupe - Tobati, Caacupé 030101, Paraguay",-25.3680127,-57.1340507,,,0.0,0,False,50,B,establishment|health|point_of_interest|spa
Venus Nails Boutique & Spa,Spa/Wellness,Spa,Lambaré,,"Acuña de Figueroa n°3990 c, Lambaré 110716, Paraguay",-25.3460156,-57.59047879999999,0972 740600,https://linktr.ee/venusnails_boutique.spa,5.0,8,True,50,B,beauty_salon|establishment|point_of_interest
Bloom Makeup Store,Maquillaje,General,Caacupé,Barrio San Blas,"JV42+CMF, Caacupé 030108, Paraguay",-25.3938854,-57.1482539,0971 626226,,0.0,0,False,50,B,establishment|point_of_interest|store
Make Up Store Annmary,Maquillaje,General,Caacupé,Alegre,"JV86+9G4, Dr Eligio Ayala, Caacupé 3000, Paraguay",-25.3841023,-57.1386665,0981 248053,,0.0,0,False,50,B,establishment|point_of_interest|store
Gabu tattoo,Tatuajes/Piercing,General,San Cosme y Damián,,"MMJ9+5CQ, San Cosme y Damián 071901, Paraguay",-27.3184921,-56.3303848,0987 148828,,0.0,0,False,50,B,establishment|point_of_interest|store
Sky Spa,Spa/Wellness,Spa,Caacupé,,"030106, Alberdi 908, Caacupé 030106, Paraguay",-25.3923124,-57.14607359999999,,,0.0,0,False,50,B,establishment|point_of_interest|spa
Vero Stark KINESIOLOGIA y PILATES,Gimnasio/Fitness,Yoga/Pilates,Obligado,,"Edificio Estrella, Obligado 071703, Paraguay",-27.0663678,-55.6249058,,,0.0,0,False,50,B,establishment|gym|health|point_of_interest
Bianca Jacob Nails,Uñas/Nails,Salon Uñas,Caaguazú,,"Coronel Manuel A. Godoy 3400, Caaguazú 050207, Paraguay",-25.4674538,-56.0178001,0975 915647,,0.0,0,False,50,B,beauty_salon|establishment|point_of_interest
LA KATRINA COSMETICS,Estetica/Facial,General,Areguá,,"PH2R+52X, Av. Las Residentas, Areguá 110114, Paraguay",-25.2995111,-57.40988629999999,0987 148219,,0.0,0,False,50,B,beauty_salon|establishment|point_of_interest
Alex Tatto,Otros,General,Guarambare,,"GG6R+X8F, Guarambare 110401, Paraguay",-25.4875606,-57.45919180000001,0985 397234,,0.0,0,False,50,B,establishment|point_of_interest
Mario tattoo studio,Tatuajes/Piercing,Tattoo Studio,Piribebuy,,"Virgen Del Rosario y, Piribebuy 3040, Paraguay",-25.3428402,-57.62691559999999,0986 498043,,0.0,0,False,50,B,establishment|point_of_interest|store
Ohana Pilates Py,Gimnasio/Fitness,Yoga/Pilates,Itá,,"Pdte. Franco casi, Itá 110503, Paraguay",-25.5079369,-57.36270129999999,0986 499709,https://instagram.com/ohana_pilatespy?igshid=YmMyMTA2M2Y=,0.0,0,True,50,B,establishment|gym|health|point_of_interest
Bg Funcional Fitness,Gimnasio/Fitness,General,Itauguá,,"JM62+34R, Av. Orlando Matteucci, Itauguá 110605, Paraguay",-25.3899344,-57.34987100000001,,,0.0,0,False,50,B,establishment|gym|health|point_of_interest
Glow Spa,Spa/Wellness,Spa,Limpio,,"RGV9+869, Limpio 110814, Paraguay",-25.1569431,-57.48348300000001,,,0.0,0,False,50,B,beauty_salon|establishment|point_of_interest|spa
Prof det xander,Otros,General,Limpio,,"Avda Melo de portugal, Limpio 110814, Paraguay",-25.1655669,-57.4819008,0994 569800,,0.0,0,False,50,B,establishment|point_of_interest
Ike,Spa/Wellness,General,Caacupé,Barrio General Diaz,"JV96+G8C, Av. Pozo De La Virgen, Caacupé 030103, Paraguay",-25.3811792,-57.1392262,,,0.0,0,False,50,B,establishment|point_of_interest|spa
Quinta San Martin,Spa/Wellness,General,,,"Iturbe Ruta PY 8 Coronel Bogado, 6920, Paraguay",-27.1734583,-56.22500489999999,,,0.0,0,False,50,B,establishment|point_of_interest|spa
Jessy Ferreira Nail,Uñas/Nails,General,Coronel Bogado,,"Barrio Santa Clara, Cnel. Bogado 070801, Paraguay",-27.1603453,-56.24834809999999,0985 548141,,0.0,0,False,50,B,beauty_salon|establishment|point_of_interest
Cami Rodríguez MakeUp & Nails,Uñas/Nails,Salon Uñas,Minga Guazú,,"Km 15, Minga Guazú 101103, Paraguay",-25.4865725,-54.7526674,0986 444477,,0.0,0,False,50,B,beauty_salon|establishment|point_of_interest
Bear Fit -Stormfit,Gimnasio/Fitness,General,Areguá,,"MJQ6+6V8, Ricardo Pérez, Areguá 110103, Paraguay",-25.3086672,-57.3840886,,,0.0,0,False,50,B,establishment|gym|health|point_of_interest
Samary Nails,Uñas/Nails,Salon Uñas,Areguá,,"La Esperanza, Areguá 110112, Paraguay",-25.2870638,-57.4163057,0991 248359,,0.0,0,False,50,B,beauty_salon|establishment|point_of_interest
Lau nails,Uñas/Nails,Salon Uñas,Areguá,,"MHXC+VRH Lau nails, Areguá 110113, Paraguay",-25.3002835,-57.42784,0976 758062,,0.0,0,False,50,B,beauty_salon|establishment|point_of_interest
GabrielalujanNails,Uñas/Nails,Salon Uñas,Areguá,,"PH2J+6QH, Areguá 110113, Paraguay",-25.2994455,-57.4180075,0986 506014,,0.0,0,False,50,B,beauty_salon|establishment|point_of_interest
Noe Nails,Uñas/Nails,Salon Uñas,Areguá,,"Areguá 110104, Paraguay",-25.3125346,-57.4083314,0994 844336,,0.0,0,False,50,B,establishment|point_of_interest|store
