place_id,name,status,address,street_number,street_name,neighborhood,city,state,postal_code,country,lat,lng,phone,international_phone,website,google_maps_url,google_maps_direction_url,types,primary_type,vertical,rating,total_reviews,price_level,is_open_now,saturday_hours,sunday_hours,photo_count,editorial_summary,wheelchair_accessible,takeout,delivery,dine_in,curbside_pickup,reservable,good_for_children,good_for_groups,outdoor_seating,live_music,serves_beer,serves_wine,serves_vegan,serves_vegetarian,serves_breakfast,serves_lunch,serves_dinner,serves_brunch,parking_options,payment_options,has_website,website_status,website_is_social_only,website_is_free_builder,website_uses_https,website_redirects_to_social,lead_score,lead_priority,scraped_at
,"Peluquería - La Santa - Care Salon, Asunción.",OPERATIONAL,"Molas Lopez 1832, Asunción 1411, Paraguay",1832,Itapua,Centro,Asunción,Asunción,1411,Paraguay,-25.2631275,-57.57877809999999,0981 300503,+595 981 300503,,https://maps.google.com/?cid=9903712552520099784,"https://www.google.com/maps/dir/?api=1&destination=-25.2631275,-57.57877809999999",beauty_salon|establishment|hair_care|point_of_interest,beauty_salon,Beauty & Wellness,4.9,114,,True,Saturday: 8:00 AM – 8:00 PM,Sunday: Closed,10,,True,,,,,,,,,,,,,,,,,,,,False,no_website,False,False,False,False,85,HIGH,2026-04-14T18:50:10.947449
,Maison Mint,OPERATIONAL,"Eusebio Lillo Robles esquina, Asunción 001411, Paraguay",esquina,General Eugenio Alejandrino Garay,Canógrafa,Asunción,Asunción,001411,Paraguay,-25.2875312,-57.58162009999999,0981 301077,+595 981 301077,,https://maps.google.com/?cid=18422242574579478255,"https://www.google.com/maps/dir/?api=1&destination=-25.2875312,-57.58162009999999",establishment|hair_care|point_of_interest|spa,establishment,Beauty & Wellness,4.8,112,,True,Saturday: 9:00 AM – 8:00 PM,Sunday: Closed,10,,True,,,,,,,,,,,,,,,,,,,,False,no_website,False,False,False,False,85,HIGH,2026-04-14T18:50:11.364218
,LUAN · Centro de Belleza,OPERATIONAL,"Cecilio da Silva Lovera, Asunción 001527, Paraguay",,Cecilio da Silva Lovera,Canógrafa,Asunción,Asunción,001527,Paraguay,-25.2776502,-57.56652090000001,0981 825205,+595 981 825205,https://www.facebook.com/Centro-de-Belleza-Luan-205869782934310/,https://maps.google.com/?cid=10835148977839865471,"https://www.google.com/maps/dir/?api=1&destination=-25.2776502,-57.56652090000001",beauty_salon|establishment|point_of_interest,beauty_salon,Beauty & Wellness,4.7,40,,True,Saturday: 9:00 AM – 8:00 PM,Sunday: Closed,10,,,,,,,,,,,,,,,,,,,,,,True,social_media_only,True,False,False,False,75,HIGH,2026-04-14T18:50:11.771506
,Haven Salón de Belleza Carmelitas,OPERATIONAL,"San Rafael 428, Asunción 001529, Paraguay",428,San Rafael,Canógrafa,Asunción,Asunción,001529,Paraguay,-25.2844215,-57.57471579999999,0993 583959,+595 993 583959,https://linktr.ee/havensalondebelleza.py,https://maps.google.com/?cid=2327219734211935480,"https://www.google.com/maps/dir/?api=1&destination=-25.2844215,-57.57471579999999",beauty_salon|establishment|hair_care|point_of_interest,beauty_salon,Beauty & Wellness,4.9,14,,True,Saturday: 9:00 AM – 8:00 PM,Sunday: Closed,10,,True,,,,,,,,,,,,,,,,,,,,True,social_media_only,True,False,False,False,70,HIGH,2026-04-14T18:50:12.184376
,Peluquería Bellisima,OPERATIONAL,"Juan de Salazar y Espinoza 998, Asunción 001209, Paraguay",998,Juan de Salazar y Espinoza,Tte. Fariña,Asunción,Asunción,001209,Paraguay,-25.2857635,-57.6107763,0981 630011,+595 981 630011,https://www.facebook.com/BELLISIMAPY/?ti=as,https://maps.google.com/?cid=5556758869110777506,"https://www.google.com/maps/dir/?api=1&destination=-25.2857635,-57.6107763",beauty_salon|establishment|point_of_interest,beauty_salon,Beauty & Wellness,4.7,185,,True,Saturday: 12:00 AM – 8:00 PM,Sunday: Closed,10,,,,,,,,,,,,,,,,,,,,,,True,social_media_only,True,False,False,False,80,HIGH,2026-04-14T18:50:12.601376
,Marie Carol Beauty & Lifestyle,OPERATIONAL,"Edificio Atrium, Dr. Francisco Morra y, Asunción 1807, Paraguay",y,Guido Spano,Canógrafa,Asunción,Paraguay,1807,Paraguay,-25.2932895,-57.5782509,0986 610300,+595 986 610300,https://mariecarol.com.py/,https://maps.google.com/?cid=14723985433615216093,"https://www.google.com/maps/dir/?api=1&destination=-25.2932895,-57.5782509",beauty_salon|establishment|hair_care|point_of_interest,beauty_salon,Beauty & Wellness,4.3,66,,True,Saturday: 9:00 AM – 8:00 PM,Sunday: Closed,10,,True,,,,,,,,,,,,,,,,,,,,True,active,False,False,True,False,45,MEDIUM,2026-04-14T18:50:13.004519
,KALOS BEAUTY SALON,OPERATIONAL,"Av. Dr. Felipe Molas López 1258, Asunción 001520, Paraguay",1258,Avenida Doctor Felipe Molas López,Canógrafa,Asunción,Asunción,001520,Paraguay,-25.2700324,-57.57199809999999,0981 256866,+595 981 256866,,https://maps.google.com/?cid=9438248309660979539,"https://www.google.com/maps/dir/?api=1&destination=-25.2700324,-57.57199809999999",establishment|hair_care|point_of_interest,establishment,Beauty & Wellness,4.3,39,,True,Saturday: 9:00 AM – 8:00 PM,Sunday: Closed,10,,,,,,,,,,,,,,,,,,,,,,False,no_website,False,False,False,False,80,HIGH,2026-04-14T18:50:13.416963
,Madú Beauty Bar - Central,OPERATIONAL,"Santisimo Sacramento casi, Asunción 001534, Paraguay",casi,Doctor Luís Enrique Migone,Sajonia,Asunción,Asunción,001534,Paraguay,-25.2810787,-57.58725009999999,0984 702022,+595 984 702022,,https://maps.google.com/?cid=10374932288787660325,"https://www.google.com/maps/dir/?api=1&destination=-25.2810787,-57.58725009999999",beauty_salon|establishment|point_of_interest,beauty_salon,Beauty & Wellness,4.9,23,,True,Saturday: 9:00 AM – 8:00 PM,Sunday: Closed,10,,,,,,,,,,,,,,,,,,,,,,False,no_website,False,False,False,False,80,HIGH,2026-04-14T18:50:13.851396
,Luis De Leon Concept,OPERATIONAL,"Gral. Torreani Viera 341 Esq, Asunción 001412, Paraguay",341 Esq,General Torreani Viera,Canógrafa,Asunción,Asunción,001412,Paraguay,-25.294285,-57.584416,(021) 604 817,+595 21 604 817,,https://maps.google.com/?cid=4232814728778314916,"https://www.google.com/maps/dir/?api=1&destination=-25.294285,-57.584416",establishment|hair_care|point_of_interest|store,establishment,Beauty & Wellness,4.9,144,,True,Saturday: 9:00 AM – 8:00 PM,Sunday: Closed,10,,,,,,,,,,,,,,,,,,,,,,False,no_website,False,False,False,False,85,HIGH,2026-04-14T18:50:14.265615
,Cami Landolfi,OPERATIONAL,"Alas Paraguayas 348, Asunción 1863, Paraguay",348,Alas Paraguayas,Canógrafa,Asunción,Asunción,1863,Paraguay,-25.2997481,-57.57402800000001,0981 991925,+595 981 991925,,https://maps.google.com/?cid=2411242998337160021,"https://www.google.com/maps/dir/?api=1&destination=-25.2997481,-57.57402800000001",beauty_salon|establishment|point_of_interest,beauty_salon,Beauty & Wellness,4.7,95,,True,Saturday: 9:00 AM – 8:00 PM,Sunday: Closed,10,,True,,,,,,,,,,,,,,,,,,,,False,no_website,False,False,False,False,85,HIGH,2026-04-14T18:50:14.672852
,Ale Nails Beauty Spa,OPERATIONAL,"Asunción 001512, Paraguay",,,Mcal. López,Asunción,Asunción,001512,Paraguay,-25.2524947,-57.57941940000001,0983 499418,+595 983 499418,https://www.instagram.com/_ale.nails__/,https://maps.google.com/?cid=10967735656349644635,"https://www.google.com/maps/dir/?api=1&destination=-25.2524947,-57.57941940000001",establishment|hair_care|point_of_interest|spa,establishment,Beauty & Wellness,5.0,1,,True,Saturday: 9:00 AM – 9:30 PM,Sunday: Closed,8,,,,,,,,,,,,,,,,,,,,,,True,social_media_only,True,False,False,False,60,HIGH,2026-04-14T18:50:15.058892
,Nails Express by Rossie,OPERATIONAL,"Julio Correa, &, Asunción 001526, Paraguay",,Tte. César Velázquez,Recoleta,Asunción,Asunción,001526,Paraguay,-25.2710918,-57.5642887,0981 288669,+595 981 288669,https://www.facebook.com/nailsexpresspy/,https://maps.google.com/?cid=5567319818744039376,"https://www.google.com/maps/dir/?api=1&destination=-25.2710918,-57.5642887",beauty_salon|establishment|point_of_interest|spa,beauty_salon,Beauty & Wellness,4.3,71,,True,Saturday: 9:00 AM – 8:00 PM,Sunday: Closed,10,,,,,,,,,,,,,,,,,,,,,,True,social_media_only,True,False,False,False,80,HIGH,2026-04-14T18:50:15.463410
,Haven Salón de Belleza Mburucuyá,OPERATIONAL,"Julio Correa 1135, Asunción 001521, Paraguay",1135,Julio Correa,Recoleta,Asunción,Asunción,001521,Paraguay,-25.2663093,-57.56121309999999,0993 583950,+595 993 583950,https://linktr.ee/havensalondebelleza.py,https://maps.google.com/?cid=112357672709845985,"https://www.google.com/maps/dir/?api=1&destination=-25.2663093,-57.56121309999999",beauty_salon|establishment|hair_care|point_of_interest,beauty_salon,Beauty & Wellness,4.0,12,,True,Saturday: 9:00 AM – 8:00 PM,Sunday: Closed,10,,True,,,,,,,,,,,,,,,,,,,,True,social_media_only,True,False,False,False,70,HIGH,2026-04-14T18:50:15.893846
,DiDonna - Artistas del cabello,OPERATIONAL,"Edificio Fiore di Maggio, Prof. César Vasconcellos 1111, Asunción 001410, Paraguay",1111,Profesor César Vasconcellos,Canógrafa,Asunción,Asunción,001410,Paraguay,-25.2865483,-57.56796070000001,0981 448445,+595 981 448445,,https://maps.google.com/?cid=16098735480451763002,"https://www.google.com/maps/dir/?api=1&destination=-25.2865483,-57.56796070000001",establishment|hair_care|point_of_interest,establishment,Beauty & Wellness,4.8,58,,True,Saturday: 9:00 AM – 8:00 PM,Sunday: Closed,10,,,,,,,,,,,,,,,,,,,,,,False,no_website,False,False,False,False,85,HIGH,2026-04-14T18:50:16.311080
,Velours Clínica Medicina Estética,OPERATIONAL,"Papa Juan XXIII y, Asunción 001529, Paraguay",y,Cesar Lopez Moreira,Canógrafa,Asunción,Asunción,001529,Paraguay,-25.2812609,-57.569156,0991 855939,+595 991 855939,https://velours.com.py/,https://maps.google.com/?cid=6762538309419105248,"https://www.google.com/maps/dir/?api=1&destination=-25.2812609,-57.569156",beauty_salon|establishment|hair_care|health|point_of_interest|store,beauty_salon,Beauty & Wellness,5.0,1278,,True,Saturday: 7:00 AM – 9:00 PM,Sunday: Closed,10,,True,,,,,,,,,,,,,,,,,,,,True,active,False,False,True,False,45,MEDIUM,2026-04-14T18:50:16.922390
,Obsession Nails & Beauty,OPERATIONAL,"Av. Brasilia 1155, Asunción 001205, Paraguay",1155,Avenida Brasilia,Pettirossi,Asunción,Asunción,001205,Paraguay,-25.2773315,-57.5998849,0981 770330,+595 981 770330,,https://maps.google.com/?cid=12934485877125068408,"https://www.google.com/maps/dir/?api=1&destination=-25.2773315,-57.5998849",beauty_salon|establishment|point_of_interest,beauty_salon,Beauty & Wellness,4.2,84,,True,Saturday: Open 24 hours,Sunday: Closed,10,,,,,,,,,,,,,,,,,,,,,,False,no_website,False,False,False,False,85,HIGH,2026-04-14T18:50:17.331990
,Beauty Studio By Tati Martinez,OPERATIONAL,"San Cosme esquina, Asunción 001205, Paraguay",esquina,Avenida Brasilia,Pettirossi,Asunción,Asunción,001205,Paraguay,-25.274057,-57.59901379999999,0971 668569,+595 971 668569,https://www.instagram.com/beautystudio93_?igsh=MWE2MDFwamlkNzhm,https://maps.google.com/?cid=16003870699329835145,"https://www.google.com/maps/dir/?api=1&destination=-25.274057,-57.59901379999999",beauty_salon|establishment|point_of_interest,beauty_salon,Beauty & Wellness,4.8,38,,True,Saturday: 9:00 AM – 8:00 PM,Sunday: 9:00 AM – 8:00 PM,10,,,,,,,,,,,,,,,,,,,,,,True,social_media_only,True,False,False,False,75,HIGH,2026-04-14T18:50:17.735941
,Lash Harmony Beauty Concept - Mburucuya,OPERATIONAL,"Av. Santísima Trinidad 1696, Asunción 1521, Paraguay",1696,Marcelino Pérez Martínez,Recoleta,Asunción,Asunción,1521,Paraguay,-25.2669762,-57.56737349999999,0982 608068,+595 982 608068,https://www.instagram.com/harmonypy/,https://maps.google.com/?cid=10940589321597467209,"https://www.google.com/maps/dir/?api=1&destination=-25.2669762,-57.56737349999999",beauty_salon|establishment|point_of_interest,beauty_salon,Beauty & Wellness,5.0,5,,True,Saturday: 9:00 AM – 6:00 PM,Sunday: Closed,10,,,,,,,,,,,,,,,,,,,,,,True,social_media_only,True,False,False,False,70,HIGH,2026-04-14T18:50:18.144267
,Guapa Spa de Uñas y Estética,OPERATIONAL,"Doctor Juan Eulogio Estigarribia &, Charles De Gaulle, Asunción 001412, Paraguay",,Charles De Gaulle,Canógrafa,Asunción,Asunción,001412,Paraguay,-25.2958029,-57.5804673,0981 192526,+595 981 192526,https://guapaturnos.simplybook.me/v2/,https://maps.google.com/?cid=13519110159026560858,"https://www.google.com/maps/dir/?api=1&destination=-25.2958029,-57.5804673",beauty_salon|establishment|hair_care|point_of_interest|spa,beauty_salon,Beauty & Wellness,4.7,332,,True,Saturday: 8:00 AM – 7:00 PM,Sunday: Closed,10,,True,,,,,,,,,,,,,,,,,,,,True,active,False,False,True,False,45,MEDIUM,2026-04-14T18:50:18.551379
,Derlis Zeballos,OPERATIONAL,"Teniente Primero Dr. Vicente Oddone, Asunción 001527, Paraguay",,San Juan XXIII,Canógrafa,Asunción,Asunción,001527,Paraguay,-25.2810605,-57.56234199999999,0983 846906,+595 983 846906,https://derliszeballos.com/,https://maps.google.com/?cid=5733083858743175008,"https://www.google.com/maps/dir/?api=1&destination=-25.2810605,-57.56234199999999",establishment|point_of_interest|store,establishment,Retail & Shopping,4.4,170,,True,Saturday: 9:00 AM – 7:00 PM,Sunday: Closed,10,,True,,True,,,,,,,,,,,,,,,,,,True,active,False,False,True,False,45,MEDIUM,2026-04-14T18:50:18.950044
,💈| Los Barberos de López ✅ - Barbería y Peluquería Premium - Barber Top Shop Abierta 24 h -cerca de Asunción @barberosdelopez,OPERATIONAL,"25 de Mayo 369 esquina, Asunción 001101, Paraguay",369 esquina,Caballero,Santa Ana,Asunción,Asunción,001101,Paraguay,-25.284535,-57.63190789999999,0971 838282,+595 971 838282,https://www.barberos.com.py/,https://maps.google.com/?cid=16101193368038741410,"https://www.google.com/maps/dir/?api=1&destination=-25.284535,-57.63190789999999",beauty_salon|cafe|establishment|food|hair_care|health|point_of_interest|spa|store,beauty_salon,Food & Beverage,4.9,2167,,True,Saturday: Open 24 hours,Sunday: Open 24 hours,10,,True,,,,,,,,,,,,,,,,,,,,True,active,False,False,True,False,45,MEDIUM,2026-04-14T18:50:22.005143
,Peluquería MMical,OPERATIONAL,"Prócer Juan Manuel Iturbe 106, Asunción 001526, Paraguay",106,Prócer Juan Manuel Iturbe,Recoleta,Asunción,Asunción,001526,Paraguay,-25.2783636,-57.5561992,(021) 606 360,+595 21 606 360,,https://maps.google.com/?cid=6199618288128939196,"https://www.google.com/maps/dir/?api=1&destination=-25.2783636,-57.5561992",establishment|hair_care|point_of_interest,establishment,Beauty & Wellness,4.7,177,,True,Saturday: 8:00 AM – 8:00 PM,Sunday: Closed,10,,,,,,,,,,,,,,,,,,,,,,False,no_website,False,False,False,False,85,HIGH,2026-04-14T18:50:22.415688
,Hair Lab,OPERATIONAL,"Narciso R. Colmán 1539, Asunción 001527, Paraguay",1539,Narciso R. Colmán,Canógrafa,Asunción,Asunción,001527,Paraguay,-25.279393,-57.56705900000001,0972 825777,+595 972 825777,https://www.instagram.com/hairlab.py/,https://maps.google.com/?cid=15329845106700810455,"https://www.google.com/maps/dir/?api=1&destination=-25.279393,-57.56705900000001",establishment|hair_care|point_of_interest,establishment,Beauty & Wellness,4.6,52,,True,Saturday: 9:00 AM – 8:00 PM,Sunday: Closed,10,,,,,,,,,,,,,,,,,,,,,,True,social_media_only,True,False,False,False,80,HIGH,2026-04-14T18:50:22.815184
,La Pelu Hair Estudio,OPERATIONAL,"Cecilio Da Silva 1160, Asunción 001527, Paraguay",1160,Cecilio Da Silva,Canógrafa,Asunción,Asunción,001527,Paraguay,-25.2788199,-57.56701709999999,0981 595979,+595 981 595979,https://www.instagram.com/lapeluhairstudio/,https://maps.google.com/?cid=13870910173314604355,"https://www.google.com/maps/dir/?api=1&destination=-25.2788199,-57.56701709999999",establishment|hair_care|point_of_interest,establishment,Beauty & Wellness,4.7,83,,True,Saturday: 10:00 AM – 8:00 PM,Sunday: Closed,9,,True,,,,,,,,,,,,,,,,,,,,True,social_media_only,True,False,False,False,80,HIGH,2026-04-14T18:50:23.209564
,💈Top Paraguay 🏳️‍🌈 Barberia & Peluquería (Exclusivo),OPERATIONAL,"Edificio Lider 1, Juan E. O'Leary 625 Esq, Asunción 625, Paraguay",625 Esq,Juan E. O'Leary,Santa Ana,Asunción,Asunción,625,Paraguay,-25.282155,-57.63988029999999,0984 333414,+595 984 333414,https://wa.link/veppcy,https://maps.google.com/?cid=726314274658183954,"https://www.google.com/maps/dir/?api=1&destination=-25.282155,-57.63988029999999",establishment|hair_care|health|point_of_interest|store,establishment,Beauty & Wellness,5.0,337,,True,Saturday: 10:00 AM – 11:00 PM,Sunday: 10:00 AM – 11:00 PM,10,,False,,,,,,,,,,,,,,,,,,,,True,active,False,False,True,False,45,MEDIUM,2026-04-14T18:50:23.614928
,Peluquería y Barberia JOSÉ,OPERATIONAL,"MCP4+3CF, Asunción 001422, Paraguay",,,Pettirossi,Asunción,Asunción,001422,Paraguay,-25.3148181,-57.59394330000001,0976 545347,+595 976 545347,,https://maps.google.com/?cid=13612519650688807813,"https://www.google.com/maps/dir/?api=1&destination=-25.3148181,-57.59394330000001",establishment|hair_care|point_of_interest,establishment,Beauty & Wellness,5.0,169,,True,Saturday: 9:00 AM – 8:00 PM,Sunday: Closed,10,,True,,,,,,,,,,,,,,,,,,,,False,no_website,False,False,False,False,85,HIGH,2026-04-14T18:50:24.023440
,Peluquería LeF Lety Frutos,OPERATIONAL,"Itapua 530 esq, Asunción 001520, Paraguay",530 esq,Teniente Primero Nemesio Quiñonez,Centro,Asunción,Asunción,001520,Paraguay,-25.2614124,-57.5774759,0981 174309,+595 981 174309,https://m.facebook.com/LeFlapeluqueria/,https://maps.google.com/?cid=10418727854677872078,"https://www.google.com/maps/dir/?api=1&destination=-25.2614124,-57.5774759",establishment|hair_care|point_of_interest,establishment,Beauty & Wellness,4.9,27,,True,Saturday: 9:00 AM – 8:00 PM,Sunday: Closed,1,,True,,,,,,,,,,,,,,,,,,,,True,social_media_only,True,False,False,False,75,HIGH,2026-04-14T18:50:24.420507
,Raio Bemba peluquería,OPERATIONAL,"Gral. Eugenio Alejandrino Garay y, Asunción 1849, Paraguay",y,Del Maestro,Canógrafa,Asunción,Asunción,1849,Paraguay,-25.2900465,-57.58307310000001,0972 656656,+595 972 656656,http://raiobemba.com/,https://maps.google.com/?cid=3920795026311401439,"https://www.google.com/maps/dir/?api=1&destination=-25.2900465,-57.58307310000001",establishment|hair_care|point_of_interest,establishment,Beauty & Wellness,4.7,744,,True,Saturday: 9:00 AM – 7:30 PM,Sunday: Closed,10,,True,,,,,,,,,,,,,,,,,,,,True,redirects_to_social,False,False,True,True,75,HIGH,2026-04-14T18:50:24.829555
,"Peluqueria ""solis""",OPERATIONAL,"Asunción 001532, Paraguay",,,Mcal. López,Asunción,Asunción,001532,Paraguay,-25.2606792,-57.5813442,0985 850376,+595 985 850376,,https://maps.google.com/?cid=12438947952525966003,"https://www.google.com/maps/dir/?api=1&destination=-25.2606792,-57.5813442",establishment|hair_care|point_of_interest,establishment,Beauty & Wellness,5.0,16,,True,Saturday: 8:00 AM – 7:00 PM,Sunday: Closed,7,,,,,,,,,,,,,,,,,,,,,,False,no_website,False,False,False,False,75,HIGH,2026-04-14T18:50:25.214236
,Magnolia Peluquería,OPERATIONAL,"Bartolome De Las Casas 206 esq, Asunción 001231, Paraguay",206 esq,Bartolome De Las Casas,Tte. Fariña,Asunción,Asunción,001231,Paraguay,-25.3076998,-57.6029685,(021) 558 289,+595 21 558 289,,https://maps.google.com/?cid=11730441928923147055,"https://www.google.com/maps/dir/?api=1&destination=-25.3076998,-57.6029685",establishment|hair_care|point_of_interest,establishment,Beauty & Wellness,4.7,216,,True,Saturday: 9:00 AM – 8:00 PM,Sunday: 9:00 AM – 6:00 PM,10,,True,,,,,,,,,,,,,,,,,,,,False,no_website,False,False,False,False,85,HIGH,2026-04-14T18:50:25.613918
,Julia coiffure unisex,OPERATIONAL,"Capitán José Domingo Lombardo 1495, Asunción 001534, Paraguay",1495,c/ Sacramento,Sajonia,Asunción,Asunción,001534,Paraguay,-25.2703221,-57.58471590000001,0981 267777,+595 981 267777,,https://maps.google.com/?cid=8354367652263988016,"https://www.google.com/maps/dir/?api=1&destination=-25.2703221,-57.58471590000001",establishment|hair_care|point_of_interest,establishment,Beauty & Wellness,4.9,65,,True,Saturday: 7:30 AM – 7:30 PM,Sunday: Closed,10,,True,,,,,,,,,,,,,,,,,,,,False,no_website,False,False,False,False,85,HIGH,2026-04-14T18:50:26.050481
,Liliana Coiffure Unisex,OPERATIONAL,"PCR9+3R4, Dr. Sosa 186, Asunción 001519, Paraguay",186,Doctor Sosa,Centro,Asunción,Asunción,001519,Paraguay,-25.2605566,-57.5802968,0991 521916,+595 991 521916,,https://maps.google.com/?cid=1246171286007723765,"https://www.google.com/maps/dir/?api=1&destination=-25.2605566,-57.5802968",establishment|hair_care|point_of_interest,establishment,Beauty & Wellness,4.4,21,,True,Saturday: 8:00 AM – 9:00 PM,Sunday: 8:00 AM – 11:30 PM,9,,,,,,,,,,,,,,,,,,,,,,False,no_website,False,False,False,False,80,HIGH,2026-04-14T18:50:26.446819
,Barbas,OPERATIONAL,"Julio Correa 450, Asunción 001526, Paraguay",450,Julio Correa,Recoleta,Asunción,Asunción,001526,Paraguay,-25.2717785,-57.56485249999999,0972 500517,+595 972 500517,https://www.facebook.com/barbasparaguay/,https://maps.google.com/?cid=12272904416385237370,"https://www.google.com/maps/dir/?api=1&destination=-25.2717785,-57.56485249999999",bar|establishment|hair_care|health|point_of_interest,bar,Food & Beverage,4.8,144,,True,Saturday: 10:00 AM – 8:00 PM,Sunday: Closed,10,,True,,,,,,,,,,,,,,,,,,,,True,social_media_only,True,False,False,False,80,HIGH,2026-04-14T18:50:26.869489
,Dino Julio Correa,OPERATIONAL,"Julio Correa 331, Asunción 001526, Paraguay",331,Julio Correa,Recoleta,Asunción,Asunción,001526,Paraguay,-25.272908,-57.565673,(021) 609 635,+595 21 609 635,http://www.dino.com.py/,https://maps.google.com/?cid=17259449256313746498,"https://www.google.com/maps/dir/?api=1&destination=-25.272908,-57.565673",establishment|hair_care|point_of_interest,establishment,Beauty & Wellness,4.5,117,,True,Saturday: 9:00 AM – 8:30 PM,Sunday: Closed,10,,True,,,,,,,,,,,,,,,,,,,,True,active,False,False,False,False,60,HIGH,2026-04-14T18:50:27.268593
,Joseph Coiffure,OPERATIONAL,"Av. Dr. Fernando de la Mora 2504, Asunción 001314, Paraguay",2504,Avenida Doctor Fernando de la Mora,Lambaré (parte),Asunción,Asunción,001314,Paraguay,-25.3287698,-57.594477,0986 243602,+595 986 243602,http://www.joseph.com.py/,https://maps.google.com/?cid=709531648834097968,"https://www.google.com/maps/dir/?api=1&destination=-25.3287698,-57.594477",beauty_salon|establishment|point_of_interest,beauty_salon,Beauty & Wellness,4.6,1274,,True,Saturday: 8:00 AM – 9:00 PM,Sunday: 9:00 AM – 1:00 PM,10,,True,,,,,,,,,,,,,,,,,,,,True,active,False,False,False,False,60,HIGH,2026-04-14T18:50:27.685156
,Ani Coiffure,OPERATIONAL,"Asunción 001520, Paraguay",,,Recoleta,Asunción,Asunción,001520,Paraguay,-25.2731334,-57.5660158,0981 223787,+595 981 223787,https://instagram.com/anicoiffure?igshid=ZWQyN2ExYTkwZQ==,https://maps.google.com/?cid=17651067620717385569,"https://www.google.com/maps/dir/?api=1&destination=-25.2731334,-57.5660158",establishment|hair_care|point_of_interest,establishment,Beauty & Wellness,4.5,35,,True,Saturday: 8:30 AM – 8:00 PM,Sunday: Closed,10,,True,,,,,,,,,,,,,,,,,,,,True,social_media_only,True,False,False,False,75,HIGH,2026-04-14T18:50:28.095252
,AF Studio Barber,OPERATIONAL,"Av. Santísima Trinidad 1370, Asunción 001519, Paraguay",1370,Avenida Santísima Trinidad,Recoleta,Asunción,Asunción,001519,Paraguay,-25.2684782,-57.5646826,0994 879222,+595 994 879222,https://www.barberia.com.py/,https://maps.google.com/?cid=10375436773826158839,"https://www.google.com/maps/dir/?api=1&destination=-25.2684782,-57.5646826",establishment|hair_care|health|point_of_interest,establishment,Beauty & Wellness,4.9,244,,True,Saturday: 9:00 AM – 10:00 PM,Sunday: 10:00 AM – 8:00 PM,10,,,,,,,,,,,,,,,,,,,,,,True,active,False,False,True,False,45,MEDIUM,2026-04-14T18:50:31.050542
,MACUTO barberia,OPERATIONAL,"Teniente Héctor Vera 1415, Asunción 001411, Paraguay",1415,Teniente Héctor Vera,Canógrafa,Asunción,Asunción,001411,Paraguay,-25.28741,-57.5752415,0986 444489,+595 986 444489,https://www.instagram.com/macutobarberos/,https://maps.google.com/?cid=14724080587689105880,"https://www.google.com/maps/dir/?api=1&destination=-25.28741,-57.5752415",establishment|hair_care|health|point_of_interest,establishment,Beauty & Wellness,4.9,117,,True,Saturday: 9:30 AM – 9:00 PM,Sunday: 11:00 AM – 7:00 PM,10,,,,,,,,,,,,,,,,,,,,,,True,social_media_only,True,False,False,False,80,HIGH,2026-04-14T18:50:31.452635
,Rotterdam barberShop,OPERATIONAL,"Asunción 001521, Paraguay",,,Recoleta,Asunción,Asunción,001521,Paraguay,-25.2669611,-57.5674215,0994 306016,+595 994 306016,https://instagram.com/rotterdam_barber_shop?igshid=YmMyMTA2M2Y=,https://maps.google.com/?cid=11959632491933213267,"https://www.google.com/maps/dir/?api=1&destination=-25.2669611,-57.5674215",establishment|hair_care|health|point_of_interest,establishment,Beauty & Wellness,4.9,26,,True,Saturday: 10:00 AM – 6:00 PM,Sunday: Closed,3,,,,,,,,,,,,,,,,,,,,,,True,social_media_only,True,False,False,False,75,HIGH,2026-04-14T18:50:31.862610
,La Guarida Barberos,OPERATIONAL,"Moisés Bertoni esquina, Asunción 001411, Paraguay",esquina,General Eugenio Alejandrino Garay,Canógrafa,Asunción,Asunción,001411,Paraguay,-25.2889606,-57.5824073,0971 656656,+595 971 656656,http://www.instagram.com/laguarida.barberos,https://maps.google.com/?cid=1983742223219257670,"https://www.google.com/maps/dir/?api=1&destination=-25.2889606,-57.5824073",establishment|hair_care|health|point_of_interest,establishment,Beauty & Wellness,4.7,250,,True,Saturday: 9:00 AM – 7:30 PM,Sunday: Closed,10,,True,,,,,,,,,,,,,,,,,,,,True,social_media_only,True,False,False,False,80,HIGH,2026-04-14T18:50:32.281592
,Karai Barbero,OPERATIONAL,"23 De Octubre 292, Asunción 001411, Paraguay",292,23 De Octubre,Canógrafa,Asunción,Asunción,001411,Paraguay,-25.288638,-57.5878874,0981 541932,+595 981 541932,https://agendit.com.py/business/97781,https://maps.google.com/?cid=216647406286416478,"https://www.google.com/maps/dir/?api=1&destination=-25.288638,-57.5878874",establishment|hair_care|health|point_of_interest,establishment,Beauty & Wellness,5.0,220,,True,Saturday: 9:00 AM – 8:00 PM,Sunday: Closed,10,,,,,,,,,,,,,,,,,,,,,,True,active,False,False,True,False,45,MEDIUM,2026-04-14T18:50:32.689001
,Invictus hair studio Barber shop,OPERATIONAL,"Juan S Bogarin, Asunción 001413, Paraguay",,Juan S Bogarin,Canógrafa,Asunción,Asunción,001413,Paraguay,-25.2979002,-57.5855454,0994 348269,+595 994 348269,,https://maps.google.com/?cid=14097890250835331684,"https://www.google.com/maps/dir/?api=1&destination=-25.2979002,-57.5855454",establishment|hair_care|health|point_of_interest,establishment,Beauty & Wellness,4.9,52,,True,Saturday: 11:00 AM – 9:00 PM,Sunday: Closed,10,,,,,,,,,,,,,,,,,,,,,,False,no_website,False,False,False,False,85,HIGH,2026-04-14T18:50:33.082841
,Mostacho Barber 💈,OPERATIONAL,"González Belotto, Asunción 2050, Paraguay",,Oñondivepa,Mburicá,Asunción,Asunción,2050,Paraguay,-25.2481652,-57.55480180000001,0992 335998,+595 992 335998,https://sites.google.com/view/mostachobarber/inicio,https://maps.google.com/?cid=14925543944138679285,"https://www.google.com/maps/dir/?api=1&destination=-25.2481652,-57.55480180000001",beauty_salon|establishment|hair_care|health|point_of_interest|spa,beauty_salon,Beauty & Wellness,4.9,85,,True,Saturday: 9:00 AM – 8:00 PM,Sunday: Closed,10,,,,,,,,,,,,,,,,,,,,,,True,free_builder,False,True,True,False,65,HIGH,2026-04-14T18:50:33.476911
,Barbería Paraguay Asunción(Alphas Barber Shop py),OPERATIONAL,"Prof. Ramón Cardozo, Asunción 001404, Paraguay",,Profesor Ramón Cardozo,Recoleta,Asunción,Asunción,001404,Paraguay,-25.299627,-57.5465611,0991 625203,+595 991 625203,https://bit.ly/2kKUiXr,https://maps.google.com/?cid=9797792045870399754,"https://www.google.com/maps/dir/?api=1&destination=-25.299627,-57.5465611",establishment|hair_care|health|point_of_interest,establishment,Beauty & Wellness,4.8,78,,True,Saturday: 10:00 AM – 5:00 PM,Sunday: Closed,10,,True,,,,,,,,,,,,,,,,,,,,True,active,False,False,True,False,45,MEDIUM,2026-04-14T18:50:33.874094
,CELBENZ,OPERATIONAL,"Cañadon chaqueño, Teniente Bernal 365 casi, Asunción 001517, Paraguay",365 casi,Teniente Bernal,San Jorge,Asunción,Asunción,001517,Paraguay,-25.2549589,-57.5869805,0992 594485,+595 992 594485,https://www.instagram.com/celbenzpy?igsh=dHNtMWFjbGYzZzgw,https://maps.google.com/?cid=3901607908858363759,"https://www.google.com/maps/dir/?api=1&destination=-25.2549589,-57.5869805",establishment|hair_care|health|point_of_interest,establishment,Beauty & Wellness,4.9,84,,True,Saturday: 10:00 AM – 8:00 PM,Sunday: Closed,10,,,,,,,,,,,,,,,,,,,,,,True,social_media_only,True,False,False,False,80,HIGH,2026-04-14T18:50:34.301847
,Barberia Urban Style py,OPERATIONAL,"001517, Av. Gral. José Gervasio Artigas y, Asunción 001517, Paraguay",y,De Matei,Sajonia,Asunción,Asunción,001517,Paraguay,-25.2651484,-57.59606719999999,0981 539166,+595 981 539166,https://www.instagram.com/_urbanstylepy_?igsh=OXNmampqaWhucWtq,https://maps.google.com/?cid=3893813432645583182,"https://www.google.com/maps/dir/?api=1&destination=-25.2651484,-57.59606719999999",establishment|hair_care|health|point_of_interest,establishment,Beauty & Wellness,5.0,13,,True,Saturday: 2:00 PM – 9:00 AM,Sunday: Closed,9,,,,,,,,,,,,,,,,,,,,,,True,social_media_only,True,False,False,False,70,HIGH,2026-04-14T18:50:34.692824
,Mariza Ost Fashion,OPERATIONAL,"PCPF+FH7, Capitan Vicente Suarez, Asunción 001520, Paraguay",,Capitan Vicente Suarez,Centro,Asunción,Asunción,001520,Paraguay,-25.263839,-57.5760788,0994 350050,+595 994 350050,,https://maps.google.com/?cid=14101251822071574939,"https://www.google.com/maps/dir/?api=1&destination=-25.263839,-57.5760788",establishment|hair_care|health|point_of_interest,establishment,Beauty & Wellness,4.8,13,,True,Saturday: 9:00 AM – 8:00 PM,Sunday: Closed,0,,,,,,,,,,,,,,,,,,,,,,False,no_website,False,False,False,False,75,HIGH,2026-04-14T18:50:35.075766
,Que Chevere Barbería,OPERATIONAL,"Coronel Juan Antonio Escurra, &, Asunción 001409, Paraguay",,Eusebio Lillo Robles,Recoleta,Asunción,Asunción,001409,Paraguay,-25.2932167,-57.5518893,0982 246052,+595 982 246052,,https://maps.google.com/?cid=5092406144456661892,"https://www.google.com/maps/dir/?api=1&destination=-25.2932167,-57.5518893",establishment|hair_care|health|point_of_interest,establishment,Beauty & Wellness,4.8,77,,True,Saturday: 10:00 AM – 8:00 PM,Sunday: Open 24 hours,10,,,,,,,,,,,,,,,,,,,,,,False,no_website,False,False,False,False,85,HIGH,2026-04-14T18:50:35.467165
,Barbas Barbershop,OPERATIONAL,"Chóferes Del Chaco 9001 A Asunción, Asunción 9001, Paraguay",,,Pettirossi,Asunción,Asunción,9001,Paraguay,-25.3009262,-57.59370089999999,0972 400517,+595 972 400517,https://www.facebook.com/barbasparaguay/,https://maps.google.com/?cid=2703455272110126353,"https://www.google.com/maps/dir/?api=1&destination=-25.3009262,-57.59370089999999",bar|establishment|hair_care|health|point_of_interest,bar,Food & Beverage,4.7,347,,True,Saturday: 10:00 AM – 8:00 PM,Sunday: Closed,10,,,,,,,,,,,,,,,,,,,,,,True,social_media_only,True,False,False,False,80,HIGH,2026-04-14T18:50:35.871488
,Bacan Barbería & Peluquería,OPERATIONAL,"Quesada 5126 Local 31, Asunción 1411, Paraguay",,,Canógrafa,Asunción,Asunción,1411,Paraguay,-25.2952282,-57.57999219999999,0982 220991,+595 982 220991,https://www.bacanbarberia.com.ar/,https://maps.google.com/?cid=5551498929107018564,"https://www.google.com/maps/dir/?api=1&destination=-25.2952282,-57.57999219999999",establishment|hair_care|health|point_of_interest,establishment,Beauty & Wellness,4.9,69,,True,Saturday: 10:00 AM – 9:00 PM,Sunday: Closed,10,,,,,,,,,,,,,,,,,,,,,,True,active,False,False,True,False,45,MEDIUM,2026-04-14T18:50:36.276494
,Peluquería barbería Silver,OPERATIONAL,"Julio Correa 297, Asunción 001520, Paraguay",297,Julio Correa,Recoleta,Asunción,Asunción,001520,Paraguay,-25.2727716,-57.5657876,0981 704966,+595 981 704966,,https://maps.google.com/?cid=12582804003955724700,"https://www.google.com/maps/dir/?api=1&destination=-25.2727716,-57.5657876",establishment|hair_care|health|point_of_interest,establishment,Beauty & Wellness,4.6,227,,True,Saturday: 8:30 AM – 7:45 PM,Sunday: Closed,10,,True,,,,,,,,,,,,,,,,,,,,False,no_website,False,False,False,False,85,HIGH,2026-04-14T18:50:36.678226
,MONARCA,OPERATIONAL,"C/ Cervantes, Sgto. Toribio Valinotti, Asunción 001534, Paraguay",,Sargento Toribio Valinotti,Sajonia,Asunción,Asunción,001534,Paraguay,-25.2703419,-57.5871441,0984 365305,+595 984 365305,https://monarcabarberiaypeluqueria.my.canva.site/,https://maps.google.com/?cid=2683214603246596958,"https://www.google.com/maps/dir/?api=1&destination=-25.2703419,-57.5871441",establishment|hair_care|health|point_of_interest,establishment,Beauty & Wellness,5.0,59,,True,Saturday: 9:30 AM – 7:30 PM,Sunday: Closed,10,,,,,,,,,,,,,,,,,,,,,,True,active,False,False,True,False,45,MEDIUM,2026-04-14T18:50:37.098075
,Urban Spa Calle 11 - Mburucuya,OPERATIONAL,"Padre José Félix González, Asunción 001531, Paraguay",,Padre José Félix González,Centro,Asunción,Asunción,001531,Paraguay,-25.267154,-57.5760357,0974 968585,+595 974 968585,http://www.calle11.net/,https://maps.google.com/?cid=5883472566624595476,"https://www.google.com/maps/dir/?api=1&destination=-25.267154,-57.5760357",establishment|point_of_interest|spa,establishment,Beauty & Wellness,4.5,439,,True,Saturday: 11:00 AM – 8:30 PM,Sunday: 2:00 – 7:00 PM,10,,False,,,,,,,,,,,,,,,,,,,,True,active,False,False,False,False,60,HIGH,2026-04-14T18:50:40.105610
,Bethel Spa Asuncion,OPERATIONAL,"Av. Santísima Trinidad 1995, Asunción 001520, Paraguay",1995,Avenida Santísima Trinidad,Centro,Asunción,Asunción,001520,Paraguay,-25.2650858,-57.5707506,,,https://www.instagram.com/bethelasuncion/,https://maps.google.com/?cid=7714697824772540596,"https://www.google.com/maps/dir/?api=1&destination=-25.2650858,-57.5707506",establishment|point_of_interest|spa,establishment,Beauty & Wellness,4.3,80,,True,Saturday: 9:00 AM – 7:00 PM,Sunday: Closed,10,,,,,,,,,,,,,,,,,,,,,,True,social_media_only,True,False,False,False,75,HIGH,2026-04-14T18:50:40.524838
,Carolina Zarate Spa,OPERATIONAL,"Mariscal Antonio Jose Sucre, Asunción 001411, Paraguay",,Mariscal Antonio Jose Sucre,Canógrafa,Asunción,Asunción,001411,Paraguay,-25.2905983,-57.5749821,0981 800788,+595 981 800788,https://www.instagram.com/carolinazaratespa/,https://maps.google.com/?cid=5181655666533394573,"https://www.google.com/maps/dir/?api=1&destination=-25.2905983,-57.5749821",establishment|point_of_interest|spa,establishment,Beauty & Wellness,4.8,205,,True,Saturday: 9:00 AM – 8:00 PM,Sunday: Closed,10,,True,,,,,,,,,,,,,,,,,,,,True,social_media_only,True,False,False,False,80,HIGH,2026-04-14T18:50:40.929643
,Spa Masculino A Cáceres - Masajes y Sauna,OPERATIONAL,"Sucre 1783 -25, 2913755 57, Asunción 001408, Paraguay",57,5723939,Canógrafa,Asunción,Asunción,001408,Paraguay,-25.2914042,-57.5723197,0983 481000,+595 983 481000,http://acaceres.com.py/,https://maps.google.com/?cid=18337345122325353814,"https://www.google.com/maps/dir/?api=1&destination=-25.2914042,-57.5723197",beauty_salon|establishment|hair_care|health|point_of_interest|spa,beauty_salon,Beauty & Wellness,4.9,216,,True,Saturday: 10:00 AM – 10:00 PM,Sunday: Closed,10,,False,,,,,,,,,,,,,,,,,,,,True,active,False,False,True,False,45,MEDIUM,2026-04-14T18:50:41.327402
,Teranu,OPERATIONAL,"Guillermo Saraví, Asunción 001414, Paraguay",,Guillermo Saraví,Pettirossi,Asunción,Asunción,001414,Paraguay,-25.3019804,-57.5906093,0971 252626,+595 971 252626,,https://maps.google.com/?cid=11181812117761772115,"https://www.google.com/maps/dir/?api=1&destination=-25.3019804,-57.5906093",establishment|point_of_interest|spa,establishment,Beauty & Wellness,4.8,184,,True,Saturday: 11:00 AM – 8:00 PM,Sunday: Closed,10,,,,,,,,,,,,,,,,,,,,,,False,no_website,False,False,False,False,85,HIGH,2026-04-14T18:50:41.733255
,Urban Spa Calle 11,OPERATIONAL,"Intendentes Militares 857, Asunción 1409, Paraguay",857,Intendentes Militares,Tte. Fariña,Asunción,Asunción,1409,Paraguay,-25.28112,-57.613248,0976 968585,+595 976 968585,http://www.calle11.net/,https://maps.google.com/?cid=12680027499199951137,"https://www.google.com/maps/dir/?api=1&destination=-25.28112,-57.613248",beauty_salon|establishment|health|point_of_interest|spa,beauty_salon,Beauty & Wellness,4.5,303,,True,Saturday: 11:00 AM – 8:30 PM,Sunday: Closed,10,,True,,,,,,,,,,,,,,,,,,,,True,active,False,False,False,False,60,HIGH,2026-04-14T18:50:42.139345
,Mudraa Spa Py,OPERATIONAL,"Carmen Soler 3640 c, Asunción 0000, Paraguay",3640 c,Gaudioso Nuñez,Pettirossi,Asunción,Asunción,0000,Paraguay,-25.2987219,-57.6004613,0971 186989,+595 971 186989,https://www.instagram.com/mudraa.py/,https://maps.google.com/?cid=14647592378158731390,"https://www.google.com/maps/dir/?api=1&destination=-25.2987219,-57.6004613",establishment|point_of_interest|spa,establishment,Beauty & Wellness,4.9,116,,True,Saturday: 11:00 AM – 9:00 PM,Sunday: 2:00 – 8:00 PM,10,,True,,,,,,,,,,,,,,,,,,,,True,social_media_only,True,False,False,False,80,HIGH,2026-04-14T18:50:42.548238
,Natura Spa,OPERATIONAL,"Bélgica 853 entre, Eusebio Lillo Robles y, Asunción 1829, Paraguay",y,Teniente Héctor Vera,Canógrafa,Asunción,Paraguay,1829,Paraguay,-25.290441,-57.5678982,0981 169164,+595 981 169164,http://www.naturaspa.com.py/,https://maps.google.com/?cid=17501226459552291671,"https://www.google.com/maps/dir/?api=1&destination=-25.290441,-57.5678982",establishment|gym|hair_care|health|point_of_interest|spa,establishment,Beauty & Wellness,4.7,152,,True,Saturday: 10:00 AM – 7:00 PM,Sunday: Closed,10,,True,,,,,,,,,,,,,,,,,,,,True,active,False,False,False,False,60,HIGH,2026-04-14T18:50:42.940614
,AMÁN Spa & Body Care,OPERATIONAL,"Bruselas, Asunción 001410, Paraguay",,Capitan Herminio Maldonado,Canógrafa,Asunción,Asunción,001410,Paraguay,-25.2888742,-57.5629643,0982 157000,+595 982 157000,http://www.amanpy.com/,https://maps.google.com/?cid=12516574802686726484,"https://www.google.com/maps/dir/?api=1&destination=-25.2888742,-57.5629643",establishment|point_of_interest|spa,establishment,Beauty & Wellness,4.5,52,,True,Saturday: 8:00 AM – 7:00 PM,Sunday: Closed,10,,True,,,,,,,,,,,,,,,,,,,,True,unreachable,False,False,False,False,70,HIGH,2026-04-14T18:50:43.353584
,Namaste Spa Male,OPERATIONAL,"Dr. Carlos Abdala 1006, Asunción 001528, Paraguay",1006,Doctor Carlos Abdala,Canógrafa,Asunción,Asunción,001528,Paraguay,-25.2763051,-57.5710664,0985 660289,+595 985 660289,,https://maps.google.com/?cid=5311162469668517211,"https://www.google.com/maps/dir/?api=1&destination=-25.2763051,-57.5710664",establishment|health|point_of_interest|spa,establishment,Beauty & Wellness,3.9,29,,True,Saturday: 12:00 – 9:00 PM,Sunday: 3:00 – 8:00 PM,10,,,,,,,,,,,,,,,,,,,,,,False,no_website,False,False,False,False,75,HIGH,2026-04-14T18:50:43.752960
,Borcelle Spa,OPERATIONAL,"JCPX+8XH, Asunción 0012, Paraguay",,,Santa Ana,Asunción,Asunción,0012,Paraguay,-25.2921792,-57.6254541,0981 044443,+595 981 044443,https://instagram.com/borcellespa.py?igshid=MTk0NTkyODZkYg==,https://maps.google.com/?cid=7095285031299920198,"https://www.google.com/maps/dir/?api=1&destination=-25.2921792,-57.6254541",establishment|point_of_interest|spa,establishment,Beauty & Wellness,4.8,44,,True,Saturday: 12:00 – 9:00 PM,Sunday: Closed,10,,,,,,,,,,,,,,,,,,,,,,True,social_media_only,True,False,False,False,75,HIGH,2026-04-14T18:50:44.165003
,Urban Spa Acquadolce,OPERATIONAL,"Tacuary 1334 e/ 1ra. y 2da. Proyectada, Tacuary 1334, Asunción 001103, Paraguay",1334,Tacuary,Santa Ana,Asunción,Asunción,001103,Paraguay,-25.295013,-57.6349107,0961 281515,+595 961 281515,,https://maps.google.com/?cid=8318301802922384466,"https://www.google.com/maps/dir/?api=1&destination=-25.295013,-57.6349107",beauty_salon|establishment|hair_care|health|point_of_interest|spa,beauty_salon,Beauty & Wellness,4.7,309,,True,Saturday: 10:00 AM – 7:00 PM,Sunday: Closed,10,,False,,,,,,,,,,,,,,,,,,,,False,no_website,False,False,False,False,85,HIGH,2026-04-14T18:50:44.580271
,Glow Spa Py,OPERATIONAL,"Domingo Portillo 1542, Asunción 001520, Paraguay",1542,Domingo Portillo,Recoleta,Asunción,Asunción,001520,Paraguay,-25.2717035,-57.56584720000001,0985 900533,+595 985 900533,,https://maps.google.com/?cid=14373906800425541410,"https://www.google.com/maps/dir/?api=1&destination=-25.2717035,-57.56584720000001",establishment|point_of_interest|spa,establishment,Beauty & Wellness,4.8,23,,True,Saturday: 9:00 AM – 7:00 PM,Sunday: Closed,10,,,,,,,,,,,,,,,,,,,,,,False,no_website,False,False,False,False,80,HIGH,2026-04-14T18:50:44.962617
,Spa Eden Molas,OPERATIONAL,"PCGG+WW4, Comandante Pascual Urdapilleta, Asunción 001528, Paraguay",,Comandante Pascual Urdapilleta,Canógrafa,Asunción,Asunción,001528,Paraguay,-25.2727369,-57.5726859,0994 946299,+595 994 946299,,https://maps.google.com/?cid=6719760105545782221,"https://www.google.com/maps/dir/?api=1&destination=-25.2727369,-57.5726859",establishment|point_of_interest|spa,establishment,Beauty & Wellness,5.0,2,,True,Saturday: 12:00 – 10:00 PM,Sunday: Closed,1,,,,,,,,,,,,,,,,,,,,,,False,no_website,False,False,False,False,65,HIGH,2026-04-14T18:50:45.350400
,Amano Spa de manos y pies,OPERATIONAL,"Federación Rusa 1215, Asunción 001527, Paraguay",1215,Federación Rusa,Canógrafa,Asunción,Asunción,001527,Paraguay,-25.2795764,-57.5722101,0981 714783,+595 981 714783,https://www.instagram.com/amanospa.py/,https://maps.google.com/?cid=17344282430176925384,"https://www.google.com/maps/dir/?api=1&destination=-25.2795764,-57.5722101",beauty_salon|establishment|point_of_interest|spa,beauty_salon,Beauty & Wellness,4.7,116,,True,Saturday: 9:00 AM – 7:00 PM,Sunday: Closed,10,,,,,,,,,,,,,,,,,,,,,,True,social_media_only,True,False,False,False,80,HIGH,2026-04-14T18:50:45.753618
,Nutrifit Spa y Belleza Los Laureles,OPERATIONAL,"Teresa Lamas Carísimo 5842 casi, Asunción 001420, Paraguay",5842 casi,Alas Paraguayas,Canógrafa,Asunción,Paraguay,001420,Paraguay,-25.3123674,-57.5792976,0981 100018,+595 981 100018,,https://maps.google.com/?cid=5738684098773109795,"https://www.google.com/maps/dir/?api=1&destination=-25.3123674,-57.5792976",establishment|point_of_interest|spa,establishment,Beauty & Wellness,4.5,77,,True,Saturday: 9:00 AM – 7:00 PM,Sunday: Closed,10,,True,,,,,,,,,,,,,,,,,,,,False,no_website,False,False,False,False,85,HIGH,2026-04-14T18:50:46.147742
,Spa Tiger,OPERATIONAL,"Europa 2186, Asunción 001236, Paraguay",2186,Europa,Tte. Fariña,Asunción,Asunción,001236,Paraguay,-25.3052876,-57.6190718,0994 201066,+595 994 201066,,https://maps.google.com/?cid=16866580197509836626,"https://www.google.com/maps/dir/?api=1&destination=-25.3052876,-57.6190718",establishment|point_of_interest|spa,establishment,Beauty & Wellness,4.2,286,,True,Saturday: 10:00 AM – 8:00 PM,Sunday: 10:00 AM – 7:00 PM,10,,,,,,,,,,,,,,,,,,,,,,False,no_website,False,False,False,False,85,HIGH,2026-04-14T18:50:46.565086
,Rebellion Sauna,OPERATIONAL,"Av. Perú 689 esquina, Asunción 001224, Paraguay",689 esquina,Herrera,Tte. Fariña,Asunción,Asunción,001224,Paraguay,-25.293122,-57.6217276,0973 136666,+595 973 136666,,https://maps.google.com/?cid=10647183876303949885,"https://www.google.com/maps/dir/?api=1&destination=-25.293122,-57.6217276",establishment|health|point_of_interest|spa,establishment,Beauty & Wellness,4.3,93,,True,Saturday: 4:00 PM – 1:00 AM,Sunday: 3:00 – 11:00 PM,10,,False,,,,,,,,,,,,,,,,,,,,False,no_website,False,False,False,False,85,HIGH,2026-04-14T18:50:46.968614
,SPA Metanoia. Barberia Metanoia,OPERATIONAL,"Juan S Bogarin 528, Asunción 001412, Paraguay",528,Juan S Bogarin,Canógrafa,Asunción,Asunción,001412,Paraguay,-25.2964596,-57.5848117,0983 308123,+595 983 308123,https://instagram.com/metanoiaspapy?utm_medium=copy_link,https://maps.google.com/?cid=5065433361006879297,"https://www.google.com/maps/dir/?api=1&destination=-25.2964596,-57.5848117",beauty_salon|establishment|hair_care|health|point_of_interest|spa,beauty_salon,Beauty & Wellness,4.7,47,,True,Saturday: 11:30 AM – 8:30 PM,Sunday: 2:00 – 8:00 PM,10,,True,,,,,,,,,,,,,,,,,,,,True,social_media_only,True,False,False,False,75,HIGH,2026-04-14T18:50:47.378488
,Freya • Nails and Relax by Lore,OPERATIONAL,"PCP7+Q4W, Asunción 001532, Paraguay",,,Sajonia,Asunción,Asunción,001532,Paraguay,-25.2628329,-57.58742789999999,0972 624604,+595 972 624604,https://wa.link/bw3c6g,https://maps.google.com/?cid=12879939889398156458,"https://www.google.com/maps/dir/?api=1&destination=-25.2628329,-57.58742789999999",beauty_salon|establishment|point_of_interest,beauty_salon,Beauty & Wellness,4.9,13,,True,Saturday: 8:00 AM – 10:00 PM,Sunday: Closed,10,,,,,,,,,,,,,,,,,,,,,,True,active,False,False,True,False,35,MEDIUM,2026-04-14T18:50:50.386878
,Nails-spagla,OPERATIONAL,"Dr. Garay 837, Asunción 001520, Paraguay",837,Dr. Garay,Centro,Asunción,Asunción,001520,Paraguay,-25.2636931,-57.5759913,0971 374313,+595 971 374313,,https://maps.google.com/?cid=3024002708710492008,"https://www.google.com/maps/dir/?api=1&destination=-25.2636931,-57.5759913",establishment|point_of_interest|store,establishment,Retail & Shopping,5.0,1,,True,Saturday: 9:00 AM – 9:00 PM,Sunday: Closed,3,,,,True,,,,,,,,,,,,,,,,,,False,no_website,False,False,False,False,65,HIGH,2026-04-14T18:50:50.774512
,The Baby Nails By Claudia,OPERATIONAL,"Eligio Ayala 2184 esquina, Asunción 001225, Paraguay",2184 esquina,22 De Setiembre,Tte. Fariña,Asunción,Asunción,001225,Paraguay,-25.2934848,-57.6135623,0981 826938,+595 981 826938,http://wa.me/+595981826938,https://maps.google.com/?cid=2686425818637993320,"https://www.google.com/maps/dir/?api=1&destination=-25.2934848,-57.6135623",beauty_salon|establishment|hair_care|health|point_of_interest,beauty_salon,Beauty & Wellness,4.9,78,,True,Saturday: 10:00 AM – 8:00 PM,Sunday: 2:00 – 8:00 PM,10,,,,,,,,,,,,,,,,,,,,,,True,social_media_only,True,False,False,False,80,HIGH,2026-04-14T18:50:51.179914
,Lu Almada Nails Mburukuya,OPERATIONAL,"Julio Correa 969, Asunción 1521, Paraguay",969,Julio Correa,Recoleta,Asunción,Asunción,1521,Paraguay,-25.266999,-57.5616826,0981 715140,+595 981 715140,https://www.instagram.com/lualmadanails/?hl=es,https://maps.google.com/?cid=16349296630595679520,"https://www.google.com/maps/dir/?api=1&destination=-25.266999,-57.5616826",establishment|point_of_interest|spa,establishment,Beauty & Wellness,4.5,27,,True,Saturday: 9:00 AM – 8:00 PM,Sunday: Closed,10,,,,,,,,,,,,,,,,,,,,,,True,social_media_only,True,False,False,False,75,HIGH,2026-04-14T18:50:51.590672
,Alteza Nails,OPERATIONAL,"Manuel del Castillo esquina, Asunción 1102, Paraguay",esquina,Cruz Del Chaco,Canógrafa,Asunción,Asunción,1102,Paraguay,-25.2985311,-57.58142319999999,0994 233552,+595 994 233552,https://www.instagram.com/alteza_nails/,https://maps.google.com/?cid=4077826458436011861,"https://www.google.com/maps/dir/?api=1&destination=-25.2985311,-57.58142319999999",establishment|point_of_interest|spa,establishment,Beauty & Wellness,4.7,51,,True,Saturday: 10:00 AM – 7:30 PM,Sunday: Closed,10,,True,,,,,,,,,,,,,,,,,,,,True,social_media_only,True,False,False,False,80,HIGH,2026-04-14T18:50:51.996739
,MILMO NAILS & BEAUTY,OPERATIONAL,"Teniente Primero Guillermo Garcete 1264, Asunción 1518, Paraguay",1264,Teniente Primero Guillermo Garcete,Canógrafa,Asunción,Asunción,1518,Paraguay,-25.2745678,-57.57519600000001,0991 684600,+595 991 684600,https://instagram.com/milmo_nailspy?igshid=YmMyMTA2M2Y=,https://maps.google.com/?cid=1666689690060168001,"https://www.google.com/maps/dir/?api=1&destination=-25.2745678,-57.57519600000001",beauty_salon|establishment|point_of_interest,beauty_salon,Beauty & Wellness,5.0,7,,True,Saturday: 9:30 AM – 8:00 PM,Sunday: Closed,1,,,,,,,,,,,,,,,,,,,,,,True,social_media_only,True,False,False,False,70,HIGH,2026-04-14T18:50:52.405259
,Isa nails Studio py,OPERATIONAL,"Luís Alberto de Herrera, Asunción 001226, Paraguay",,Cnel. José María Aguiar,Tte. Fariña,Asunción,Asunción,001226,Paraguay,-25.2976984,-57.6140008,0982 298145,+595 982 298145,https://instagram.com/isa.nails_py?igshid=OGQ5ZDc2ODk2ZA%3D%3D&utm_source=qr,https://maps.google.com/?cid=4928244545247621616,"https://www.google.com/maps/dir/?api=1&destination=-25.2976984,-57.6140008",beauty_salon|establishment|point_of_interest,beauty_salon,Beauty & Wellness,5.0,23,,True,Saturday: 9:00 AM – 9:00 PM,Sunday: Closed,10,,,,,,,,,,,,,,,,,,,,,,True,social_media_only,True,False,False,False,75,HIGH,2026-04-14T18:50:52.823586
,Perfecta Nails Py,OPERATIONAL,"Julio Correa Casi, Asunción 001526, Paraguay",Casi,Domingo Portillo,Recoleta,Asunción,Asunción,001526,Paraguay,-25.2716709,-57.5650432,0984 679553,+595 984 679553,https://perfecta_nails.py/,https://maps.google.com/?cid=15905302921652806997,"https://www.google.com/maps/dir/?api=1&destination=-25.2716709,-57.5650432",beauty_salon|establishment|point_of_interest,beauty_salon,Beauty & Wellness,5.0,1,,True,Saturday: 9:00 AM – 6:00 PM,Sunday: Closed,1,,,,,,,,,,,,,,,,,,,,,,True,unreachable,False,False,True,False,50,MEDIUM,2026-04-14T18:50:53.219240
,Rossie Beauty Center – Nails Express Sucursal España,OPERATIONAL,"Av. España 2062, Asunción 1204, Paraguay",2062,Avenida España,Pettirossi,Asunción,Asunción,1204,Paraguay,-25.2879245,-57.5999547,0981 673034,+595 981 673034,https://www.facebook.com/nailsexpresspy,https://maps.google.com/?cid=7807232347346230834,"https://www.google.com/maps/dir/?api=1&destination=-25.2879245,-57.5999547",beauty_salon|doctor|establishment|hair_care|health|point_of_interest,beauty_salon,Health & Medical,4.4,26,,True,Saturday: 9:00 AM – 8:00 PM,Sunday: Closed,10,,,,,,,,,,,,,,,,,,,,,,True,social_media_only,True,False,False,False,75,HIGH,2026-04-14T18:50:53.624868
,Letty nails,OPERATIONAL,"Aregua, &, Asunción 001509, Paraguay",,I. Vistosa,Mburicá,Asunción,Asunción,001509,Paraguay,-25.2545441,-57.5602537,,,,https://maps.google.com/?cid=2993288496767504311,"https://www.google.com/maps/dir/?api=1&destination=-25.2545441,-57.5602537",beauty_salon|establishment|point_of_interest,beauty_salon,Beauty & Wellness,5.0,1,,True,Saturday: Closed,Sunday: 8:00 AM – 8:00 PM,0,,,,,,,,,,,,,,,,,,,,,,False,no_website,False,False,False,False,60,HIGH,2026-04-14T18:50:54.014603
,Blumen Nails & Co.,OPERATIONAL,"entre la Avda. España y la calle Fray Luis de Leon, Calle Venezuela 660, Asunción 1416, Paraguay",660,Calle Venezuela,Pettirossi,Asunción,Asunción,1416,Paraguay,-25.2862121,-57.59474229999999,0971 169103,+595 971 169103,https://blumennails.py/,https://maps.google.com/?cid=18167936754208693723,"https://www.google.com/maps/dir/?api=1&destination=-25.2862121,-57.59474229999999",beauty_salon|establishment|point_of_interest,beauty_salon,Beauty & Wellness,5.0,2,,True,Saturday: 8:00 AM – 8:00 PM,Sunday: Closed,5,,,,,,,,,,,,,,,,,,,,,,True,unreachable,False,False,True,False,50,MEDIUM,2026-04-14T18:50:54.392619
,Mara Sanchez Nails,OPERATIONAL,"Virgilio Pezzolani 495 casi, Asunción 001525, Paraguay",495 casi,Julio Correa,Recoleta,Asunción,Asunción,001525,Paraguay,-25.2706254,-57.564779,0992 239950,+595 992 239950,https://www.instagram.com/maranails_studio?igsh=N2FobXkyeGhodzdx&utm_source=qr,https://maps.google.com/?cid=1532742356606600656,"https://www.google.com/maps/dir/?api=1&destination=-25.2706254,-57.564779",beauty_salon|establishment|point_of_interest,beauty_salon,Beauty & Wellness,4.9,19,,True,Saturday: 9:00 AM – 8:00 PM,Sunday: Closed,10,,,,,,,,,,,,,,,,,,,,,,True,social_media_only,True,False,False,False,70,HIGH,2026-04-14T18:50:54.799648
,Liberty Spa Beauty Nails,OPERATIONAL,"Jose L Duarte casi, Asunción 001406, Paraguay",casi,Jose L Duarte,Canógrafa,Asunción,Asunción,001406,Paraguay,-25.296048,-57.5549542,0992 878785,+595 992 878785,https://www.instagram.com/libertynails_beautyspa?igsh=ZHowdW5yNXFvMWRz,https://maps.google.com/?cid=1106828911617401126,"https://www.google.com/maps/dir/?api=1&destination=-25.296048,-57.5549542",beauty_salon|establishment|point_of_interest,beauty_salon,Beauty & Wellness,4.6,37,,True,Saturday: 9:00 AM – 8:00 PM,Sunday: Closed,2,,,,,,,,,,,,,,,,,,,,,,True,social_media_only,True,False,False,False,75,HIGH,2026-04-14T18:50:55.198982
,Rebechu Nails Designer,OPERATIONAL,"Juan de Ayolas, Asunción 110710, Paraguay",,Juan de Ayolas,Lambaré (parte),Asunción,Tetãvore Central,110710,Paraguay,-25.3299209,-57.60623709999999,0991 594455,+595 991 594455,https://www.instagram.com/rebechu.nails.py/,https://maps.google.com/?cid=13510279079126516991,"https://www.google.com/maps/dir/?api=1&destination=-25.3299209,-57.60623709999999",beauty_salon|establishment|point_of_interest,beauty_salon,Beauty & Wellness,5.0,31,,True,Saturday: Open 24 hours,Sunday: Open 24 hours,10,,,,,,,,,,,,,,,,,,,,,,True,social_media_only,True,False,False,False,75,HIGH,2026-04-14T18:50:55.606402
,Centro Médico Corppolive,OPERATIONAL,"Santisimo Sacramento 3069, Asunción 001519, Paraguay",3069,Santisimo Sacramento,Mcal. López,Asunción,Asunción,001519,Paraguay,-25.2553413,-57.5772593,0971 568547,+595 971 568547,,https://maps.google.com/?cid=2379231995811348932,"https://www.google.com/maps/dir/?api=1&destination=-25.2553413,-57.5772593",establishment|health|hospital|point_of_interest,establishment,Health & Medical,5.0,259,,True,Saturday: 9:00 AM – 12:00 PM,Sunday: Closed,10,,True,,,,,,,,,,,,,,,,,,,,False,no_website,False,False,False,False,85,HIGH,2026-04-14T18:50:58.596252
,Biolaser Medicina Estética,OPERATIONAL,"San Rafael 698 esquina, Ntra. Sra. del Carmen 698, Asunción 001529, Paraguay",698,San Rafael,Canógrafa,Asunción,Asunción,001529,Paraguay,-25.2816625,-57.5743704,0983 118888,+595 983 118888,http://www.biolaser.com.py/,https://maps.google.com/?cid=14739968202752646631,"https://www.google.com/maps/dir/?api=1&destination=-25.2816625,-57.5743704",establishment|health|point_of_interest|store,establishment,Retail & Shopping,4.9,88,,True,Saturday: 8:00 AM – 12:00 PM,Sunday: Closed,10,,,,,,,,,,,,,,,,,,,,,,True,active,False,False,False,False,60,HIGH,2026-04-14T18:50:58.992336
,Centro Legrand - Medicina Estética,OPERATIONAL,"Molas Lopez 1232, Asunción 001520, Paraguay",1232,Molas Lopez,Canógrafa,Asunción,Asunción,001520,Paraguay,-25.2704166,-57.57215069999999,0985 135222,+595 985 135222,,https://maps.google.com/?cid=18425977003918256183,"https://www.google.com/maps/dir/?api=1&destination=-25.2704166,-57.57215069999999",establishment|health|point_of_interest,establishment,Other,3.7,7,,True,Saturday: 8:00 AM – 1:30 PM,Sunday: Closed,6,,True,,,,,,,,,,,,,,,,,,,,False,no_website,False,False,False,False,70,HIGH,2026-04-14T18:50:59.399093
,YVON STUDIO,OPERATIONAL,"PCMH+6JC, Asunción 001520, Paraguay",,,Centro,Asunción,Asunción,001520,Paraguay,-25.2668623,-57.57072999999999,,,,https://maps.google.com/?cid=17605298543491285614,"https://www.google.com/maps/dir/?api=1&destination=-25.2668623,-57.57072999999999",beauty_salon|establishment|point_of_interest,beauty_salon,Beauty & Wellness,5.0,12,,True,Saturday: 9:00 AM – 9:00 PM,Sunday: Closed,0,,,,,,,,,,,,,,,,,,,,,,False,no_website,False,False,False,False,70,HIGH,2026-04-14T18:50:59.795120
,RENUVA - Clínica estética y laser,OPERATIONAL,"Eusebio Lillo Robles 1498 esq, Asunción 001411, Paraguay",1498 esq,Eusebio Lillo Robles,Canógrafa,Asunción,Asunción,001411,Paraguay,-25.2893184,-57.57473409999999,0981 521527,+595 981 521527,,https://maps.google.com/?cid=11547781399002133935,"https://www.google.com/maps/dir/?api=1&destination=-25.2893184,-57.57473409999999",establishment|health|point_of_interest,establishment,Other,4.8,248,,True,Saturday: 8:00 AM – 6:00 PM,Sunday: Closed,10,,True,,,,,,,,,,,,,,,,,,,,False,no_website,False,False,False,False,85,HIGH,2026-04-14T18:51:00.207457
,Vida Estética,OPERATIONAL,"Av. Venezuela 573, Asunción 001207, Paraguay",573,Avenida Venezuela,Pettirossi,Asunción,Asunción,001207,Paraguay,-25.2865581,-57.5954284,0972 704040,+595 972 704040,http://www.vidaestetica.com.py/,https://maps.google.com/?cid=13375724189328613494,"https://www.google.com/maps/dir/?api=1&destination=-25.2865581,-57.5954284",establishment|health|point_of_interest|spa,establishment,Beauty & Wellness,3.8,36,,True,Saturday: 8:00 AM – 7:00 PM,Sunday: Closed,10,,True,,,,,,,,,,,,,,,,,,,,True,active,False,False,True,False,35,MEDIUM,2026-04-14T18:51:00.619088
,Amaran Estética,OPERATIONAL,"Cuartel de la Rivera 4926, Asunción 001414, Paraguay",4926,Cuartel de la Rivera,Canógrafa,Asunción,Asunción,001414,Paraguay,-25.3031681,-57.5872896,0992 330183,+595 992 330183,,https://maps.google.com/?cid=3054484626200256296,"https://www.google.com/maps/dir/?api=1&destination=-25.3031681,-57.5872896",beauty_salon|establishment|point_of_interest|spa,beauty_salon,Beauty & Wellness,4.8,66,,True,Saturday: 8:00 AM – 12:00 PM,Sunday: Closed,4,,True,,,,,,,,,,,,,,,,,,,,False,no_website,False,False,False,False,85,HIGH,2026-04-14T18:51:01.020838
,PIBA estetica y depilación,OPERATIONAL,"PC3C+XQP, Av. Mariscal López, Asunción 1814, Paraguay",,Avenida Mariscal López,Canógrafa,Asunción,Asunción,1814,Paraguay,-25.2951899,-57.5785654,0994 242249,+595 994 242249,https://www.instagram.com/piba.estetica/,https://maps.google.com/?cid=16318985808696029694,"https://www.google.com/maps/dir/?api=1&destination=-25.2951899,-57.5785654",beauty_salon|establishment|hair_care|health|point_of_interest,beauty_salon,Beauty & Wellness,4.9,327,,True,Saturday: 8:00 AM – 8:00 PM,Sunday: Closed,10,,True,,,,,,,,,,,,,,,,,,,,True,social_media_only,True,False,False,False,80,HIGH,2026-04-14T18:51:01.431219
,Margarita Rojas Estetica,OPERATIONAL,"Dr. Hipólito Carrón 1468 casi, Asunción 001520, Paraguay",1468 casi,ingeniero Fernandez,Recoleta,Asunción,Asunción,001520,Paraguay,-25.2727267,-57.5672016,0981 732945,+595 981 732945,,https://maps.google.com/?cid=16963483241162108814,"https://www.google.com/maps/dir/?api=1&destination=-25.2727267,-57.5672016",beauty_salon|establishment|point_of_interest,beauty_salon,Beauty & Wellness,5.0,6,,True,Saturday: 1:00 – 6:30 PM,Sunday: Closed,1,,,,,,,,,,,,,,,,,,,,,,False,no_website,False,False,False,False,75,HIGH,2026-04-14T18:51:01.841172
,Skin Solutions,OPERATIONAL,"Dr. Teodoro Rojas 635 Casi, Asunción 1147, Paraguay",635 Casi,Coronel Manuel José Montiel,Mcal. López,Asunción,Asunción,1147,Paraguay,-25.2546788,-57.58021739999999,0985 460765,+595 985 460765,,https://maps.google.com/?cid=16756176333419620342,"https://www.google.com/maps/dir/?api=1&destination=-25.2546788,-57.58021739999999",beauty_salon|establishment|point_of_interest|spa,beauty_salon,Beauty & Wellness,4.8,16,,True,Saturday: 9:00 AM – 3:00 PM,Sunday: Closed,4,,,,,,,,,,,,,,,,,,,,,,False,no_website,False,False,False,False,75,HIGH,2026-04-14T18:51:02.262408
,BONICA - Women's Club,OPERATIONAL,"Teniente Héctor Vera esq, Asunción 1816, Paraguay",esq,Senador Huey Pierce Long,Canógrafa,Asunción,Asunción,1816,Paraguay,-25.2863258,-57.5765019,0982 669939,+595 982 669939,,https://maps.google.com/?cid=6199240754809078488,"https://www.google.com/maps/dir/?api=1&destination=-25.2863258,-57.5765019",beauty_salon|establishment|point_of_interest|spa,beauty_salon,Beauty & Wellness,4.8,66,,True,Saturday: 8:30 AM – 8:30 PM,Sunday: Closed,10,,,,,,,,,,,,,,,,,,,,,,False,no_website,False,False,False,False,85,HIGH,2026-04-14T18:51:02.660749
,Calma tu alma estética integral central,OPERATIONAL,"Av. España 2031 casi, Asunción 2060, Paraguay",2031 casi,Avenida España,Pettirossi,Asunción,Asunción,2060,Paraguay,-25.2879066,-57.601607,0983 444427,+595 983 444427,http://www.facebook.com/calmatualmaspa,https://maps.google.com/?cid=6573544271868814481,"https://www.google.com/maps/dir/?api=1&destination=-25.2879066,-57.601607",establishment|point_of_interest|spa,establishment,Beauty & Wellness,4.6,159,,True,Saturday: 10:00 AM – 8:30 PM,Sunday: Closed,10,,True,,,,,,,,,,,,,,,,,,,,True,social_media_only,True,False,False,False,80,HIGH,2026-04-14T18:51:03.084507
,ADRI ROLON STUDIO,OPERATIONAL,"Doctor Luís Enrique Migone, Asunción 001529, Paraguay",,Avenida General José de San Martín,Canógrafa,Asunción,Asunción,001529,Paraguay,-25.2830348,-57.57053089999999,0983 139599,+595 983 139599,http://linktr.ee/adrirolonpmu,https://maps.google.com/?cid=9556510628816300432,"https://www.google.com/maps/dir/?api=1&destination=-25.2830348,-57.57053089999999",beauty_salon|establishment|point_of_interest,beauty_salon,Beauty & Wellness,4.8,99,,True,Saturday: 9:00 AM – 6:00 PM,Sunday: Closed,10,,True,,,,,,,,,,,,,,,,,,,,True,social_media_only,True,False,False,False,80,HIGH,2026-04-14T18:51:03.476775
,Lumina Clínica Estética,OPERATIONAL,"América 200, Asunción 001207, Paraguay",200,América,Pettirossi,Asunción,Asunción,001207,Paraguay,-25.290895,-57.5975629,0985 625008,+595 985 625008,,https://maps.google.com/?cid=2774199372767839226,"https://www.google.com/maps/dir/?api=1&destination=-25.290895,-57.5975629",beauty_salon|establishment|point_of_interest,beauty_salon,Beauty & Wellness,4.7,18,,True,Saturday: 8:00 AM – 8:00 PM,Sunday: Closed,3,,,,,,,,,,,,,,,,,,,,,,False,no_website,False,False,False,False,75,HIGH,2026-04-14T18:51:03.872791
,Dra. Diana Grossling,OPERATIONAL,"Eusebio Lillo Robles 1750, Asunción 1750, Paraguay",1750,Eusebio Lillo Robles,Canógrafa,Asunción,Asunción,1750,Paraguay,-25.2903428,-57.5721832,0982 160036,+595 982 160036,,https://maps.google.com/?cid=13262641414008728968,"https://www.google.com/maps/dir/?api=1&destination=-25.2903428,-57.5721832",beauty_salon|establishment|point_of_interest|spa,beauty_salon,Beauty & Wellness,4.8,34,,,,,10,,True,,,,,,,,,,,,,,,,,,,,False,no_website,False,False,False,False,80,HIGH,2026-04-14T18:51:06.905956
,La casa Depelle,OPERATIONAL,"Gonzalo Bulnes 677, Asunción 001411, Paraguay",677,Gonzalo Bulnes,Canógrafa,Asunción,Asunción,001411,Paraguay,-25.28839,-57.5792502,0984 731000,+595 984 731000,https://depelle.com.py/,https://maps.google.com/?cid=12177531708705794449,"https://www.google.com/maps/dir/?api=1&destination=-25.28839,-57.5792502",beauty_salon|establishment|health|point_of_interest|spa,beauty_salon,Beauty & Wellness,5.0,46,,True,Saturday: 8:00 AM – 7:00 PM,Sunday: Closed,10,,,,,,,,,,,,,,,,,,,,,,True,active,False,False,True,False,40,MEDIUM,2026-04-14T18:51:07.354184
,Sempre Bela Fisio Estética,OPERATIONAL,"Asunción 001522, Paraguay",,,Manorá,Asunción,Asunción,001522,Paraguay,-25.2611875,-57.55643749999999,0986 663434,+595 986 663434,,https://maps.google.com/?cid=2423845964427969905,"https://www.google.com/maps/dir/?api=1&destination=-25.2611875,-57.55643749999999",establishment|point_of_interest|spa,establishment,Beauty & Wellness,4.9,116,,True,Saturday: 9:00 AM – 5:00 PM,Sunday: Closed,10,,True,,,,,,,,,,,,,,,,,,,,False,no_website,False,False,False,False,85,HIGH,2026-04-14T18:51:07.750672
,Depyless Depilación Médica Láser Centro Oficial de Soprano Titanium,OPERATIONAL,"Eusebio Lillo Robles 1109 Esquina, Asunción 1813, Paraguay",1109 Esquina,Eusebio Lillo Robles,Canógrafa,Asunción,Asunción,1813,Paraguay,-25.2874744,-57.5786402,0981 252511,+595 981 252511,http://www.depyless.com/,https://maps.google.com/?cid=8685814079456358732,"https://www.google.com/maps/dir/?api=1&destination=-25.2874744,-57.5786402",beauty_salon|establishment|hair_care|health|point_of_interest,beauty_salon,Beauty & Wellness,5.0,987,,True,Saturday: 7:00 AM – 7:00 PM,Sunday: Closed,10,,True,,,,,,,,,,,,,,,,,,,,True,active,False,False,False,False,60,HIGH,2026-04-14T18:51:08.171359
,DAB Estética Integral,OPERATIONAL,"Teniente Ramón Zabala 343 casi Capitán Elias Ayala, Asunción 001526, Paraguay",,,Recoleta,Asunción,Paraguay,001526,Paraguay,-25.277858,-57.5584356,0981 531909,+595 981 531909,https://www.facebook.com/dabestetica/,https://maps.google.com/?cid=5826972964451020804,"https://www.google.com/maps/dir/?api=1&destination=-25.277858,-57.5584356",beauty_salon|establishment|hair_care|point_of_interest|spa,beauty_salon,Beauty & Wellness,4.9,26,,True,Saturday: 1:00 – 7:00 PM,Sunday: Closed,10,,False,,,,,,,,,,,,,,,,,,,,True,social_media_only,True,False,False,False,75,HIGH,2026-04-14T18:51:08.560465
,CORPOX - Estética Profesional,OPERATIONAL,"Juan Manuel Frutos Pane 127, Asunción 001209, Paraguay",127,Juan Manuel Frutos Pane,Tte. Fariña,Asunción,Asunción,001209,Paraguay,-25.2913024,-57.61445689999999,,,,https://maps.google.com/?cid=6355471577826201200,"https://www.google.com/maps/dir/?api=1&destination=-25.2913024,-57.61445689999999",beauty_salon|establishment|point_of_interest,beauty_salon,Beauty & Wellness,4.8,68,,True,Saturday: 9:00 AM – 2:00 PM,Sunday: Closed,10,,True,,,,,,,,,,,,,,,,,,,,False,no_website,False,False,False,False,80,HIGH,2026-04-14T18:51:08.946860
,La Siluet,OPERATIONAL,"Sta. Rosa 944 casi, Asunción 001535, Paraguay",944 casi,Sargento José León Gauto,Sajonia,Asunción,Asunción,001535,Paraguay,-25.2825057,-57.5902142,0991 346833,+595 991 346833,,https://maps.google.com/?cid=6346369332669098309,"https://www.google.com/maps/dir/?api=1&destination=-25.2825057,-57.5902142",establishment|point_of_interest,establishment,Other,5.0,27,,True,Saturday: 10:00 AM – 5:00 PM,Sunday: Closed,10,,,,,,,,,,,,,,,,,,,,,,False,no_website,False,False,False,False,80,HIGH,2026-04-14T18:51:09.339796
,Prima Piel Estética,OPERATIONAL,"Ayala Velazquez 591, Asunción 001208, Paraguay",591,Ayala Velazquez,Pettirossi,Asunción,Asunción,001208,Paraguay,-25.2868181,-57.60662199999999,0991 700350,+595 991 700350,,https://maps.google.com/?cid=16300274574611523239,"https://www.google.com/maps/dir/?api=1&destination=-25.2868181,-57.60662199999999",beauty_salon|establishment|point_of_interest|spa,beauty_salon,Beauty & Wellness,4.5,38,,True,Saturday: 9:00 AM – 3:00 PM,Sunday: Closed,5,,,,,,,,,,,,,,,,,,,,,,False,no_website,False,False,False,False,80,HIGH,2026-04-14T18:51:09.761702
,Dermo Beauty · Villa Morra,OPERATIONAL,"Doctor Francisco Morra Nº 717 casi Eusebio Lillo Robles, Dr. Francisco Morra 717, Asunción 001411, Paraguay",717,Doctor Francisco Morra,Canógrafa,Asunción,Asunción,001411,Paraguay,-25.288256,-57.5759961,0981 673700,+595 981 673700,http://www.dermobeauty.com.py/,https://maps.google.com/?cid=10240297018326923489,"https://www.google.com/maps/dir/?api=1&destination=-25.288256,-57.5759961",beauty_salon|establishment|point_of_interest|spa,beauty_salon,Beauty & Wellness,4.6,206,,True,Saturday: 9:00 AM – 9:00 PM,Sunday: Closed,6,,True,,,,,,,,,,,,,,,,,,,,True,active,False,False,False,False,60,HIGH,2026-04-14T18:51:10.149914
,Q nails club spa de manos y pies,OPERATIONAL,"Antonio José de Sucre 1859, entre motta y, Asunción 001408, Paraguay",y,Jose Ocampos Lanzoni,Canógrafa,Asunción,Asunción,001408,Paraguay,-25.2917732,-57.5715359,0972 999688,+595 972 999688,,https://maps.google.com/?cid=9798598968535379669,"https://www.google.com/maps/dir/?api=1&destination=-25.2917732,-57.5715359",beauty_salon|establishment|hair_care|point_of_interest,beauty_salon,Beauty & Wellness,4.4,87,,True,Saturday: 9:00 AM – 7:00 PM,Sunday: Closed,10,,False,,,,,,,,,,,,,,,,,,,,False,no_website,False,False,False,False,85,HIGH,2026-04-14T18:51:13.108218
,Po Renda Spa de Manos y Pies,OPERATIONAL,"Mayor José Lamas Carísimo 716, Asunción 001417, Paraguay",716,Victor Heyn,Canógrafa,Asunción,Asunción,001417,Paraguay,-25.3088972,-57.5632996,0983 041081,+595 983 041081,,https://maps.google.com/?cid=17311172182327489885,"https://www.google.com/maps/dir/?api=1&destination=-25.3088972,-57.5632996",beauty_salon|establishment|hair_care|health|point_of_interest|store,beauty_salon,Beauty & Wellness,4.7,88,,True,Saturday: 9:00 AM – 7:00 PM,Sunday: Closed,10,,,,,,,,,,,,,,,,,,,,,,False,no_website,False,False,False,False,85,HIGH,2026-04-14T18:51:16.144054
,Manos Lindas Spa,OPERATIONAL,"Pascual Ramon Casco, Asunción 001508, Paraguay",,Pascual Ramon Casco,Pyrá,Asunción,Asunción,001508,Paraguay,-25.2464554,-57.536319,0991 648111,+595 991 648111,https://instagram.com/manoslindasspa?igshid=YmMyMTA2M2Y=,https://maps.google.com/?cid=6069813925446609019,"https://www.google.com/maps/dir/?api=1&destination=-25.2464554,-57.536319",beauty_salon|establishment|point_of_interest,beauty_salon,Beauty & Wellness,4.7,55,,True,Saturday: 9:00 AM – 8:00 PM,Sunday: Closed,10,,,,,,,,,,,,,,,,,,,,,,True,social_media_only,True,False,False,False,80,HIGH,2026-04-14T18:51:16.558673
,Belleza en Uñas - Magali Ocampo,OPERATIONAL,"Sta. Rosa casi, Asunción 001535, Paraguay",casi,Doctor Luís Enrique Migone,Sajonia,Asunción,Asunción,001535,Paraguay,-25.2786787,-57.5892994,0984 539599,+595 984 539599,,https://maps.google.com/?cid=12920175141295925001,"https://www.google.com/maps/dir/?api=1&destination=-25.2786787,-57.5892994",beauty_salon|establishment|point_of_interest,beauty_salon,Beauty & Wellness,5.0,13,,True,Saturday: 8:30 AM – 2:00 PM,Sunday: Closed,10,,,,,,,,,,,,,,,,,,,,,,False,no_website,False,False,False,False,75,HIGH,2026-04-14T18:51:16.962583
,J.S_NAILS PY STUDIO PY,OPERATIONAL,"Tte. Salustiano Medardo Moreno, Asunción 001517, Paraguay",,Tte. Salustiano Medardo Moreno,San Jorge,Asunción,Asunción,001517,Paraguay,-25.2545989,-57.58997549999999,0972 852105,+595 972 852105,,https://maps.google.com/?cid=8977754153829894161,"https://www.google.com/maps/dir/?api=1&destination=-25.2545989,-57.58997549999999",beauty_salon|establishment|point_of_interest,beauty_salon,Beauty & Wellness,5.0,4,,True,Saturday: 8:00 AM – 9:00 PM,Sunday: Closed,0,,,,,,,,,,,,,,,,,,,,,,False,no_website,False,False,False,False,65,HIGH,2026-04-14T18:51:17.341652
,Valuna Nails Bar Asunción,OPERATIONAL,"Gumersindo Sosa 495, Asunción 001407, Paraguay",495,Gumersindo Sosa,Canógrafa,Asunción,Asunción,001407,Paraguay,-25.2962793,-57.5656907,0974 509999,+595 974 509999,,https://maps.google.com/?cid=17726889889328155592,"https://www.google.com/maps/dir/?api=1&destination=-25.2962793,-57.5656907",beauty_salon|establishment|point_of_interest,beauty_salon,Beauty & Wellness,4.2,42,,True,Saturday: 9:00 AM – 5:30 AM,Sunday: Closed,10,,,,,,,,,,,,,,,,,,,,,,False,no_website,False,False,False,False,80,HIGH,2026-04-14T18:51:17.750052
,Dino Homme Spa,OPERATIONAL,"Capitán Nudelman 190, Asunción 001416, Paraguay",190,Capitán Nudelman,Canógrafa,Asunción,Asunción,001416,Paraguay,-25.2970738,-57.57435539999999,(021) 610 204,+595 21 610 204,http://www.dino.com.py/,https://maps.google.com/?cid=4299791136215285087,"https://www.google.com/maps/dir/?api=1&destination=-25.2970738,-57.57435539999999",beauty_salon|establishment|hair_care|health|point_of_interest|spa,beauty_salon,Beauty & Wellness,4.7,250,,True,Saturday: 9:00 AM – 8:00 PM,Sunday: Closed,10,,True,,,,,,,,,,,,,,,,,,,,True,active,False,False,False,False,60,HIGH,2026-04-14T18:51:18.141741
,Larra BarberShop,OPERATIONAL,"PCH7+RXJ, Presbitero Felipe Santiago León, Asunción 001534, Paraguay",,Presbitero Felipe Santiago León,Sajonia,Asunción,Asunción,001534,Paraguay,-25.2704023,-57.58511739999999,0991 982341,+595 991 982341,https://www.facebook.com/titolarraok,https://maps.google.com/?cid=7847493349846275073,"https://www.google.com/maps/dir/?api=1&destination=-25.2704023,-57.58511739999999",establishment|hair_care|health|point_of_interest,establishment,Beauty & Wellness,4.2,15,,True,Saturday: 10:00 AM – 8:00 PM,Sunday: Closed,10,,True,,,,,,,,,,,,,,,,,,,,True,social_media_only,True,False,False,False,70,HIGH,2026-04-14T18:51:21.121423
,Portas barber shop,OPERATIONAL,"Av. Santa Teresa, Fernando de la Mora 110301, Paraguay",,Coronel Francisco Martinez,Recoleta,Fernando de la Mora,Tetãvore Central,110301,Paraguay,-25.298647,-57.5449081,0994 215627,+595 994 215627,,https://maps.google.com/?cid=754450865763414836,"https://www.google.com/maps/dir/?api=1&destination=-25.298647,-57.5449081",establishment|hair_care|health|point_of_interest,establishment,Beauty & Wellness,4.9,162,,True,Saturday: 9:00 AM – 8:30 PM,Sunday: Closed,10,,True,,,,,,,,,,,,,,,,,,,,False,no_website,False,False,False,False,85,HIGH,2026-04-14T18:51:21.535453
,Barber Shop Py,OPERATIONAL,"Cardenal Roig 1037, Asunción 1820, Paraguay",1037,Cardenal Roig,Canógrafa,Asunción,Asunción,1820,Paraguay,-25.2920428,-57.56269349999999,0991 721473,+595 991 721473,,https://maps.google.com/?cid=13389230592882671175,"https://www.google.com/maps/dir/?api=1&destination=-25.2920428,-57.56269349999999",establishment|hair_care|health|point_of_interest,establishment,Beauty & Wellness,5.0,65,,True,Saturday: 8:00 AM – 2:00 PM,Sunday: Closed,10,,,,,,,,,,,,,,,,,,,,,,False,no_website,False,False,False,False,85,HIGH,2026-04-14T18:51:21.940248
,Club Varsovia,OPERATIONAL,"Sgto. José León Gauto, Asunción 001207, Paraguay",,Sargento José León Gauto,Pettirossi,Asunción,Asunción,001207,Paraguay,-25.2816806,-57.59973710000001,0981 333303,+595 981 333303,https://www.clubvarsovia.com/,https://maps.google.com/?cid=12731282498468067231,"https://www.google.com/maps/dir/?api=1&destination=-25.2816806,-57.59973710000001",establishment|hair_care|health|point_of_interest,establishment,Beauty & Wellness,4.8,246,,True,Saturday: 9:00 AM – 7:00 PM,Sunday: Closed,10,,True,,,,,,,,,,,,,,,,,,,,True,active,False,False,True,False,45,MEDIUM,2026-04-14T18:51:22.341903
,Pacheco Barber Shop,OPERATIONAL,"Av. Gral. José Gervasio Artigas, Asunción 001518, Paraguay",,Avenida General José Gervasio Artigas,Mcal. López,Asunción,Asunción,001518,Paraguay,-25.25264,-57.57938970000001,0972 346481,+595 972 346481,,https://maps.google.com/?cid=11105636412355585887,"https://www.google.com/maps/dir/?api=1&destination=-25.25264,-57.57938970000001",establishment|hair_care|point_of_interest,establishment,Beauty & Wellness,5.0,3,,True,Saturday: 8:30 AM – 8:30 PM,Sunday: Closed,2,,,,,,,,,,,,,,,,,,,,,,False,no_website,False,False,False,False,65,HIGH,2026-04-14T18:51:22.733445
,Rastas,OPERATIONAL,"PCPM+72P, Asunción 001521, Paraguay",,,Recoleta,Asunción,Asunción,001521,Paraguay,-25.264291,-57.56704999999999,0994 144007,+595 994 144007,,https://maps.google.com/?cid=14625368306935261117,"https://www.google.com/maps/dir/?api=1&destination=-25.264291,-57.56704999999999",establishment|hair_care|health|point_of_interest,establishment,Beauty & Wellness,5.0,2,,True,Saturday: 8:00 AM – 8:00 PM,Sunday: Closed,10,,,,,,,,,,,,,,,,,,,,,,False,no_website,False,False,False,False,65,HIGH,2026-04-14T18:51:23.121446
,Perla Hair Salon,OPERATIONAL,"Sgto. José León Gauto 555, Asunción 001206, Paraguay",555,Sargento José León Gauto,Pettirossi,Asunción,Asunción,001206,Paraguay,-25.2819399,-57.5967585,0985 951672,+595 985 951672,https://www.facebook.com/perlahairsalon/,https://maps.google.com/?cid=5167467999408050161,"https://www.google.com/maps/dir/?api=1&destination=-25.2819399,-57.5967585",establishment|hair_care|point_of_interest,establishment,Beauty & Wellness,4.8,85,,True,Saturday: 9:00 AM – 8:00 PM,Sunday: Closed,10,,,,,,,,,,,,,,,,,,,,,,True,social_media_only,True,False,False,False,80,HIGH,2026-04-14T18:51:26.174648
,Divadivini Hair Salón,OPERATIONAL,"Juan S Bogarin 4860, Asunción 001412, Paraguay",4860,Juan S Bogarin,Canógrafa,Asunción,Asunción,001412,Paraguay,-25.2977116,-57.58515639999999,0985 731137,+595 985 731137,,https://maps.google.com/?cid=15303841984099705376,"https://www.google.com/maps/dir/?api=1&destination=-25.2977116,-57.58515639999999",establishment|hair_care|point_of_interest,establishment,Beauty & Wellness,4.8,47,,True,Saturday: 8:30 AM – 8:30 PM,Sunday: Closed,10,,True,,,,,,,,,,,,,,,,,,,,False,no_website,False,False,False,False,80,HIGH,2026-04-14T18:51:26.581325
,Hair Room,OPERATIONAL,"PCCJ+F2H, Av. Gral. José de San Martín, Asunción 001527, Paraguay",,Narciso R. Colmán,Canógrafa,Asunción,Asunción,001527,Paraguay,-25.2788233,-57.56990099999999,(021) 660 932,+595 21 660 932,,https://maps.google.com/?cid=16134155057419876132,"https://www.google.com/maps/dir/?api=1&destination=-25.2788233,-57.56990099999999",beauty_salon|establishment|point_of_interest,beauty_salon,Beauty & Wellness,4.9,10,,True,Saturday: 9:00 AM – 8:00 PM,Sunday: Closed,5,,,,,,,,,,,,,,,,,,,,,,False,no_website,False,False,False,False,75,HIGH,2026-04-14T18:51:26.969864
,GLANZ The Beauty Factory,OPERATIONAL,"Av. Dr. Felipe Molas López 1258, Asunción 001520, Paraguay",1258,Avenida Doctor Felipe Molas López,Canógrafa,Asunción,Asunción,001520,Paraguay,-25.2699999,-57.5719611,0981 256866,+595 981 256866,,https://maps.google.com/?cid=11671873874060273052,"https://www.google.com/maps/dir/?api=1&destination=-25.2699999,-57.5719611",establishment|hair_care|point_of_interest,establishment,Beauty & Wellness,5.0,5,,True,Saturday: 9:00 AM – 8:00 PM,Sunday: Closed,10,,,,,,,,,,,,,,,,,,,,,,False,no_website,False,False,False,False,75,HIGH,2026-04-14T18:51:27.358222
,Sinaí Dermo Radiance,OPERATIONAL,"Av. Brasilia 1015, Asunción 1015, Paraguay",1015,Avenida Brasilia,Pettirossi,Asunción,Asunción,1015,Paraguay,-25.2793693,-57.60042569999999,0974 455435,+595 974 455435,https://linktr.ee/sinaidermoradiance,https://maps.google.com/?cid=10167986908046757302,"https://www.google.com/maps/dir/?api=1&destination=-25.2793693,-57.60042569999999",beauty_salon|doctor|establishment|hair_care|health|point_of_interest|spa|store,beauty_salon,Health & Medical,5.0,42,,True,Saturday: 9:00 AM – 7:00 PM,Sunday: Closed,10,,True,,,,,,,,,,,,,,,,,,,,True,social_media_only,True,False,False,False,75,HIGH,2026-04-14T18:51:27.769157
,Sally Coiffure,OPERATIONAL,"Federación Rusa, Asunción 001527, Paraguay",,Federación Rusa,Canógrafa,Asunción,Asunción,001527,Paraguay,-25.2803148,-57.56889999999999,0983 173082,+595 983 173082,https://sallycoiffure.com.py/,https://maps.google.com/?cid=6778817639819739089,"https://www.google.com/maps/dir/?api=1&destination=-25.2803148,-57.56889999999999",beauty_salon|establishment|hair_care|health|point_of_interest,beauty_salon,Beauty & Wellness,4.6,133,,True,Saturday: 8:30 AM – 8:00 PM,Sunday: 1:00 – 6:30 PM,5,,,,,,,,,,,,,,,,,,,,,,True,unreachable,False,False,True,False,70,HIGH,2026-04-14T18:51:28.162829
,Esteban Tatto & Body Piercing,OPERATIONAL,"Belgica 866 e/ Lillo y Teniente Ver, Asunción 001409, Paraguay",,,Canógrafa,Asunción,Asunción,001409,Paraguay,-25.2904401,-57.567501,0981 556506,+595 981 556506,http://www.estebantattoo.com/,https://maps.google.com/?cid=4764832650946329826,"https://www.google.com/maps/dir/?api=1&destination=-25.2904401,-57.567501",establishment|point_of_interest,establishment,Other,4.7,620,,True,Saturday: 10:30 AM – 5:00 PM,Sunday: Closed,10,,,,True,,True,,,,,,,,,,,,,,,,True,active,False,False,False,False,60,HIGH,2026-04-14T18:51:31.195098
,Ever Penayo Tattoo Studio,OPERATIONAL,"Senador Huey Pierce Long 464, Asunción 001411, Paraguay",464,Senador Huey Pierce Long,Canógrafa,Asunción,Asunción,001411,Paraguay,-25.2913015,-57.5778619,0982 285552,+595 982 285552,https://instagram.com/everpenayotattoos?igshid=YmMyMTA2M2Y=,https://maps.google.com/?cid=5399212496325785564,"https://www.google.com/maps/dir/?api=1&destination=-25.2913015,-57.5778619",establishment|point_of_interest|store,establishment,Retail & Shopping,4.9,127,,True,Saturday: 11:00 AM – 8:00 PM,Sunday: Closed,10,,,,False,,,,,,,,,,,,,,,,,,True,social_media_only,True,False,False,False,80,HIGH,2026-04-14T18:51:31.610507
,Teju Jagua Tatuajes,OPERATIONAL,"O'Leary casi, Asunción 001012, Paraguay",casi,Palma,Santa Ana,Asunción,Paraguay,001012,Paraguay,-25.2797926,-57.63828349999999,0985 857700,+595 985 857700,,https://maps.google.com/?cid=556955517361001291,"https://www.google.com/maps/dir/?api=1&destination=-25.2797926,-57.63828349999999",establishment|point_of_interest|store,establishment,Retail & Shopping,4.7,192,,True,Saturday: 11:00 AM – 8:00 PM,Sunday: Closed,10,,False,,True,,,,,,,,,,,,,,,,,,False,no_website,False,False,False,False,85,HIGH,2026-04-14T18:51:32.023976
,ELECTRIC CIRCUS FAMILY TATTOO,OPERATIONAL,"Gral. Diaz 464, entre 14 de mayo y, Asunción 1209, Paraguay",y,Alberdi,Santa Ana,Asunción,Paraguay,1209,Paraguay,-25.2829731,-57.6376787,0981 909485,+595 981 909485,https://www.facebook.com/ElectricCircusPy/,https://maps.google.com/?cid=12621349087790332986,"https://www.google.com/maps/dir/?api=1&destination=-25.2829731,-57.6376787",establishment|point_of_interest|store,establishment,Retail & Shopping,4.8,149,,True,Saturday: 12:00 – 8:00 PM,Sunday: Closed,10,,,,True,,,,,,,,,,,,,,,,,,True,social_media_only,True,False,False,False,80,HIGH,2026-04-14T18:51:32.427204
,Itto Tattoo & Body Piercing,OPERATIONAL,"Av. Juan Domingo Perón 3285, Asunción 001304, Paraguay",3285,Avenida Juan Domingo Perón,Lambaré (parte),Asunción,Asunción,001304,Paraguay,-25.3390298,-57.6345231,0961 940826,+595 961 940826,,https://maps.google.com/?cid=7955696422504531471,"https://www.google.com/maps/dir/?api=1&destination=-25.3390298,-57.6345231",establishment|point_of_interest,establishment,Other,4.9,81,,True,Saturday: 9:00 AM – 6:00 PM,Sunday: Closed,10,,,,False,,True,,,,,,,,,,,,,,,,False,no_website,False,False,False,False,85,HIGH,2026-04-14T18:51:32.832793
,Metxmorfosis,OPERATIONAL,"Cruz Del Chaco, Asunción 001412, Paraguay",,Cruz Del Chaco,Canógrafa,Asunción,Asunción,001412,Paraguay,-25.2956503,-57.5794876,0971 304790,+595 971 304790,,https://maps.google.com/?cid=430578198612501680,"https://www.google.com/maps/dir/?api=1&destination=-25.2956503,-57.5794876",establishment|point_of_interest,establishment,Other,4.6,33,,True,Saturday: 10:00 AM – 9:00 PM,Sunday: Closed,10,,,,,,,,,,,,,,,,,,,,,,False,no_website,False,False,False,False,80,HIGH,2026-04-14T18:51:33.252442
,Poseidon Tattoo Club,OPERATIONAL,"M9HM+8MJ, Corochire, Lambaré 110704, Paraguay",,Corochire,Lambaré (parte),Lambaré,Central,110704,Paraguay,-25.3216517,-57.6158516,0987 431422,+595 987 431422,,https://maps.google.com/?cid=11143632061708169455,"https://www.google.com/maps/dir/?api=1&destination=-25.3216517,-57.6158516",establishment|point_of_interest,establishment,Other,0.0,0,,True,Saturday: Open 24 hours,Sunday: Open 24 hours,1,,,,,,,,,,,,,,,,,,,,,,False,no_website,False,False,False,False,50,MEDIUM,2026-04-14T18:51:33.625483
,Estudio Medieval tattoo & body piercing,OPERATIONAL,"Coronel Feliciano Duarte 315 esquina, San Lorenzo 2160, Paraguay",315 esquina,Coronel Feliciano Duarte,Fernando de la Mora (parte),San Lorenzo,Tetãvore Central,2160,Paraguay,-25.3018012,-57.5300592,0961 482854,+595 961 482854,https://instagram.com/estudiomedievalsrl?igshid=OGQ5ZDc2ODk2ZA==,https://maps.google.com/?cid=15331990613505203705,"https://www.google.com/maps/dir/?api=1&destination=-25.3018012,-57.5300592",establishment|point_of_interest|store,establishment,Retail & Shopping,4.6,392,,True,Saturday: 10:00 AM – 8:00 PM,Sunday: Closed,10,,,,True,,,,,,,,,,,,,,,,,,True,social_media_only,True,False,False,False,80,HIGH,2026-04-14T18:51:34.038983
,Tattoo Flash Studio,OPERATIONAL,"Tte. 2do. Alejandro Monges, Asunción 001507, Paraguay",,Tte. 2do. Alejandro Monges,Mburicá,Asunción,Asunción,001507,Paraguay,-25.2445596,-57.552426,0986 517485,+595 986 517485,,https://maps.google.com/?cid=9294776445781171514,"https://www.google.com/maps/dir/?api=1&destination=-25.2445596,-57.552426",establishment|point_of_interest,establishment,Other,5.0,9,,True,Saturday: 10:00 AM – 10:00 PM,Sunday: 10:00 AM – 10:00 PM,8,,,,,,,,,,,,,,,,,,,,,,False,no_website,False,False,False,False,75,HIGH,2026-04-14T18:51:34.435490
,Addict Ink,OPERATIONAL,"Parapiti 1158 casi Rodriguez de Francia, Asunción 001219, Paraguay",,,Santa Ana,Asunción,Paraguay,001219,Paraguay,-25.2941964,-57.6326729,0972 666600,+595 972 666600,https://www.instagram.com/mefisto_vargas/?hl=es-la,https://maps.google.com/?cid=15816334326564268131,"https://www.google.com/maps/dir/?api=1&destination=-25.2941964,-57.6326729",establishment|night_club|point_of_interest,establishment,Entertainment & Nightlife,4.8,53,,True,Saturday: 11:00 AM – 10:00 PM,Sunday: Closed,5,,,,,,,,,,,,,,,,,,,,,,True,social_media_only,True,False,False,False,80,HIGH,2026-04-14T18:51:34.843672
,El Mañana Tatuajes,OPERATIONAL,"Independencia Nacional 317 Casi, Asunción 001101, Paraguay",317 Casi,Palma,Santa Ana,Asunción,Asunción,001101,Paraguay,-25.2829097,-57.63386849999999,0986 714370,+595 986 714370,https://www.instagram.com/elmananatatuajes?igsh=ODk0d2wwcXV1ZWNh,https://maps.google.com/?cid=14648839183909979943,"https://www.google.com/maps/dir/?api=1&destination=-25.2829097,-57.63386849999999",establishment|point_of_interest,establishment,Other,0.0,0,,True,Saturday: 10:00 AM – 10:00 PM,Sunday: Closed,10,,,,,,,,,,,,,,,,,,,,,,True,social_media_only,True,False,False,False,45,MEDIUM,2026-04-14T18:51:35.247936
,MaraikuaaseTattoo,OPERATIONAL,"Fulgencio R. Moreno 387, Asunción 001101, Paraguay",387,Fulgencio R. Moreno,Santa Ana,Asunción,Asunción,001101,Paraguay,-25.2874817,-57.63417519999999,0994 982961,+595 994 982961,,https://maps.google.com/?cid=14657685411268492154,"https://www.google.com/maps/dir/?api=1&destination=-25.2874817,-57.63417519999999",establishment|point_of_interest,establishment,Other,4.9,57,,True,Saturday: 8:00 AM – 8:00 PM,Sunday: 8:00 AM – 8:00 PM,10,,,,,,,,,,,,,,,,,,,,,,False,no_website,False,False,False,False,85,HIGH,2026-04-14T18:51:35.649510
,gary_tattoo88,OPERATIONAL,"Independencia Nacional casi, Asunción 001104, Paraguay",casi,Ita Piru,Santa Ana,Asunción,Asunción,001104,Paraguay,-25.298935,-57.6447395,0961 816106,+595 961 816106,https://instagram.com/gary_tattoo88?utm_medium=copy_link,https://maps.google.com/?cid=11190169210739294909,"https://www.google.com/maps/dir/?api=1&destination=-25.298935,-57.6447395",establishment|point_of_interest|store,establishment,Retail & Shopping,5.0,49,,True,Saturday: 10:00 AM – 8:00 PM,Sunday: Closed,6,,,,,,,,,,,,,,,,,,,,,,True,social_media_only,True,False,False,False,75,HIGH,2026-04-14T18:51:36.053567
,Ares Studio,OPERATIONAL,"Herrera 692, Asunción 001101, Paraguay",692,Herrera,Santa Ana,Asunción,Asunción,001101,Paraguay,-25.287842,-57.6310344,0987 145000,+595 987 145000,,https://maps.google.com/?cid=7686147644638293297,"https://www.google.com/maps/dir/?api=1&destination=-25.287842,-57.6310344",establishment|point_of_interest,establishment,Other,5.0,21,,True,Saturday: 10:00 AM – 9:00 PM,Sunday: Closed,10,,,,,,,,,,,,,,,,,,,,,,False,no_website,False,False,False,False,80,HIGH,2026-04-14T18:51:36.459189
,Asuncion Ink Tattoo,OPERATIONAL,"Av. Juan Domingo Perón, Asunción 1100, Paraguay",,Avenida Juan Domingo Perón,Lambaré (parte),Asunción,Asunción,1100,Paraguay,-25.332615,-57.62980109999999,,,,https://maps.google.com/?cid=15558018883629777643,"https://www.google.com/maps/dir/?api=1&destination=-25.332615,-57.62980109999999",establishment|point_of_interest|store,establishment,Retail & Shopping,4.5,16,,True,Saturday: 12:00 – 8:00 PM,Sunday: Closed,10,,,,True,,,,,,,,,,,,,,,,,,False,no_website,False,False,False,False,70,HIGH,2026-04-14T18:51:36.878192
,ALMAFUERTE TATTOO STUDIO,OPERATIONAL,"Alberdi 231, Asunción 001013, Paraguay",231,Alberdi,Santa Ana,Asunción,Asunción,001013,Paraguay,-25.2814298,-57.63541360000001,0991 345580,+595 991 345580,,https://maps.google.com/?cid=1803381843475895718,"https://www.google.com/maps/dir/?api=1&destination=-25.2814298,-57.63541360000001",establishment|point_of_interest|store,establishment,Retail & Shopping,5.0,1,,True,Saturday: 11:00 AM – 8:00 PM,Sunday: 2:00 – 7:30 PM,10,,,,,,,,,,,,,,,,,,,,,,False,no_website,False,False,False,False,65,HIGH,2026-04-14T18:51:37.278597
,Calavera tattoo studio Py,OPERATIONAL,"Carandayty, P92P+M65, &, Asunción 001226, Paraguay",,12 De Octubre,Tte. Fariña,Asunción,Asunción,001226,Paraguay,-25.29836,-57.61438939999999,0981 769658,+595 981 769658,https://www.instagram.com/calaveratattoostudio_py?igsh=MXJnbmZ6MGl2cTRjag==,https://maps.google.com/?cid=11906738065344427936,"https://www.google.com/maps/dir/?api=1&destination=-25.29836,-57.61438939999999",establishment|point_of_interest,establishment,Other,5.0,9,,True,Saturday: Open 24 hours,Sunday: Open 24 hours,9,,,,,,,,,,,,,,,,,,,,,,True,social_media_only,True,False,False,False,70,HIGH,2026-04-14T18:51:37.711421
,Noisy Tatts,OPERATIONAL,"Tte, Tte. Cnel. Isaías Jara Pastore 5929, Asunción 001507, Paraguay",5929,Tte. Coronel Isaías Jara Pastore,Pyrá,Asunción,Asunción,001507,Paraguay,-25.2425932,-57.5526211,,,https://www.instagram.com/noisytatts/,https://maps.google.com/?cid=8878273456986997,"https://www.google.com/maps/dir/?api=1&destination=-25.2425932,-57.5526211",establishment|point_of_interest|store,establishment,Retail & Shopping,5.0,6,,True,Saturday: Open 24 hours,Sunday: Closed,10,,False,,,,,,,,,,,,,,,,,,,,True,social_media_only,True,False,False,False,65,HIGH,2026-04-14T18:51:38.118990
,Notorious Tattoo Py,OPERATIONAL,"Tte. Jose Felix Lopez, Asunción 001427, Paraguay",,Tte. Jose Felix Lopez,Canógrafa,Asunción,Asunción,001427,Paraguay,-25.318785,-57.5726465,0993 309817,+595 993 309817,,https://maps.google.com/?cid=5875405997217802134,"https://www.google.com/maps/dir/?api=1&destination=-25.318785,-57.5726465",establishment|point_of_interest,establishment,Other,5.0,16,,True,Saturday: 1:00 – 8:00 PM,Sunday: Closed,10,,,,,,,,,,,,,,,,,,,,,,False,no_website,False,False,False,False,75,HIGH,2026-04-14T18:51:38.502413
,Tattoo lover py,OPERATIONAL,"Av. Dr. José Gaspar Rodriguez de Francia, Asunción 001221, Paraguay",,Pai Perez,Santa Ana,Asunción,Asunción,001221,Paraguay,-25.2978873,-57.62715129999999,0972 815410,+595 972 815410,,https://maps.google.com/?cid=14591529551209776056,"https://www.google.com/maps/dir/?api=1&destination=-25.2978873,-57.62715129999999",establishment|point_of_interest,establishment,Other,4.9,11,,True,Saturday: 9:00 AM – 5:00 PM,Sunday: Closed,10,,,,,,,,,,,,,,,,,,,,,,False,no_website,False,False,False,False,75,HIGH,2026-04-14T18:51:38.911894
,DepiLife,OPERATIONAL,"Eusebio Lillo Robles 1281, Asunción 1849, Paraguay",1281,Eusebio Lillo Robles,Canógrafa,Asunción,Asunción,1849,Paraguay,-25.287933,-57.57711880000001,0984 639623,+595 984 639623,https://www.depilife.com.py/,https://maps.google.com/?cid=12806819039914166598,"https://www.google.com/maps/dir/?api=1&destination=-25.287933,-57.57711880000001",beauty_salon|establishment|hair_care|health|point_of_interest,beauty_salon,Beauty & Wellness,4.9,221,,True,Saturday: 9:00 AM – 9:00 PM,Sunday: Closed,8,,,,,,,,,,,,,,,,,,,,,,True,ssl_error,False,False,True,False,70,HIGH,2026-04-14T18:51:41.934162
,Centro de Depilación Láser Diodo - DepilArte,OPERATIONAL,"Senador Huey Pierce Long 566, Asunción 001411, Paraguay",566,Senador Huey Pierce Long,Canógrafa,Asunción,Asunción,001411,Paraguay,-25.2901933,-57.57727339999999,0981 560959,+595 981 560959,https://depilarte.com.py/,https://maps.google.com/?cid=4042799018735775060,"https://www.google.com/maps/dir/?api=1&destination=-25.2901933,-57.57727339999999",beauty_salon|establishment|hair_care|health|point_of_interest,beauty_salon,Beauty & Wellness,4.9,287,,True,Saturday: 9:00 AM – 8:00 PM,Sunday: Closed,6,,True,,,,,,,,,,,,,,,,,,,,True,active,False,False,True,False,45,MEDIUM,2026-04-14T18:51:42.339880
,New Eva,OPERATIONAL,"Melvin Jones 477, Asunción 001529, Paraguay",477,Melvin Jones,Canógrafa,Asunción,Asunción,001529,Paraguay,-25.2836694,-57.5763541,0981 555761,+595 981 555761,https://www.instagram.com/newevapy/,https://maps.google.com/?cid=3796789532583466661,"https://www.google.com/maps/dir/?api=1&destination=-25.2836694,-57.5763541",beauty_salon|establishment|hair_care|point_of_interest,beauty_salon,Beauty & Wellness,4.9,41,,False,Saturday: 8:00 AM – 3:00 PM,Sunday: Closed,10,,False,,,,,,,,,,,,,,,,,,,,True,social_media_only,True,False,False,False,75,HIGH,2026-04-14T18:51:42.741591
,DepiDermo - Especialistas en Depilación,OPERATIONAL,"Av. Juscelino Kubitschek 780, Asunción 001228, Paraguay",780,Avenue Juscelino Kubitschek,Tte. Fariña,Asunción,Asunción,001228,Paraguay,-25.3010194,-57.6062412,0981 137204,+595 981 137204,https://www.depidermo.com/,https://maps.google.com/?cid=3489301322710160808,"https://www.google.com/maps/dir/?api=1&destination=-25.3010194,-57.6062412",beauty_salon|establishment|hair_care|health|point_of_interest,beauty_salon,Beauty & Wellness,4.9,277,,True,Saturday: 8:00 AM – 6:00 PM,Sunday: Closed,10,,True,,,,,,,,,,,,,,,,,,,,True,active,False,False,True,False,45,MEDIUM,2026-04-14T18:51:43.134805
,Balvi depilaciones,OPERATIONAL,"PCGP+GFG, Dr. Gerónimo Zubizarreta, Asunción 001526, Paraguay",,Doctor Gerónimo Zubizarreta,Recoleta,Asunción,Asunción,001526,Paraguay,-25.2736861,-57.56378350000001,(021) 662 870,+595 21 662 870,,https://maps.google.com/?cid=418236293107410166,"https://www.google.com/maps/dir/?api=1&destination=-25.2736861,-57.56378350000001",beauty_salon|establishment|hair_care|point_of_interest,beauty_salon,Beauty & Wellness,4.6,44,,True,Saturday: 9:00 AM – 8:00 PM,Sunday: Closed,1,,True,,,,,,,,,,,,,,,,,,,,False,no_website,False,False,False,False,80,HIGH,2026-04-14T18:51:43.544354
,Depilaser Paraguay,OPERATIONAL,"Prof. César Vasconcellos 1345, Asunción 001410, Paraguay",1345,Profesor César Vasconcellos,Canógrafa,Asunción,Asunción,001410,Paraguay,-25.2855877,-57.56838390000001,0981 906090,+595 981 906090,http://www.depilaser.com.py/,https://maps.google.com/?cid=10883454268875014061,"https://www.google.com/maps/dir/?api=1&destination=-25.2855877,-57.56838390000001",beauty_salon|establishment|hair_care|health|point_of_interest,beauty_salon,Beauty & Wellness,5.0,2,,True,Saturday: 8:00 AM – 12:00 PM,Sunday: Closed,0,,,,,,,,,,,,,,,,,,,,,,True,active,False,False,False,False,40,MEDIUM,2026-04-14T18:51:43.920503
,DepiPink - Barrio Herrera,OPERATIONAL,"Pte. Juan Manuel Frutos 2626 entre, Capitán Emeterio Miranda y, Asunción 001407, Paraguay",y,Denis Roa,Canógrafa,Asunción,Paraguay,001407,Paraguay,-25.294667,-57.56230780000001,0971 226221,+595 971 226221,,https://maps.google.com/?cid=7990728890312714821,"https://www.google.com/maps/dir/?api=1&destination=-25.294667,-57.56230780000001",beauty_salon|establishment|hair_care|point_of_interest,beauty_salon,Beauty & Wellness,4.8,184,,True,Saturday: 9:00 AM – 6:00 PM,Sunday: Closed,8,,True,,,,,,,,,,,,,,,,,,,,False,no_website,False,False,False,False,85,HIGH,2026-04-14T18:51:44.310992
,Ciria Depilaciones Campo Grande,OPERATIONAL,"PFH3+636, Asunción 001524, Paraguay",,,Manorá,Asunción,Asunción,001524,Paraguay,-25.2719595,-57.5473559,0981 933247,+595 981 933247,,https://maps.google.com/?cid=14307062693368596887,"https://www.google.com/maps/dir/?api=1&destination=-25.2719595,-57.5473559",beauty_salon|establishment|hair_care|point_of_interest,beauty_salon,Beauty & Wellness,4.8,152,,True,Saturday: 8:00 AM – 7:00 PM,Sunday: Closed,0,,True,,,,,,,,,,,,,,,,,,,,False,no_website,False,False,False,False,85,HIGH,2026-04-14T18:51:44.710088
,BleuDepilación,OPERATIONAL,"Cnel. Ramón Diaz 564, Asunción 001416, Paraguay",564,Coronel Ramón Diaz,Canógrafa,Asunción,Asunción,001416,Paraguay,-25.3010256,-57.5779929,0971 161733,+595 971 161733,,https://maps.google.com/?cid=18115143589449709051,"https://www.google.com/maps/dir/?api=1&destination=-25.3010256,-57.5779929",beauty_salon|establishment|point_of_interest,beauty_salon,Beauty & Wellness,4.9,141,,True,Saturday: 9:00 AM – 7:00 PM,Sunday: Closed,10,,True,,,,,,,,,,,,,,,,,,,,False,no_website,False,False,False,False,85,HIGH,2026-04-14T18:51:45.123332
,Depiclub py,OPERATIONAL,"Peru esquina, Asunción 001220, Paraguay",esquina,Cerro Corá,Tte. Fariña,Asunción,Asunción,001220,Paraguay,-25.2918313,-57.6210142,0982 108953,+595 982 108953,https://instagram.com/depiclubpy?igshid=YWJhMjlhZTc=,https://maps.google.com/?cid=8970359026212132241,"https://www.google.com/maps/dir/?api=1&destination=-25.2918313,-57.6210142",beauty_salon|establishment|hair_care|point_of_interest,beauty_salon,Beauty & Wellness,4.7,129,,True,Saturday: 9:00 AM – 8:00 PM,Sunday: Closed,10,,,,,,,,,,,,,,,,,,,,,,True,social_media_only,True,False,False,False,80,HIGH,2026-04-14T18:51:45.523865
,DEPICENTER lo mejor en depilacion VENEZUELA,OPERATIONAL,"Avenida Venezuela 593 e, Av. España y, Asunción 1721, Paraguay",y,Fray Luis de León,Pettirossi,Asunción,Paraguay,1721,Paraguay,-25.2865376,-57.595121,,,,https://maps.google.com/?cid=3383069730149610729,"https://www.google.com/maps/dir/?api=1&destination=-25.2865376,-57.595121",beauty_salon|establishment|hair_care|point_of_interest,beauty_salon,Beauty & Wellness,4.7,48,,False,Saturday: 8:00 AM – 4:00 PM,Sunday: Closed,10,,,,,,,,,,,,,,,,,,,,,,False,no_website,False,False,False,False,75,HIGH,2026-04-14T18:51:46.005750
,Bonita Depilaciones,OPERATIONAL,"Isaac Kostianovsky 5874, Asunción 1001, Paraguay",5874,Isaac Kostianovsky,Canógrafa,Asunción,Asunción,1001,Paraguay,-25.3095138,-57.577589,0985 881864,+595 985 881864,,https://maps.google.com/?cid=1740149048155836543,"https://www.google.com/maps/dir/?api=1&destination=-25.3095138,-57.577589",beauty_salon|clothing_store|establishment|hair_care|point_of_interest|store,beauty_salon,Beauty & Wellness,4.9,231,,True,Saturday: 9:00 AM – 5:00 PM,Sunday: Closed,10,,,,,,,,,,,,,,,,,,,,,,False,no_website,False,False,False,False,85,HIGH,2026-04-14T18:51:46.404966
,MMUSA CLÍNICA DEPILACION LÁSER,OPERATIONAL,"Doctor Toribio Pacheco &, Charles De Gaulle, Asunción 001412, Paraguay",,Charles De Gaulle,Canógrafa,Asunción,Asunción,001412,Paraguay,-25.2987686,-57.5829265,0981 131368,+595 981 131368,,https://maps.google.com/?cid=1938820290274325516,"https://www.google.com/maps/dir/?api=1&destination=-25.2987686,-57.5829265",beauty_salon|establishment|point_of_interest,beauty_salon,Beauty & Wellness,4.3,42,,True,Saturday: 8:00 AM – 8:00 PM,Sunday: Closed,4,,,,,,,,,,,,,,,,,,,,,,False,no_website,False,False,False,False,80,HIGH,2026-04-14T18:51:46.804496
,Espaçolaser Depilación,OPERATIONAL,"Del Maestro, &, Asunción 001411, Paraguay",,Senador Huey Pierce Long,Canógrafa,Asunción,Asunción,001411,Paraguay,-25.2916537,-57.5783624,0991 856305,+595 991 856305,,https://maps.google.com/?cid=6186313033750310549,"https://www.google.com/maps/dir/?api=1&destination=-25.2916537,-57.5783624",beauty_salon|establishment|hair_care|point_of_interest|store,beauty_salon,Beauty & Wellness,3.9,28,,True,Saturday: 9:00 AM – 8:00 AM,Sunday: Closed,7,,,,,,,,,,,,,,,,,,,,,,False,no_website,False,False,False,False,75,HIGH,2026-04-14T18:51:47.190000
,GOLD ROSE Depilación,OPERATIONAL,"Emeterio Miranda 1231, entre Austria y, Asunción 001410, Paraguay",y,Bruselas,Canógrafa,Asunción,Asunción,001410,Paraguay,-25.2897755,-57.5610679,0971 637020,+595 971 637020,,https://maps.google.com/?cid=9923915485261688308,"https://www.google.com/maps/dir/?api=1&destination=-25.2897755,-57.5610679",beauty_salon|establishment|hair_care|point_of_interest,beauty_salon,Beauty & Wellness,5.0,15,,True,Saturday: 9:00 AM – 6:00 PM,Sunday: Closed,0,,,,,,,,,,,,,,,,,,,,,,False,no_website,False,False,False,False,75,HIGH,2026-04-14T18:51:47.598123
,Masajes Asuncion,OPERATIONAL,"Santisimo Sacramento casi, Asunción 001519, Paraguay",casi,Sargento Primero Juan Cespedes,Mcal. López,Asunción,Asunción,001519,Paraguay,-25.2549546,-57.5762453,0986 855888,+595 986 855888,,https://maps.google.com/?cid=1449061746140380945,"https://www.google.com/maps/dir/?api=1&destination=-25.2549546,-57.5762453",establishment|point_of_interest,establishment,Other,0.0,0,,True,Saturday: 10:30 AM – 8:30 PM,Sunday: 11:00 AM – 6:30 PM,2,,,,,,,,,,,,,,,,,,,,,,False,no_website,False,False,False,False,50,MEDIUM,2026-04-14T18:51:50.528186
,Masaje RUSO,OPERATIONAL,"Eusebio Lillo Robles 2808, Asunción 001407, Paraguay",2808,Eusebio Lillo Robles,Canógrafa,Asunción,Asunción,001407,Paraguay,-25.2930583,-57.5584476,0991 369971,+595 991 369971,,https://maps.google.com/?cid=3451141366346108905,"https://www.google.com/maps/dir/?api=1&destination=-25.2930583,-57.5584476",establishment|point_of_interest,establishment,Other,5.0,87,,True,Saturday: Closed,Sunday: 10:00 AM – 10:00 PM,10,,,,,,,,,,,,,,,,,,,,,,False,no_website,False,False,False,False,85,HIGH,2026-04-14T18:51:50.920399
,LAS CARIÑOSAS ASUNCIÓN ORIGINAL,OPERATIONAL,"Piribebuy 239, Asunción 001101, Paraguay",239,Piribebuy,Santa Ana,Asunción,Asunción,001101,Paraguay,-25.2870933,-57.63793380000001,0984 400228,+595 984 400228,https://69.com.py/servicios/carinosas-asuncion,https://maps.google.com/?cid=3431114182619333884,"https://www.google.com/maps/dir/?api=1&destination=-25.2870933,-57.63793380000001",establishment|point_of_interest|spa,establishment,Beauty & Wellness,4.2,37,,True,Saturday: Open 24 hours,Sunday: Open 24 hours,4,,,,,,,,,,,,,,,,,,,,,,True,active,False,False,True,False,40,MEDIUM,2026-04-14T18:51:51.309579
,Zenclass Men,OPERATIONAL,"Herib Campos Cervera, Asunción 1132, Paraguay",,Herib Campos Cervera,Canógrafa,Asunción,Asunción,1132,Paraguay,-25.2805882,-57.5637053,0986 145200,+595 986 145200,,https://maps.google.com/?cid=12956405319980205407,"https://www.google.com/maps/dir/?api=1&destination=-25.2805882,-57.5637053",establishment|point_of_interest|spa,establishment,Beauty & Wellness,4.7,11,,True,Saturday: 10:00 AM – 8:00 PM,Sunday: Closed,4,,,,,,,,,,,,,,,,,,,,,,False,no_website,False,False,False,False,75,HIGH,2026-04-14T18:51:51.717660
,Elite,OPERATIONAL,"Cap. Domingo Antonio Ortiz 1482, Asunción 001520, Paraguay",1482,Cap. Domingo Antonio Ortiz,Canógrafa,Asunción,Asunción,001520,Paraguay,-25.2739836,-57.56811750000001,0991 662836,+595 991 662836,,https://maps.google.com/?cid=3370281078882985844,"https://www.google.com/maps/dir/?api=1&destination=-25.2739836,-57.56811750000001",establishment|point_of_interest|spa,establishment,Beauty & Wellness,5.0,5,,True,Saturday: 11:00 AM – 9:00 PM,Sunday: Closed,0,,,,,,,,,,,,,,,,,,,,,,False,no_website,False,False,False,False,75,HIGH,2026-04-14T18:51:52.115742
,Spacio zen,OPERATIONAL,"Jaime Bestard 2558, Asunción 001402, Paraguay",2558,Jaime Bestard,Recoleta,Asunción,Asunción,001402,Paraguay,-25.2840504,-57.5596374,0992 260657,+595 992 260657,https://spacio-zen-i4i1tx3.gamma.site/,https://maps.google.com/?cid=962468617795422988,"https://www.google.com/maps/dir/?api=1&destination=-25.2840504,-57.5596374",establishment|point_of_interest,establishment,Other,4.8,30,,True,Saturday: 11:00 AM – 8:00 PM,Sunday: 2:00 – 8:00 PM,10,,,,,,,,,,,,,,,,,,,,,,True,active,False,False,True,False,40,MEDIUM,2026-04-14T18:51:52.508438
,Dra. Agustina Gonzalez,OPERATIONAL,"Ing. Prof. Nicolás Krisvoschein, Asunción 001520, Paraguay",,Ingeniero Profesor Nicolás Krisvoschein,Recoleta,Asunción,Asunción,001520,Paraguay,-25.2696473,-57.5649745,0971 614156,+595 971 614156,https://agustinagonzalez.com.py/,https://maps.google.com/?cid=15958855316044777952,"https://www.google.com/maps/dir/?api=1&destination=-25.2696473,-57.5649745",beauty_salon|establishment|point_of_interest,beauty_salon,Beauty & Wellness,5.0,12,,False,Saturday: 9:00 AM – 12:00 PM,Sunday: Closed,2,,,,,,,,,,,,,,,,,,,,,,True,active,False,False,True,False,35,MEDIUM,2026-04-14T18:51:55.576160
,FIVE SPA & BEAUTY,OPERATIONAL,"001527, Asunción 001527, Paraguay",,,Centro,Asunción,Asunción,001527,Paraguay,-25.2672068,-57.5766468,0994 637568,+595 994 637568,,https://maps.google.com/?cid=15496775611025391606,"https://www.google.com/maps/dir/?api=1&destination=-25.2672068,-57.5766468",establishment|hair_care|point_of_interest,establishment,Beauty & Wellness,5.0,7,,True,Saturday: 10:00 AM – 8:00 PM,Sunday: Closed,5,,,,,,,,,,,,,,,,,,,,,,False,no_website,False,False,False,False,75,HIGH,2026-04-14T18:51:55.983031
,Estilista Javier Casco,OPERATIONAL,"Tte. Gregorio Narváez y, Trinidad 001534, Paraguay",y,Sargento Toribio Valinotti,Sajonia,Trinidad,Asunción,001534,Paraguay,-25.2684721,-57.5882462,0971 932161,+595 971 932161,,https://maps.google.com/?cid=10101591271277542850,"https://www.google.com/maps/dir/?api=1&destination=-25.2684721,-57.5882462",beauty_salon|establishment|point_of_interest,beauty_salon,Beauty & Wellness,4.8,51,,True,Saturday: 8:00 AM – 8:00 PM,Sunday: Closed,10,,,,,,,,,,,,,,,,,,,,,,False,no_website,False,False,False,False,85,HIGH,2026-04-14T18:51:56.380304
,DonnaBella beauty salon,OPERATIONAL,"Santisimo Sacramento 446, Asunción 001411, Paraguay",446,Santisimo Sacramento,Sajonia,Asunción,Asunción,001411,Paraguay,-25.2871836,-57.5887647,0975 599590,+595 975 599590,,https://maps.google.com/?cid=1278596330909144218,"https://www.google.com/maps/dir/?api=1&destination=-25.2871836,-57.5887647",beauty_salon|establishment|point_of_interest,beauty_salon,Beauty & Wellness,4.9,23,,True,Saturday: 10:00 AM – 9:00 PM,Sunday: Closed,3,,True,,,,,,,,,,,,,,,,,,,,False,no_website,False,False,False,False,80,HIGH,2026-04-14T18:51:56.778685
,Bellas Beauty Salon,OPERATIONAL,"Nazareth sobre, Dr. Osvaldo Chavez, Asunción 1905, Paraguay",,Doctor Osvaldo Chavez,Pettirossi,Asunción,Asunción,1905,Paraguay,-25.3128304,-57.59291199999999,0984 177008,+595 984 177008,https://www.facebook.com/bellasbeautysalon12/,https://maps.google.com/?cid=6438447248581841248,"https://www.google.com/maps/dir/?api=1&destination=-25.3128304,-57.59291199999999",beauty_salon|establishment|point_of_interest,beauty_salon,Beauty & Wellness,4.8,59,,True,Saturday: 9:00 AM – 8:00 PM,Sunday: Closed,10,,True,,,,,,,,,,,,,,,,,,,,True,social_media_only,True,False,False,False,80,HIGH,2026-04-14T18:51:57.210502
,PANY Beauty Bar,OPERATIONAL,"San Rafael 1166, Asunción 001527, Paraguay",1166,Prócer Teniente Pedro Alcántara,Canógrafa,Asunción,Asunción,001527,Paraguay,-25.2753861,-57.5712105,0981 834878,+595 981 834878,,https://maps.google.com/?cid=10321017190984307432,"https://www.google.com/maps/dir/?api=1&destination=-25.2753861,-57.5712105",establishment|hair_care|point_of_interest,establishment,Beauty & Wellness,4.9,60,,True,Saturday: 9:00 AM – 8:00 PM,Sunday: Closed,9,,,,,,,,,,,,,,,,,,,,,,False,no_website,False,False,False,False,85,HIGH,2026-04-14T18:51:57.613669
,Soham Beauty & Wellness,OPERATIONAL,"Río Acaray 1080 casi, Asunción 001527, Paraguay",1080 casi,Río Acaray,Canógrafa,Asunción,Paraguay,001527,Paraguay,-25.2795638,-57.5695221,0994 130456,+595 994 130456,,https://maps.google.com/?cid=6608145741383289828,"https://www.google.com/maps/dir/?api=1&destination=-25.2795638,-57.5695221",beauty_salon|establishment|point_of_interest,beauty_salon,Beauty & Wellness,4.9,27,,True,Saturday: 9:00 AM – 9:00 PM,Sunday: Closed,10,,True,,,,,,,,,,,,,,,,,,,,False,no_website,False,False,False,False,80,HIGH,2026-04-14T18:51:58.023657
,Nde Renda Hair Salon Express,OPERATIONAL,"Av. Gral. José de San Martín 1558 casi, Asunción 001527, Paraguay",1558 casi,Federación Rusa,Canógrafa,Asunción,Asunción,001527,Paraguay,-25.2804267,-57.5707438,0974 705697,+595 974 705697,https://www.instagram.com/nderendahairsalon?igsh=azRlczVkbDdqaDEy&utm_source=qr,https://maps.google.com/?cid=277596445531700195,"https://www.google.com/maps/dir/?api=1&destination=-25.2804267,-57.5707438",establishment|hair_care|point_of_interest,establishment,Beauty & Wellness,0.0,0,,True,Saturday: 9:00 AM – 7:30 PM,Sunday: Closed,10,,,,,,,,,,,,,,,,,,,,,,True,social_media_only,True,False,False,False,45,MEDIUM,2026-04-14T18:51:58.424937
,101 Beauty Studio,OPERATIONAL,"Senador Huey Pierce Long 250 Entre Guido Spano Y Andrade Asuncion, Asunción 1849, Paraguay",,,Canógrafa,Asunción,Asunción,1849,Paraguay,-25.2930551,-57.5788932,0976 564224,+595 976 564224,http://www.instagram.com/101beautystudio/,https://maps.google.com/?cid=15288664733453761861,"https://www.google.com/maps/dir/?api=1&destination=-25.2930551,-57.5788932",beauty_salon|establishment|point_of_interest,beauty_salon,Beauty & Wellness,4.8,15,,True,Saturday: 9:00 AM – 8:00 PM,Sunday: Closed,3,,,,,,,,,,,,,,,,,,,,,,True,social_media_only,True,False,False,False,70,HIGH,2026-04-14T18:51:58.853780
,Coquette,OPERATIONAL,"Julio Correa 753, Asunción 001520, Paraguay",753,Julio Correa,Recoleta,Asunción,Asunción,001520,Paraguay,-25.27042,-57.564307,0981 595330,+595 981 595330,,https://maps.google.com/?cid=9165276737015378538,"https://www.google.com/maps/dir/?api=1&destination=-25.27042,-57.564307",beauty_salon|establishment|hair_care|health|point_of_interest|spa,beauty_salon,Beauty & Wellness,4.4,25,,True,Saturday: 9:00 AM – 8:00 PM,Sunday: Closed,0,,,,,,,,,,,,,,,,,,,,,,False,no_website,False,False,False,False,80,HIGH,2026-04-14T18:51:59.235718
,Mikaela Jara Makeup & Hair,OPERATIONAL,"Avenida Santísima Trinidad, PCR9+RFW, &, Asunción 001519, Paraguay",,Bogotá,Mcal. López,Asunción,Asunción,001519,Paraguay,-25.2578805,-57.581301,0981 661636,+595 981 661636,,https://maps.google.com/?cid=16980102557445254859,"https://www.google.com/maps/dir/?api=1&destination=-25.2578805,-57.581301",beauty_salon|establishment|point_of_interest,beauty_salon,Beauty & Wellness,4.5,11,,True,Saturday: 9:00 AM – 8:00 PM,Sunday: Closed,5,,,,,,,,,,,,,,,,,,,,,,False,no_website,False,False,False,False,75,HIGH,2026-04-14T18:51:59.637766
,Sophie's Beauty Salón,OPERATIONAL,"Tte. Ernesto Franco 1741, Asunción 001532, Paraguay",1741,Tte. Ernesto Franco,San Jorge,Asunción,Asunción,001532,Paraguay,-25.260535,-57.58631250000001,,,,https://maps.google.com/?cid=9319320995261139377,"https://www.google.com/maps/dir/?api=1&destination=-25.260535,-57.58631250000001",establishment|hair_care|point_of_interest,establishment,Beauty & Wellness,5.0,2,,True,Saturday: 10:00 AM – 8:00 PM,Sunday: Closed,2,,,,,,,,,,,,,,,,,,,,,,False,no_website,False,False,False,False,60,HIGH,2026-04-14T18:52:00.035828
,Casa de la novia de Josi,OPERATIONAL,"QC2V+HC5, Ybycui Ty, Asunción 001510, Paraguay",,Ybycui Ty,Mburicá,Asunción,Asunción,001510,Paraguay,-25.2486104,-57.5563441,,,,https://maps.google.com/?cid=3796003665756374894,"https://www.google.com/maps/dir/?api=1&destination=-25.2486104,-57.5563441",beauty_salon|establishment|point_of_interest,beauty_salon,Beauty & Wellness,5.0,1,,,,,0,,,,,,,,,,,,,,,,,,,,,,False,no_website,False,False,False,False,60,HIGH,2026-04-14T18:52:03.013055
,Sonia belleza integral,OPERATIONAL,"QC38+QCW, Asunción 001512, Paraguay",,,San Jorge,Asunción,Asunción,001512,Paraguay,-25.2455187,-57.58392019999999,0981 381050,+595 981 381050,,https://maps.google.com/?cid=18138408620690668838,"https://www.google.com/maps/dir/?api=1&destination=-25.2455187,-57.58392019999999",beauty_salon|establishment|point_of_interest,beauty_salon,Beauty & Wellness,0.0,0,,True,Saturday: 8:00 AM – 8:00 PM,Sunday: Closed,1,,,,,,,,,,,,,,,,,,,,,,False,no_website,False,False,False,False,50,MEDIUM,2026-04-14T18:52:03.404241
,Isaacostanailsybeauty,OPERATIONAL,"Ruta transchaco, Teniente Villalba casi, Asunción 001510, Paraguay",casi,Ruta general Aquino,Mburicá,Asunción,Asunción,001510,Paraguay,-25.2502231,-57.55405219999999,0992 338628,+595 992 338628,https://wa.me/message/KLCNF3GY4LP7J1,https://maps.google.com/?cid=18250528336706146247,"https://www.google.com/maps/dir/?api=1&destination=-25.2502231,-57.55405219999999",beauty_salon|establishment|point_of_interest,beauty_salon,Beauty & Wellness,4.9,11,,True,Saturday: 9:00 AM – 8:30 PM,Sunday: Closed,0,,,,,,,,,,,,,,,,,,,,,,True,social_media_only,True,False,False,False,70,HIGH,2026-04-14T18:52:03.796799
,Beauty Makeup,OPERATIONAL,"XII, Asunción 001502, Paraguay",,XII,Ycuá Satí,Asunción,Asunción,001502,Paraguay,-25.2343277,-57.5665448,0971 905585,+595 971 905585,https://instagram.com/araromanmk,https://maps.google.com/?cid=14961703418852034112,"https://www.google.com/maps/dir/?api=1&destination=-25.2343277,-57.5665448",beauty_salon|establishment|point_of_interest,beauty_salon,Beauty & Wellness,5.0,2,,True,Saturday: Open 24 hours,Sunday: Closed,10,,,,,,,,,,,,,,,,,,,,,,True,social_media_only,True,False,False,False,60,HIGH,2026-04-14T18:52:04.181978
,Elizabeth Pinto beauty salón,OPERATIONAL,"QC9H+479, Hermann Gmeiner, Asunción 001501, Paraguay",,Hermann Gmeiner,Villa Morra,Asunción,Asunción,001501,Paraguay,-25.2322031,-57.57176310000001,,,,https://maps.google.com/?cid=7307854661679743909,"https://www.google.com/maps/dir/?api=1&destination=-25.2322031,-57.57176310000001",beauty_salon|establishment|point_of_interest,beauty_salon,Beauty & Wellness,0.0,0,,,,,0,,,,,,,,,,,,,,,,,,,,,,False,no_website,False,False,False,False,45,MEDIUM,2026-04-14T18:52:07.110838
,Elizabeth Pinto Beauty salón,OPERATIONAL,"QC9H+48C, Hermann Gmeiner, Asunción 001501, Paraguay",,Hermann Gmeiner,Villa Morra,Asunción,Asunción,001501,Paraguay,-25.2321429,-57.5717543,,,,https://maps.google.com/?cid=12133427169398923982,"https://www.google.com/maps/dir/?api=1&destination=-25.2321429,-57.5717543",beauty_salon|establishment|point_of_interest,beauty_salon,Beauty & Wellness,0.0,0,,,,,0,,,,,,,,,,,,,,,,,,,,,,False,no_website,False,False,False,False,45,MEDIUM,2026-04-14T18:52:07.492619
,Alto Stylo by Eli Figueredo,OPERATIONAL,"QC7P+R6W, Asunción 001502, Paraguay",,,Ycuá Satí,Asunción,Asunción,001502,Paraguay,-25.2353872,-57.5644145,0984 171511,+595 984 171511,https://bit.ly/3ezoN8p,https://maps.google.com/?cid=8065661975092617547,"https://www.google.com/maps/dir/?api=1&destination=-25.2353872,-57.5644145",beauty_salon|establishment|point_of_interest,beauty_salon,Beauty & Wellness,5.0,10,,True,Saturday: 9:00 AM – 8:00 PM,Sunday: Closed,5,,,,,,,,,,,,,,,,,,,,,,True,active,False,False,True,False,35,MEDIUM,2026-04-14T18:52:07.899905
,Ricci Hair and Makeup,OPERATIONAL,"28 de Agosto, Asunción 001507, Paraguay",,Tte. Coronel Isaías Jara Pastore,Pyrá,Asunción,Paraguay,001507,Paraguay,-25.2429946,-57.54999180000001,0984 712421,+595 984 712421,,https://maps.google.com/?cid=13487665603621314438,"https://www.google.com/maps/dir/?api=1&destination=-25.2429946,-57.54999180000001",beauty_salon|establishment|point_of_interest,beauty_salon,Beauty & Wellness,4.9,21,,True,Saturday: Open 24 hours,Sunday: Open 24 hours,10,,,,,,,,,,,,,,,,,,,,,,False,no_website,False,False,False,False,80,HIGH,2026-04-14T18:52:08.296438
,Salon de belleza Ponte Guapa,OPERATIONAL,"Loma pyta, Asunción 001510, Paraguay",,,Mburicá,Asunción,Asunción,001510,Paraguay,-25.249494,-57.55420609999999,0972 334979,+595 972 334979,,https://maps.google.com/?cid=3818044366945276313,"https://www.google.com/maps/dir/?api=1&destination=-25.249494,-57.55420609999999",establishment|hair_care|point_of_interest,establishment,Beauty & Wellness,5.0,1,,True,Saturday: 1:00 – 8:00 PM,Sunday: Closed,10,,,,,,,,,,,,,,,,,,,,,,False,no_website,False,False,False,False,65,HIGH,2026-04-14T18:52:08.689927
,TINA,OPERATIONAL,"Tte. Gregorio Villalba, Asunción 001509, Paraguay",,Av. Ñu Guasu,Manorá,Asunción,Asunción,001509,Paraguay,-25.2562575,-57.55345729999999,0982 560660,+595 982 560660,https://www.linktr.ee/tinapy,https://maps.google.com/?cid=18344389426249614478,"https://www.google.com/maps/dir/?api=1&destination=-25.2562575,-57.55345729999999",beauty_salon|establishment|hair_care|point_of_interest,beauty_salon,Beauty & Wellness,4.9,12,,True,Saturday: 8:00 AM – 9:00 PM,Sunday: Closed,0,,,,,,,,,,,,,,,,,,,,,,True,social_media_only,True,False,False,False,70,HIGH,2026-04-14T18:52:09.070067
,MimiCoiffure,OPERATIONAL,"Nieve Antonia Vera Carrillo, Villa Franco 001510, Paraguay",,Nieve Antonia Vera Carrillo,Mburicá,Villa Franco,Asunción,001510,Paraguay,-25.2478581,-57.5572996,0994 882109,+595 994 882109,,https://maps.google.com/?cid=1027412828713929375,"https://www.google.com/maps/dir/?api=1&destination=-25.2478581,-57.5572996",beauty_salon|establishment|point_of_interest,beauty_salon,Beauty & Wellness,4.3,12,,True,Saturday: 8:00 AM – 8:00 PM,Sunday: Closed,10,,,,,,,,,,,,,,,,,,,,,,False,no_website,False,False,False,False,75,HIGH,2026-04-14T18:52:09.477738
,DE PRINCESAS BIJOU,OPERATIONAL,"Asunción 001507, Paraguay",,,Mburicá,Asunción,Asunción,001507,Paraguay,-25.2445255,-57.5524881,0972 134139,+595 972 134139,,https://maps.google.com/?cid=4037290105860827570,"https://www.google.com/maps/dir/?api=1&destination=-25.2445255,-57.5524881",beauty_salon|establishment|point_of_interest,beauty_salon,Beauty & Wellness,5.0,3,,True,Saturday: 9:00 AM – 8:00 PM,Sunday: 9:00 AM – 8:00 PM,10,,,,,,,,,,,,,,,,,,,,,,False,no_website,False,False,False,False,65,HIGH,2026-04-14T18:52:09.877965
,Laboratorio de belleza py,OPERATIONAL,"Cnel. Juan Porta Ohiggins 1452, Asunción 001509, Paraguay",1452,Coronel Juan Porta Ohiggins,Pyrá,Asunción,Asunción,001509,Paraguay,-25.2442711,-57.54334319999999,,,,https://maps.google.com/?cid=12665845994866667585,"https://www.google.com/maps/dir/?api=1&destination=-25.2442711,-57.54334319999999",beauty_salon|establishment|point_of_interest,beauty_salon,Beauty & Wellness,0.0,0,,False,Saturday: 9:00 AM – 5:00 PM,Sunday: 9:00 AM – 5:00 PM,0,,,,,,,,,,,,,,,,,,,,,,False,no_website,False,False,False,False,45,MEDIUM,2026-04-14T18:52:12.794313
,Camila Salcedo Studio,OPERATIONAL,"Sgto Pedro Montes, Asunción 001507, Paraguay",,Sgto Pedro Montes,Pyrá,Asunción,Asunción,001507,Paraguay,-25.2436565,-57.54784350000001,0991 429473,+595 991 429473,https://www.instagram.com/camilasalcedostudio?igsh=MWFrOWlvbm85aWYzdQ==&utm_source=qr,https://maps.google.com/?cid=4670178769472942458,"https://www.google.com/maps/dir/?api=1&destination=-25.2436565,-57.54784350000001",beauty_salon|establishment|point_of_interest,beauty_salon,Beauty & Wellness,5.0,2,,True,Saturday: 8:00 AM – 6:00 PM,Sunday: Closed,0,,,,,,,,,,,,,,,,,,,,,,True,social_media_only,True,False,False,False,60,HIGH,2026-04-14T18:52:13.189472
,SB-STYLE,OPERATIONAL,"PCXX+FM6 Mandiyupecua &, Av. Dr. Esteban Semidei, Asunción 001509, Paraguay",,Avenida Doctor Esteban Semidei,Mburicá,Asunción,Asunción,001509,Paraguay,-25.2513328,-57.55086369999999,0985 255603,+595 985 255603,,https://maps.google.com/?cid=17965554259619037865,"https://www.google.com/maps/dir/?api=1&destination=-25.2513328,-57.55086369999999",beauty_salon|establishment|point_of_interest,beauty_salon,Beauty & Wellness,5.0,5,,True,Saturday: 9:00 AM – 8:00 PM,Sunday: Closed,3,,,,,,,,,,,,,,,,,,,,,,False,no_website,False,False,False,False,75,HIGH,2026-04-14T18:52:13.618130
,Lilianacibilseyebrowsstudio,OPERATIONAL,"123 Loma pyta, Asunción 0991, Paraguay",,,Mburicá,Asunción,Asunción,0991,Paraguay,-25.2504093,-57.55177560000001,0991 289736,+595 991 289736,,https://maps.google.com/?cid=16639192875129337168,"https://www.google.com/maps/dir/?api=1&destination=-25.2504093,-57.55177560000001",establishment|hair_care|point_of_interest,establishment,Beauty & Wellness,4.6,11,,True,Saturday: 10:00 AM – 8:00 PM,Sunday: Closed,10,,,,,,,,,,,,,,,,,,,,,,False,no_website,False,False,False,False,75,HIGH,2026-04-14T18:52:14.022239
,Katy Belleza Integral,OPERATIONAL,"Tte. 2do. Alejandro Monges 5872, Asunción 001507, Paraguay",5872,Tte. 2do. Alejandro Monges,Pyrá,Asunción,Asunción,001507,Paraguay,-25.2431857,-57.5523566,,,https://www.facebook.com/Katy-Belleza-Integral-143098805890096/,https://maps.google.com/?cid=10175751741544854935,"https://www.google.com/maps/dir/?api=1&destination=-25.2431857,-57.5523566",establishment|hair_care|point_of_interest,establishment,Beauty & Wellness,4.8,14,,True,Saturday: 9:00 AM – 8:00 PM,Sunday: Closed,7,,True,,,,,,,,,,,,,,,,,,,,True,social_media_only,True,False,False,False,65,HIGH,2026-04-14T18:52:14.424472
,Lily salon de belleza,OPERATIONAL,"Manuel Ortiz Guerrero, Mariano Roque Alonso 111021, Paraguay",,Manuel Ortiz Guerrero,Pyrá,Mariano Roque Alonso,Central,111021,Paraguay,-25.2335252,-57.54274640000001,0982 517911,+595 982 517911,,https://maps.google.com/?cid=534957325999740717,"https://www.google.com/maps/dir/?api=1&destination=-25.2335252,-57.54274640000001",beauty_salon|establishment|point_of_interest,beauty_salon,Beauty & Wellness,5.0,13,,True,Saturday: 9:00 AM – 8:00 PM,Sunday: Closed,10,,,False,False,False,False,,,,,,,,,,,,,,,,False,no_website,False,False,False,False,75,HIGH,2026-04-14T18:52:14.837744
,Roshni Hair_care,OPERATIONAL,"Thara, Gujarat 385555, India",,,Luque (parte),Thara,GJ,385555,India,23.9701648,71.8290998,087350 70444,+91 87350 70444,,https://maps.google.com/?cid=11108682462231224656,"https://www.google.com/maps/dir/?api=1&destination=23.9701648,71.8290998",beauty_salon|establishment|point_of_interest|store,beauty_salon,Beauty & Wellness,3.4,5,,False,Saturday: 8:00 AM – 9:00 PM,Sunday: 8:00 AM – 9:00 PM,0,,,,True,,,,,,,,,,,,,,,,,,False,no_website,False,False,False,False,60,HIGH,2026-04-14T18:52:17.679772
,Sky Head Spa,OPERATIONAL,"Sgto. José León Gauto 660 casi, Asunción 001207, Paraguay",660 casi,Soldado Paraguayo,Pettirossi,Asunción,Asunción,001207,Paraguay,-25.2823441,-57.59574180000001,0972 446106,+595 972 446106,,https://maps.google.com/?cid=3622178759079401111,"https://www.google.com/maps/dir/?api=1&destination=-25.2823441,-57.59574180000001",establishment|point_of_interest|spa,establishment,Beauty & Wellness,5.0,9,,False,Saturday: 9:00 AM – 6:00 PM,Sunday: Closed,5,,,,,,,,,,,,,,,,,,,,,,False,no_website,False,False,False,False,75,HIGH,2026-04-14T18:52:27.821894
,Zenclass - Men Spa,OPERATIONAL,"PC2G+RFQ, Quesada casi, Asunción 001416, Paraguay",casi,Quesada,Canógrafa,Asunción,Asunción,001416,Paraguay,-25.2975696,-57.5740626,0986 107700,+595 986 107700,,https://maps.google.com/?cid=14474516382345187257,"https://www.google.com/maps/dir/?api=1&destination=-25.2975696,-57.5740626",establishment|point_of_interest|spa,establishment,Beauty & Wellness,4.8,69,,True,Saturday: 10:00 AM – 8:00 PM,Sunday: Closed,8,,True,,,,,,,,,,,,,,,,,,,,False,no_website,False,False,False,False,85,HIGH,2026-04-14T18:52:28.220012
,Narovi Spa,OPERATIONAL,"Teniente Primero Angel Velazco, Asunción 001402, Paraguay",,Teniente Primero Angel Velazco,Recoleta,Asunción,Asunción,001402,Paraguay,-25.2902838,-57.5503573,0986 254164,+595 986 254164,,https://maps.google.com/?cid=7471808086656444296,"https://www.google.com/maps/dir/?api=1&destination=-25.2902838,-57.5503573",establishment|point_of_interest|spa,establishment,Beauty & Wellness,4.4,35,,True,Saturday: 9:00 AM – 8:00 PM,Sunday: Closed,10,,,,,,,,,,,,,,,,,,,,,,False,no_website,False,False,False,False,80,HIGH,2026-04-14T18:52:28.635268
,VILA Centro de Rehabilitación y SPA,OPERATIONAL,"Pitiantuta 347, Asunción 001208, Paraguay",347,Pitiantuta,Pettirossi,Asunción,Asunción,001208,Paraguay,-25.2904798,-57.6066606,0984 090428,+595 984 090428,https://vila-centro-de.localo.site/,https://maps.google.com/?cid=10456442645910396149,"https://www.google.com/maps/dir/?api=1&destination=-25.2904798,-57.6066606",establishment|point_of_interest|spa,establishment,Beauty & Wellness,0.0,0,,False,Saturday: 9:00 AM – 12:00 AM,Sunday: Closed,5,,False,,,,,,,,,,,,,,,,,,,,True,active,False,False,True,False,10,LOW,2026-04-14T18:52:29.017224
,Bendito Spa Boutique Carmelitas,OPERATIONAL,"PC9G+7P5, Asunción 001529, Paraguay",,,Canógrafa,Asunción,Asunción,001529,Paraguay,-25.282158,-57.5731437,0993 555560,+595 993 555560,,https://maps.google.com/?cid=6642491424284177894,"https://www.google.com/maps/dir/?api=1&destination=-25.282158,-57.5731437",establishment|point_of_interest|spa,establishment,Beauty & Wellness,4.9,26,,True,Saturday: 9:00 AM – 7:00 PM,Sunday: Closed,10,,,,,,,,,,,,,,,,,,,,,,False,no_website,False,False,False,False,80,HIGH,2026-04-14T18:52:29.406989
,Spa Irene,OPERATIONAL,"PC2F+F9P, Hassler, Asunción 001416, Paraguay",,Hassler,Canógrafa,Asunción,Asunción,001416,Paraguay,-25.2987752,-57.57653860000001,(021) 613 249,+595 21 613 249,,https://maps.google.com/?cid=3738990287670543359,"https://www.google.com/maps/dir/?api=1&destination=-25.2987752,-57.57653860000001",establishment|point_of_interest|spa,establishment,Beauty & Wellness,4.5,66,,True,Saturday: 9:00 AM – 7:30 PM,Sunday: Closed,2,,False,,,,,,,,,,,,,,,,,,,,False,no_website,False,False,False,False,85,HIGH,2026-04-14T18:52:29.805008
,Andessa Beauty Spa,OPERATIONAL,"Moisés Bertoni 2829, Asunción 1234, Paraguay",2829,Moisés Bertoni,Canógrafa,Asunción,Asunción,1234,Paraguay,-25.2982342,-57.56152580000001,0972 117210,+595 972 117210,,https://maps.google.com/?cid=3523732778939365990,"https://www.google.com/maps/dir/?api=1&destination=-25.2982342,-57.56152580000001",establishment|point_of_interest|spa,establishment,Beauty & Wellness,5.0,86,,True,Saturday: 9:00 AM – 1:59 PM,Sunday: Closed,4,,,,,,,,,,,,,,,,,,,,,,False,no_website,False,False,False,False,85,HIGH,2026-04-14T18:52:32.698778
,NATURE SPA,OPERATIONAL,"Denis Roa, Asunción 001407, Paraguay",,Denis Roa,Canógrafa,Asunción,Asunción,001407,Paraguay,-25.293155,-57.56046130000001,0971 860909,+595 971 860909,https://www.naturespa.com.py/,https://maps.google.com/?cid=12589451112582016340,"https://www.google.com/maps/dir/?api=1&destination=-25.293155,-57.56046130000001",establishment|health|point_of_interest|spa,establishment,Beauty & Wellness,4.7,13,,True,Saturday: 9:00 AM – 9:00 PM,Sunday: 10:00 AM – 6:00 PM,4,,True,,,,,,,,,,,,,,,,,,,,True,active,False,False,True,False,35,MEDIUM,2026-04-14T18:52:33.099931
,Saona Spa & Peluquería,OPERATIONAL,"Angel Espinoza 1427 entre, Manuel Blinder y, Asunción 1880, Paraguay",y,Teresa Lamas Carísimo,Canógrafa,Asunción,Paraguay,1880,Paraguay,-25.3098217,-57.5835938,0982 277770,+595 982 277770,http://facebook.com/saonaspa1,https://maps.google.com/?cid=11580438482955209992,"https://www.google.com/maps/dir/?api=1&destination=-25.3098217,-57.5835938",beauty_salon|establishment|point_of_interest|spa,beauty_salon,Beauty & Wellness,4.7,224,,True,Saturday: 9:00 AM – 7:00 PM,Sunday: Closed,10,,True,,,,,,,,,,,,,,,,,,,,True,social_media_only,True,False,False,False,80,HIGH,2026-04-14T18:52:33.500195
,Renacer Spa,OPERATIONAL,"PGH2+5RR, Luis Alberto de Herrera, Luque 110932, Paraguay",,Luis Alberto de Herrera,Luque (parte),Luque,Central,110932,Paraguay,-25.2720048,-57.4979782,0982 450269,+595 982 450269,,https://maps.google.com/?cid=6111254885413663332,"https://www.google.com/maps/dir/?api=1&destination=-25.2720048,-57.4979782",establishment|point_of_interest|spa,establishment,Beauty & Wellness,4.5,163,,True,Saturday: 9:00 AM – 8:00 PM,Sunday: Closed,5,,True,,,,,,,,,,,,,,,,,,,,False,no_website,False,False,False,False,85,HIGH,2026-04-14T18:52:36.487492
,Essencial SPA,OPERATIONAL,"Luque 110933, Paraguay",,,Luque (parte),Luque,Central Department,110933,Paraguay,-25.2711943,-57.5002259,0982 338886,+595 982 338886,,https://maps.google.com/?cid=7653777304160970693,"https://www.google.com/maps/dir/?api=1&destination=-25.2711943,-57.5002259",establishment|point_of_interest|spa,establishment,Beauty & Wellness,4.6,285,,True,Saturday: 8:00 AM – 8:00 PM,Sunday: Closed,4,,False,,,,,,,,,,,,,,,,,,,,False,no_website,False,False,False,False,85,HIGH,2026-04-14T18:52:39.412627
