place_id,name,status,address,street_number,street_name,neighborhood,city,state,postal_code,country,lat,lng,phone,international_phone,website,google_maps_url,google_maps_direction_url,types,primary_type,vertical,rating,total_reviews,price_level,is_open_now,saturday_hours,sunday_hours,photo_count,editorial_summary,wheelchair_accessible,takeout,delivery,dine_in,curbside_pickup,reservable,good_for_children,good_for_groups,outdoor_seating,live_music,serves_beer,serves_wine,serves_vegan,serves_vegetarian,serves_breakfast,serves_lunch,serves_dinner,serves_brunch,parking_options,payment_options,has_website,website_status,website_is_social_only,website_is_free_builder,website_uses_https,website_redirects_to_social,lead_score,lead_priority,scraped_at
,Dra. Diana Grossling,OPERATIONAL,"Eusebio Lillo Robles 1750, Asunción 1750, Paraguay",1750,Eusebio Lillo Robles,Canógrafa,Asunción,Asunción,,Paraguay,-25.2903428,-57.5721832,0982 160036,+595 982 160036,,https://maps.google.com/?cid=13262641414008728968,,beauty_salon|establishment|point_of_interest|spa,beauty_salon,Beauty & Wellness,4.8,34,,,,,0,,,,,,,,,,,,,,,,,,,,,,False,no_website,False,False,False,False,80,HIGH,2026-04-14T23:44:52.928750
,RENUVA - Clínica estética y laser,OPERATIONAL,"Eusebio Lillo Robles 1498 esq, Asunción 001411, Paraguay",1498 esq,Eusebio Lillo Robles,Canógrafa,Asunción,Asunción,,Paraguay,-25.2893184,-57.57473409999999,0981 521527,+595 981 521527,,https://maps.google.com/?cid=11547781399002133935,,establishment|health|point_of_interest,establishment,Other,4.8,248,,,,,0,,,,,,,,,,,,,,,,,,,,,,False,no_website,False,False,False,False,85,HIGH,2026-04-14T23:44:53.351727
,Consultorio Médico y Estético,OPERATIONAL,"Dr. Carlos Centurion 353 casi, Asunción 001232, Paraguay",353 casi,Avenida Médicos del Chaco,Pettirossi,Asunción,Asunción,,Paraguay,-25.3118125,-57.59768589999999,0984 434449,+595 984 434449,http://facebook.com/medicoyestetico,https://maps.google.com/?cid=8505419129905295222,,establishment|health|point_of_interest|spa,establishment,Beauty & Wellness,5.0,1,,,,,0,,,,,,,,,,,,,,,,,,,,,,True,social_media_only,True,False,False,False,60,HIGH,2026-04-14T23:44:54.121458
,Centro Legrand - Medicina Estética,OPERATIONAL,"Molas Lopez 1232, Asunción 001520, Paraguay",1232,Molas Lopez,Canógrafa,Asunción,Asunción,,Paraguay,-25.2704166,-57.57215069999999,0985 135222,+595 985 135222,,https://maps.google.com/?cid=18425977003918256183,,establishment|health|point_of_interest,establishment,Other,3.7,7,,,,,0,,,,,,,,,,,,,,,,,,,,,,False,no_website,False,False,False,False,70,HIGH,2026-04-14T23:44:54.888123
,Dra. Roxana Maciel,OPERATIONAL,"Julián Alarcon, Asunción 001528, Paraguay",,Julián Alarcon,Canógrafa,Asunción,Asunción,,Paraguay,-25.2734317,-57.5727096,0984 197669,+595 984 197669,,https://maps.google.com/?cid=6870393465649182615,,doctor|establishment|health|point_of_interest,doctor,Health & Medical,5.0,4,,,,,0,,,,,,,,,,,,,,,,,,,,,,False,no_website,False,False,False,False,65,HIGH,2026-04-14T23:44:55.653123
,Clínica Maely Sales,OPERATIONAL,"Camilo Recalde 595 Esquina, Asunción 001416, Paraguay",595 Esquina,Doctor Toribio Pacheco,Canógrafa,Asunción,Asunción,,Paraguay,-25.3019008,-57.57637820000001,0991 719767,+595 991 719767,https://www.instagram.com/clinicamaelysales?igsh=cng4czltc3hiYjJr,https://maps.google.com/?cid=12892341147976984087,,establishment|health|point_of_interest,establishment,Other,5.0,9,,,,,0,,,,,,,,,,,,,,,,,,,,,,True,social_media_only,True,False,False,False,70,HIGH,2026-04-14T23:44:56.043077
,BotoClubPy,OPERATIONAL,"Avenida Molas Lopez 687 casi Prof, Dr. Cirilo Caceres Zorrilla, Asunción 001527, Paraguay",,Doctor Cirilo Caceres Zorrilla,Canógrafa,Asunción,Asunción,,Paraguay,-25.2769434,-57.5653131,0981 242440,+595 981 242440,,https://maps.google.com/?cid=2255612490121089825,,establishment|health|point_of_interest,establishment,Other,5.0,1,,,,,0,,,,,,,,,,,,,,,,,,,,,,False,no_website,False,False,False,False,65,HIGH,2026-04-14T23:44:56.413754
,Beauty & Spa Body Line,OPERATIONAL,"Cedro 1168 casi Pilar Asunción, Cedro 1168, Asunción 1911, Paraguay",1168,Cedro,Lambaré (parte),Asunción,Paraguay,,Paraguay,-25.3221761,-57.5926049,(021) 551 797,+595 21 551 797,https://www.facebook.com/bodylinebeutyspa/,https://maps.google.com/?cid=12614099197585261487,,establishment|point_of_interest|spa,establishment,Beauty & Wellness,4.4,287,,,,,0,,,,,,,,,,,,,,,,,,,,,,True,social_media_only,True,False,False,False,80,HIGH,2026-04-14T23:44:56.832896
,Clinica Dr.T,OPERATIONAL,"Soldado Desconocido 125, Asunción 0000, Paraguay",,,Canógrafa,Asunción,Paraguay,,Paraguay,-25.285341,-57.5828088,(021) 602 490,+595 21 602 490,,https://maps.google.com/?cid=10880549823631431601,,establishment|health|point_of_interest|spa,establishment,Beauty & Wellness,4.8,53,,,,,0,,,,,,,,,,,,,,,,,,,,,,False,no_website,False,False,False,False,85,HIGH,2026-04-14T23:44:57.237480
,Skin care clinic,OPERATIONAL,"Cruz Del Chaco 648, Asunción 001412, Paraguay",648,Doctor Toribio Pacheco,Canógrafa,Asunción,Asunción,,Paraguay,-25.29892,-57.58178769999999,0981 556200,+595 981 556200,,https://maps.google.com/?cid=10478289311850925924,,establishment|health|point_of_interest|spa|store,establishment,Beauty & Wellness,4.3,11,,,,,0,,,,,,,,,,,,,,,,,,,,,,False,no_website,False,False,False,False,75,HIGH,2026-04-14T23:44:57.621928
,KLINIC Medicina Estética y Oculoplastia,OPERATIONAL,"América 187 casi, Asunción 001207, Paraguay",187 casi,América,Pettirossi,Asunción,Asunción,,Paraguay,-25.2910004,-57.5978927,0971 892298,+595 971 892298,,https://maps.google.com/?cid=16801909369234080492,,establishment|health|point_of_interest,establishment,Other,3.9,14,,,,,0,,,,,,,,,,,,,,,,,,,,,,False,no_website,False,False,False,False,70,HIGH,2026-04-14T23:44:57.998278
,Clínica Galema de la Doctora Lorena González,OPERATIONAL,"Dr. Osvaldo Chavez 1717, Asunción 001422, Paraguay",1717,Doctor Osvaldo Chavez,Pettirossi,Asunción,Asunción,,Paraguay,-25.3123253,-57.5932913,0976 567568,+595 976 567568,,https://maps.google.com/?cid=14753632143017496340,,establishment|health|point_of_interest,establishment,Other,5.0,5,,,,,0,,,,,,,,,,,,,,,,,,,,,,False,no_website,False,False,False,False,75,HIGH,2026-04-14T23:44:59.158443
,"Essenza cirugia, medicina estética y odontologica",OPERATIONAL,"Cerro Cora 3948 & Radio Operadores del Chaco, Cerro Corá 3948, Asunción 1594, Paraguay",3948,Cerro Corá,Pettirossi,Asunción,Asunción,,Paraguay,-25.3021313,-57.5972728,0986 318186,+595 986 318186,,https://maps.google.com/?cid=4164317871474300305,,establishment|health|point_of_interest,establishment,Other,4.3,6,,,,,0,,,,,,,,,,,,,,,,,,,,,,False,no_website,False,False,False,False,75,HIGH,2026-04-14T23:44:59.556127
,Clínica Destéfano,OPERATIONAL,"Cerro Corá y, Asunción 001227, Paraguay",y,33 Orientales,Tte. Fariña,Asunción,Asunción,,Paraguay,-25.2977145,-57.60894440000001,0981 211380,+595 981 211380,,https://maps.google.com/?cid=9887353606913148092,,establishment|point_of_interest,establishment,Other,5.0,2,,,,,0,,,,,,,,,,,,,,,,,,,,,,False,no_website,False,False,False,False,65,HIGH,2026-04-14T23:44:59.961064
,Centro Médico Corppolive,OPERATIONAL,"Santisimo Sacramento 3069, Asunción 001519, Paraguay",3069,Santisimo Sacramento,Mcal. López,Asunción,Asunción,,Paraguay,-25.2553413,-57.5772593,0971 568547,+595 971 568547,,https://maps.google.com/?cid=2379231995811348932,,establishment|health|hospital|point_of_interest,establishment,Health & Medical,5.0,259,,,,,0,,,,,,,,,,,,,,,,,,,,,,False,no_website,False,False,False,False,85,HIGH,2026-04-14T23:45:03.447892
,Carolina Zarate Spa,OPERATIONAL,"Mariscal Antonio Jose Sucre, Asunción 001411, Paraguay",,Mariscal Antonio Jose Sucre,Canógrafa,Asunción,Asunción,,Paraguay,-25.2905983,-57.5749821,0981 800788,+595 981 800788,https://www.instagram.com/carolinazaratespa/,https://maps.google.com/?cid=5181655666533394573,,establishment|point_of_interest|spa,establishment,Beauty & Wellness,4.8,205,,,,,0,,,,,,,,,,,,,,,,,,,,,,True,social_media_only,True,False,False,False,80,HIGH,2026-04-14T23:45:04.298581
,Bethel Spa Asuncion,OPERATIONAL,"Av. Santísima Trinidad 1995, Asunción 001520, Paraguay",1995,Avenida Santísima Trinidad,Centro,Asunción,Asunción,,Paraguay,-25.2650858,-57.5707506,,,https://www.instagram.com/bethelasuncion/,https://maps.google.com/?cid=7714697824772540596,,establishment|point_of_interest|spa,establishment,Beauty & Wellness,4.3,80,,,,,0,,,,,,,,,,,,,,,,,,,,,,True,social_media_only,True,False,False,False,75,HIGH,2026-04-14T23:45:04.718436
,Sempre Bela Fisio Estética,OPERATIONAL,"Asunción 001522, Paraguay",,,Manorá,Asunción,Asunción,,Paraguay,-25.2611875,-57.55643749999999,0986 663434,+595 986 663434,,https://maps.google.com/?cid=2423845964427969905,,establishment|point_of_interest|spa,establishment,Beauty & Wellness,4.9,116,,,,,0,,,,,,,,,,,,,,,,,,,,,,False,no_website,False,False,False,False,85,HIGH,2026-04-14T23:45:05.179634
,Skin Solutions,OPERATIONAL,"Dr. Teodoro Rojas 635 Casi, Asunción 1147, Paraguay",635 Casi,Coronel Manuel José Montiel,Mcal. López,Asunción,Asunción,,Paraguay,-25.2546788,-57.58021739999999,0985 460765,+595 985 460765,,https://maps.google.com/?cid=16756176333419620342,,beauty_salon|establishment|point_of_interest|spa,beauty_salon,Beauty & Wellness,4.8,16,,,,,0,,,,,,,,,,,,,,,,,,,,,,False,no_website,False,False,False,False,75,HIGH,2026-04-14T23:45:05.999765
,Sky Head Spa,OPERATIONAL,"Sgto. José León Gauto 660 casi, Asunción 001207, Paraguay",660 casi,Soldado Paraguayo,Pettirossi,Asunción,Asunción,,Paraguay,-25.2823441,-57.59574180000001,0972 446106,+595 972 446106,,https://maps.google.com/?cid=3622178759079401111,,establishment|point_of_interest|spa,establishment,Beauty & Wellness,5.0,9,,,,,0,,,,,,,,,,,,,,,,,,,,,,False,no_website,False,False,False,False,75,HIGH,2026-04-14T23:45:06.392023
,Bendito Spa Boutique Carmelitas,OPERATIONAL,"PC9G+7P5, Asunción 001529, Paraguay",,,Canógrafa,Asunción,Asunción,,Paraguay,-25.282158,-57.5731437,0993 555560,+595 993 555560,,https://maps.google.com/?cid=6642491424284177894,,establishment|point_of_interest|spa,establishment,Beauty & Wellness,4.9,26,,,,,0,,,,,,,,,,,,,,,,,,,,,,False,no_website,False,False,False,False,80,HIGH,2026-04-14T23:45:06.789061
,Calma tu alma estética integral central,OPERATIONAL,"Av. España 2031 casi, Asunción 2060, Paraguay",2031 casi,Avenida España,Pettirossi,Asunción,Asunción,,Paraguay,-25.2879066,-57.601607,0983 444427,+595 983 444427,http://www.facebook.com/calmatualmaspa,https://maps.google.com/?cid=6573544271868814481,,establishment|point_of_interest|spa,establishment,Beauty & Wellness,4.6,159,,,,,0,,,,,,,,,,,,,,,,,,,,,,True,social_media_only,True,False,False,False,80,HIGH,2026-04-14T23:45:07.190099
,Amaran Estética,OPERATIONAL,"Cuartel de la Rivera 4926, Asunción 001414, Paraguay",4926,Cuartel de la Rivera,Canógrafa,Asunción,Asunción,,Paraguay,-25.3031681,-57.5872896,0992 330183,+595 992 330183,,https://maps.google.com/?cid=3054484626200256296,,beauty_salon|establishment|point_of_interest|spa,beauty_salon,Beauty & Wellness,4.8,66,,,,,0,,,,,,,,,,,,,,,,,,,,,,False,no_website,False,False,False,False,85,HIGH,2026-04-14T23:45:07.998134
,BONICA - Women's Club,OPERATIONAL,"Teniente Héctor Vera esq, Asunción 1816, Paraguay",esq,Senador Huey Pierce Long,Canógrafa,Asunción,Asunción,,Paraguay,-25.2863258,-57.5765019,0982 669939,+595 982 669939,,https://maps.google.com/?cid=6199240754809078488,,beauty_salon|establishment|point_of_interest|spa,beauty_salon,Beauty & Wellness,4.8,66,,,,,0,,,,,,,,,,,,,,,,,,,,,,False,no_website,False,False,False,False,85,HIGH,2026-04-14T23:45:08.415369
,Mudraa Spa Py,OPERATIONAL,"Carmen Soler 3640 c, Asunción 0000, Paraguay",3640 c,Gaudioso Nuñez,Pettirossi,Asunción,Asunción,,Paraguay,-25.2987219,-57.6004613,0971 186989,+595 971 186989,https://www.instagram.com/mudraa.py/,https://maps.google.com/?cid=14647592378158731390,,establishment|point_of_interest|spa,establishment,Beauty & Wellness,4.9,116,,,,,0,,,,,,,,,,,,,,,,,,,,,,True,social_media_only,True,False,False,False,80,HIGH,2026-04-14T23:45:08.809365
,Andessa Beauty Spa,OPERATIONAL,"Moisés Bertoni 2829, Asunción 1234, Paraguay",2829,Moisés Bertoni,Canógrafa,Asunción,Asunción,,Paraguay,-25.2982342,-57.56152580000001,0972 117210,+595 972 117210,,https://maps.google.com/?cid=3523732778939365990,,establishment|point_of_interest|spa,establishment,Beauty & Wellness,5.0,86,,,,,0,,,,,,,,,,,,,,,,,,,,,,False,no_website,False,False,False,False,85,HIGH,2026-04-14T23:45:09.229243
,Urban Spa Acquadolce,OPERATIONAL,"Tacuary 1334 e/ 1ra. y 2da. Proyectada, Tacuary 1334, Asunción 001103, Paraguay",1334,Tacuary,Santa Ana,Asunción,Asunción,,Paraguay,-25.295013,-57.6349107,0961 281515,+595 961 281515,,https://maps.google.com/?cid=8318301802922384466,,beauty_salon|establishment|hair_care|health|point_of_interest|spa,beauty_salon,Beauty & Wellness,4.7,309,,,,,0,,,,,,,,,,,,,,,,,,,,,,False,no_website,False,False,False,False,85,HIGH,2026-04-14T23:45:09.638892
,Dermalaser,OPERATIONAL,"Vasconcellos 1345, Asunción 001410, Paraguay",1345,Vasconcellos,Canógrafa,Asunción,Asunción,,Paraguay,-25.2855909,-57.5683925,0981 906090,+595 981 906090,,https://maps.google.com/?cid=8457319584351382246,,establishment|health|point_of_interest,establishment,Other,4.0,36,,,,,0,,,,,,,,,,,,,,,,,,,,,,False,no_website,False,False,False,False,80,HIGH,2026-04-14T23:45:12.944054
,Alma Spa,OPERATIONAL,"Jacaranda, Tajy, San Lorenzo 111403, Paraguay",,Tajy,Fernando de la Mora (parte),San Lorenzo,Tetãvore Central,,Paraguay,-25.3152818,-57.51810649999999,0974 232300,+595 974 232300,,https://maps.google.com/?cid=1867927463085414135,,establishment|health|point_of_interest|spa,establishment,Beauty & Wellness,4.3,6,,,,,0,,,,,,,,,,,,,,,,,,,,,,False,no_website,False,False,False,False,75,HIGH,2026-04-14T23:45:13.357120
,Vital Clinica Integral,OPERATIONAL,"Edificio ABIBA, Alcorta 360 casi, Asunción 1609, Paraguay",360 casi,Luis Patri,Pettirossi,Asunción,Asunción,,Paraguay,-25.3108381,-57.59853889999999,0971 622111,+595 971 622111,,https://maps.google.com/?cid=2428834487726268241,,establishment|health|point_of_interest,establishment,Other,5.0,3,,,,,0,,,,,,,,,,,,,,,,,,,,,,False,no_website,False,False,False,False,65,HIGH,2026-04-14T23:45:13.735211
,American Center,OPERATIONAL,"Tte. Ricardo Cocco Riveros 1, Asunción 001207, Paraguay",,,Pettirossi,Asunción,Paraguay,,Paraguay,-25.2908529,-57.5982195,(021) 615 442,+595 21 615 442,http://www.facebook.com/AmericanCenterPy,https://maps.google.com/?cid=12348440124378925673,,establishment|health|point_of_interest,establishment,Other,4.4,7,,,,,0,,,,,,,,,,,,,,,,,,,,,,True,social_media_only,True,False,False,False,70,HIGH,2026-04-14T23:45:14.134551
,Zalyra | Armonización facial y corporal,OPERATIONAL,"Asunción 001527, Paraguay",,,Canógrafa,Asunción,Asunción,,Paraguay,-25.2816572,-57.56570379999999,0982 465060,+595 982 465060,,https://maps.google.com/?cid=10813296819256683722,,doctor|establishment|health|point_of_interest,doctor,Health & Medical,5.0,8,,,,,0,,,,,,,,,,,,,,,,,,,,,,False,no_website,False,False,False,False,75,HIGH,2026-04-14T23:45:14.925411
,Star Bella,OPERATIONAL,"My. Carmelo Peralta 3087, Asunción 001240, Paraguay",3087,Centenario,Lambaré (parte),Asunción,Asunción,,Paraguay,-25.3183122,-57.6223458,0982 237978,+595 982 237978,,https://maps.google.com/?cid=8022918428426292743,,establishment|point_of_interest,establishment,Other,0.0,0,,,,,0,,,,,,,,,,,,,,,,,,,,,,False,no_website,False,False,False,False,50,MEDIUM,2026-04-14T23:45:15.703956
,Beauty Center Paraguay,OPERATIONAL,"Jaime Bestard 2728, Asunción 001402, Paraguay",2728,Jaime Bestard,Recoleta,Asunción,Asunción,,Paraguay,-25.2844818,-57.55729039999999,0971 668800,+595 971 668800,,https://maps.google.com/?cid=3949657355352930741,,beauty_salon|establishment|point_of_interest|spa,beauty_salon,Beauty & Wellness,5.0,1,,,,,0,,,,,,,,,,,,,,,,,,,,,,False,no_website,False,False,False,False,65,HIGH,2026-04-14T23:45:16.464785
,LC BEAUTY & CARE,OPERATIONAL,"Teniente Figueredo y, Asunción 0000, Paraguay",y,Calle La Unión,Pyrá,Asunción,Asunción,,Paraguay,-25.2295388,-57.5582921,0994 281661,+595 994 281661,,https://maps.google.com/?cid=16126805058713355528,,beauty_salon|establishment|point_of_interest|spa,beauty_salon,Beauty & Wellness,5.0,1,,,,,0,,,,,,,,,,,,,,,,,,,,,,False,no_website,False,False,False,False,65,HIGH,2026-04-14T23:45:16.877512
,Saona Spa & Peluquería,OPERATIONAL,"Angel Espinoza 1427 entre, Manuel Blinder y, Asunción 1880, Paraguay",y,Teresa Lamas Carísimo,Canógrafa,Asunción,Paraguay,,Paraguay,-25.3098217,-57.5835938,0982 277770,+595 982 277770,http://facebook.com/saonaspa1,https://maps.google.com/?cid=11580438482955209992,,beauty_salon|establishment|point_of_interest|spa,beauty_salon,Beauty & Wellness,4.7,224,,,,,0,,,,,,,,,,,,,,,,,,,,,,True,social_media_only,True,False,False,False,80,HIGH,2026-04-14T23:45:17.299539
,Ambar Masaje Terapéutico,OPERATIONAL,"Masonería Paraguaya 7305 esq, Asunción 001419, Paraguay",7305 esq,Mecanicos de Aviacion,Canógrafa,Asunción,Asunción,,Paraguay,-25.314203,-57.5601849,0982 913225,+595 982 913225,https://web.facebook.com/AMBARMASAJETERAPEUTICO,https://maps.google.com/?cid=13233707422351271532,,establishment|point_of_interest,establishment,Other,5.0,5,,,,,0,,,,,,,,,,,,,,,,,,,,,,True,social_media_only,True,False,False,False,70,HIGH,2026-04-14T23:45:21.456659
,Masajes Asuncion,OPERATIONAL,"Santisimo Sacramento casi, Asunción 001519, Paraguay",casi,Sargento Primero Juan Cespedes,Mcal. López,Asunción,Asunción,,Paraguay,-25.2549546,-57.5762453,0986 855888,+595 986 855888,,https://maps.google.com/?cid=1449061746140380945,,establishment|point_of_interest,establishment,Other,0.0,0,,,,,0,,,,,,,,,,,,,,,,,,,,,,False,no_website,False,False,False,False,50,MEDIUM,2026-04-14T23:45:21.841857
,Masaje RUSO,OPERATIONAL,"Eusebio Lillo Robles 2808, Asunción 001407, Paraguay",2808,Eusebio Lillo Robles,Canógrafa,Asunción,Asunción,,Paraguay,-25.2930583,-57.5584476,0991 369971,+595 991 369971,,https://maps.google.com/?cid=3451141366346108905,,establishment|point_of_interest,establishment,Other,5.0,87,,,,,0,,,,,,,,,,,,,,,,,,,,,,False,no_website,False,False,False,False,85,HIGH,2026-04-14T23:45:22.255762
,Borcelle Spa,OPERATIONAL,"JCPX+8XH, Asunción 0012, Paraguay",,,Santa Ana,Asunción,Asunción,,Paraguay,-25.2921792,-57.6254541,0981 044443,+595 981 044443,https://instagram.com/borcellespa.py?igshid=MTk0NTkyODZkYg==,https://maps.google.com/?cid=7095285031299920198,,establishment|point_of_interest|spa,establishment,Beauty & Wellness,4.8,44,,,,,0,,,,,,,,,,,,,,,,,,,,,,True,social_media_only,True,False,False,False,75,HIGH,2026-04-14T23:45:22.668751
,The Prevention Therapy Center,OPERATIONAL,"Itapua &, Av. Santísima Trinidad, Asunción 001520, Paraguay",,Avenida Santísima Trinidad,Centro,Asunción,Asunción,,Paraguay,-25.2611261,-57.5768894,0981 735994,+595 981 735994,,https://maps.google.com/?cid=2155780593286938128,,establishment|health|point_of_interest,establishment,Other,4.8,216,,,,,0,,,,,,,,,,,,,,,,,,,,,,False,no_website,False,False,False,False,85,HIGH,2026-04-14T23:45:23.854346
,Armonía Bienestar y Estetica,OPERATIONAL,"Boquerón 353 esquina, Asunción 1409, Paraguay",353 esquina,Boquerón,Tte. Fariña,Asunción,Asunción,,Paraguay,-25.2866096,-57.61803930000001,0981 454905,+595 981 454905,,https://maps.google.com/?cid=10164480919119384970,,establishment|point_of_interest|spa,establishment,Beauty & Wellness,4.9,52,,,,,0,,,,,,,,,,,,,,,,,,,,,,False,no_website,False,False,False,False,85,HIGH,2026-04-14T23:45:24.632616
,Teranu,OPERATIONAL,"Guillermo Saraví, Asunción 001414, Paraguay",,Guillermo Saraví,Pettirossi,Asunción,Asunción,,Paraguay,-25.3019804,-57.5906093,0971 252626,+595 971 252626,,https://maps.google.com/?cid=11181812117761772115,,establishment|point_of_interest|spa,establishment,Beauty & Wellness,4.8,184,,,,,0,,,,,,,,,,,,,,,,,,,,,,False,no_website,False,False,False,False,85,HIGH,2026-04-14T23:45:25.046586
,Bienestar spa y fisioterapia,OPERATIONAL,"Mariscal Francisco Solano Lopez casi, Lambaré 110724, Paraguay",casi,Nanawa,Lambaré (parte),Lambaré,Central,,Paraguay,-25.3474505,-57.6285895,0992 445867,+595 992 445867,,https://maps.google.com/?cid=17495621327193672380,,establishment|point_of_interest|spa,establishment,Beauty & Wellness,4.8,24,,,,,0,,,,,,,,,,,,,,,,,,,,,,False,no_website,False,False,False,False,80,HIGH,2026-04-14T23:45:25.438388
,RINNOVO - Terapia Física Integral,OPERATIONAL,"José Asunción Flores 3483, Asunción 001230, Paraguay",3483,José Asunción Flores,Tte. Fariña,Asunción,Asunción,,Paraguay,-25.3045996,-57.6055147,0974 587000,+595 974 587000,,https://maps.google.com/?cid=12576304372113854889,,establishment|health|physiotherapist|point_of_interest,establishment,Health & Medical,5.0,5,,,,,0,,,,,,,,,,,,,,,,,,,,,,False,no_website,False,False,False,False,75,HIGH,2026-04-14T23:45:25.839776
,Namaste Spa Male,OPERATIONAL,"Dr. Carlos Abdala 1006, Asunción 001528, Paraguay",1006,Doctor Carlos Abdala,Canógrafa,Asunción,Asunción,,Paraguay,-25.2763051,-57.5710664,0985 660289,+595 985 660289,,https://maps.google.com/?cid=5311162469668517211,,establishment|health|point_of_interest|spa,establishment,Beauty & Wellness,3.9,29,,,,,0,,,,,,,,,,,,,,,,,,,,,,False,no_website,False,False,False,False,75,HIGH,2026-04-14T23:45:26.266659
,Nuevos Hábitos Spa & Centro de Masajes,OPERATIONAL,"Guillermo Saraví esq, Asunción 001413, Paraguay",esq,Cap. Juan Genaro Lafranconi,Canógrafa,Asunción,Asunción,,Paraguay,-25.2974277,-57.58861519999999,0981 966000,+595 981 966000,,https://maps.google.com/?cid=1904969769595652945,,beauty_salon|establishment|point_of_interest,beauty_salon,Beauty & Wellness,4.9,24,,,,,0,,,,,,,,,,,,,,,,,,,,,,False,no_website,False,False,False,False,80,HIGH,2026-04-14T23:45:26.654124
,Vitalis Spa Center,OPERATIONAL,"Sargento Martínez 289 entre Dr. Abente Haedo y Dr. Telmo Aquino, Asunción 1112, Paraguay",,,Pettirossi,Asunción,Paraguay,,Paraguay,-25.2935,-57.59647280000001,0972 191875,+595 972 191875,,https://maps.google.com/?cid=4688576792513283473,,doctor|establishment|health|point_of_interest|spa,doctor,Health & Medical,4.4,20,,,,,0,,,,,,,,,,,,,,,,,,,,,,False,no_website,False,False,False,False,80,HIGH,2026-04-14T23:45:27.474331
,PIBA estetica y depilación,OPERATIONAL,"PC3C+XQP, Av. Mariscal López, Asunción 1814, Paraguay",,Avenida Mariscal López,Canógrafa,Asunción,Asunción,,Paraguay,-25.2951899,-57.5785654,0994 242249,+595 994 242249,https://www.instagram.com/piba.estetica/,https://maps.google.com/?cid=16318985808696029694,,beauty_salon|establishment|hair_care|health|point_of_interest,beauty_salon,Beauty & Wellness,4.9,327,,,,,0,,,,,,,,,,,,,,,,,,,,,,True,social_media_only,True,False,False,False,80,HIGH,2026-04-14T23:45:31.202148
,Espaçolaser Depilación,OPERATIONAL,"Del Maestro, &, Asunción 001411, Paraguay",,Senador Huey Pierce Long,Canógrafa,Asunción,Asunción,,Paraguay,-25.2916537,-57.5783624,0991 856305,+595 991 856305,,https://maps.google.com/?cid=6186313033750310549,,beauty_salon|establishment|hair_care|point_of_interest|store,beauty_salon,Beauty & Wellness,3.9,28,,,,,0,,,,,,,,,,,,,,,,,,,,,,False,no_website,False,False,False,False,75,HIGH,2026-04-14T23:45:31.996855
,Galilea Estetica,OPERATIONAL,"Sta. Rosa 944 c, Asunción 1411, Paraguay",944 c,Sargento José León Gauto,Sajonia,Asunción,Asunción,,Paraguay,-25.2826214,-57.59021970000001,0994 681789,+595 994 681789,,https://maps.google.com/?cid=9709581609310070444,,establishment|point_of_interest|store,establishment,Retail & Shopping,5.0,395,,,,,0,,,,,,,,,,,,,,,,,,,,,,False,no_website,False,False,False,False,85,HIGH,2026-04-14T23:45:32.388756
,BleuDepilación,OPERATIONAL,"Cnel. Ramón Diaz 564, Asunción 001416, Paraguay",564,Coronel Ramón Diaz,Canógrafa,Asunción,Asunción,,Paraguay,-25.3010256,-57.5779929,0971 161733,+595 971 161733,,https://maps.google.com/?cid=18115143589449709051,,beauty_salon|establishment|point_of_interest,beauty_salon,Beauty & Wellness,4.9,141,,,,,0,,,,,,,,,,,,,,,,,,,,,,False,no_website,False,False,False,False,85,HIGH,2026-04-14T23:45:32.801676
,Tessa Laser,OPERATIONAL,"Dr. José Gómez Brizuela 1436, Asunción 001520, Paraguay",1436,Doctor José Gómez Brizuela,Manorá,Asunción,Asunción,,Paraguay,-25.2644831,-57.55749109999999,0971 616222,+595 971 616222,,https://maps.google.com/?cid=678127356903865167,,beauty_salon|establishment|hair_care|health|point_of_interest,beauty_salon,Beauty & Wellness,5.0,3,,,,,0,,,,,,,,,,,,,,,,,,,,,,False,no_website,False,False,False,False,65,HIGH,2026-04-14T23:45:33.206425
,MMUSA CLÍNICA DEPILACION LÁSER,OPERATIONAL,"Doctor Toribio Pacheco &, Charles De Gaulle, Asunción 001412, Paraguay",,Charles De Gaulle,Canógrafa,Asunción,Asunción,,Paraguay,-25.2987686,-57.5829265,0981 131368,+595 981 131368,,https://maps.google.com/?cid=1938820290274325516,,beauty_salon|establishment|point_of_interest,beauty_salon,Beauty & Wellness,4.3,42,,,,,0,,,,,,,,,,,,,,,,,,,,,,False,no_website,False,False,False,False,80,HIGH,2026-04-14T23:45:33.610465
,Cayetana Paraguay,OPERATIONAL,"Federación Rusa 1101, Asunción 001528, Paraguay",1101,Federación Rusa,Canógrafa,Asunción,Asunción,,Paraguay,-25.2793265,-57.57388399999999,0992 642794,+595 992 642794,,https://maps.google.com/?cid=11398866123727042251,,beauty_salon|establishment|hair_care|health|point_of_interest,beauty_salon,Beauty & Wellness,4.3,11,,,,,0,,,,,,,,,,,,,,,,,,,,,,False,no_website,False,False,False,False,75,HIGH,2026-04-14T23:45:34.823523
,DEPICENTER lo mejor en depilacion VENEZUELA,OPERATIONAL,"Avenida Venezuela 593 e, Av. España y, Asunción 1721, Paraguay",y,Fray Luis de León,Pettirossi,Asunción,Paraguay,,Paraguay,-25.2865376,-57.595121,,,,https://maps.google.com/?cid=3383069730149610729,,beauty_salon|establishment|hair_care|point_of_interest,beauty_salon,Beauty & Wellness,4.7,48,,,,,0,,,,,,,,,,,,,,,,,,,,,,False,no_website,False,False,False,False,75,HIGH,2026-04-14T23:45:35.218671
,Ciria Depilaciones Campo Grande,OPERATIONAL,"PFH3+636, Asunción 001524, Paraguay",,,Manorá,Asunción,Asunción,,Paraguay,-25.2719595,-57.5473559,0981 933247,+595 981 933247,,https://maps.google.com/?cid=14307062693368596887,,beauty_salon|establishment|hair_care|point_of_interest,beauty_salon,Beauty & Wellness,4.8,152,,,,,0,,,,,,,,,,,,,,,,,,,,,,False,no_website,False,False,False,False,85,HIGH,2026-04-14T23:45:35.616493
,MZ Beauty Salon,OPERATIONAL,"mandyju pekua, Villa Elisa 111516, Paraguay",,mandyju pekua,Lambaré (parte),Villa Elisa,Central,,Paraguay,-25.3846868,-57.5782221,0984 219733,+595 984 219733,,https://maps.google.com/?cid=14182165468619896924,,beauty_salon|establishment|point_of_interest,beauty_salon,Beauty & Wellness,5.0,4,,,,,0,,,,,,,,,,,,,,,,,,,,,,False,no_website,False,False,False,False,65,HIGH,2026-04-14T23:45:38.959693
,Salón de Belleza Lucy,OPERATIONAL,"JCMF+59R, Villa Elisa 111509, Paraguay",,,Lambaré (parte),Villa Elisa,Central Department,,Paraguay,-25.3670057,-57.5766229,0983 341407,+595 983 341407,,https://maps.google.com/?cid=17500698922703927411,,beauty_salon|establishment|point_of_interest,beauty_salon,Beauty & Wellness,4.8,24,,,,,0,,,,,,,,,,,,,,,,,,,,,,False,no_website,False,False,False,False,80,HIGH,2026-04-14T23:45:39.357492
,Crisna Beauty Salon,OPERATIONAL,"0001 Villa Elisa, Villa Elisa 0001, Paraguay",,,Lambaré (parte),Villa Elisa,Central,,Paraguay,-25.3664779,-57.585508,0993 588897,+595 993 588897,,https://maps.google.com/?cid=11000481025847669430,,beauty_salon|establishment|point_of_interest,beauty_salon,Beauty & Wellness,5.0,8,,,,,0,,,,,,,,,,,,,,,,,,,,,,False,no_website,False,False,False,False,75,HIGH,2026-04-14T23:45:39.752414
,WA Centro de Belleza F/M,OPERATIONAL,"Valentino Manuel, Villa Elisa 111503, Paraguay",,Valentino Manuel,Lambaré (parte),Villa Elisa,Central,,Paraguay,-25.3526935,-57.57743319999999,0994 894304,+595 994 894304,,https://maps.google.com/?cid=5789625234835414451,,establishment|hair_care|point_of_interest,establishment,Beauty & Wellness,4.5,8,,,,,0,,,,,,,,,,,,,,,,,,,,,,False,no_website,False,False,False,False,75,HIGH,2026-04-14T23:45:40.152008
,Salon de Belleza Amada,OPERATIONAL,"MC26+GGV, Virgilio Enciso, Villa Elisa 111501, Paraguay",,Virgilio Enciso,Lambaré (parte),Villa Elisa,Central,,Paraguay,-25.3486377,-57.58871180000001,,,,https://maps.google.com/?cid=6815329904586051527,,establishment|hair_care|point_of_interest,establishment,Beauty & Wellness,4.9,20,,,,,0,,,,,,,,,,,,,,,,,,,,,,False,no_website,False,False,False,False,75,HIGH,2026-04-14T23:45:40.553127
,Dua Nails beauty center,OPERATIONAL,"Virgen del Rosario, Villa Elisa 111512, Paraguay",,Rio Salado,Lambaré (parte),Villa Elisa,Central,,Paraguay,-25.3728408,-57.59045389999999,0985 439183,+595 985 439183,https://instagram.com/duanailsbeautycenter?igshid=MzRlODBiNWFlZA==,https://maps.google.com/?cid=10934552072609206097,,beauty_salon|establishment|point_of_interest,beauty_salon,Beauty & Wellness,5.0,1,,,,,0,,,,,,,,,,,,,,,,,,,,,,True,social_media_only,True,False,False,False,60,HIGH,2026-04-14T23:45:40.942973
,Daihana Verón salón de belleza,OPERATIONAL,"2610, Villa Elisa 110211, Paraguay",,,Lambaré (parte),Villa Elisa,Central,,Paraguay,-25.3792815,-57.6019239,0986 322536,+595 986 322536,https://www.instagram.com/dahiveron21?igsh=MWxua2F5MjZydGppNg==,https://maps.google.com/?cid=16877724991001919416,,establishment|hair_care|point_of_interest,establishment,Beauty & Wellness,5.0,1,,,,,0,,,,,,,,,,,,,,,,,,,,,,True,social_media_only,True,False,False,False,60,HIGH,2026-04-14T23:45:41.346563
,La Ivaldi Make Up,OPERATIONAL,"Ntra. Sra. de la Asunción, Villa Elisa 111510, Paraguay",,Nuestra Señora de la Asunción,Lambaré (parte),Villa Elisa,Central,,Paraguay,-25.3710067,-57.58510879999999,0994 318355,+595 994 318355,,https://maps.google.com/?cid=12585055672513352973,,establishment|point_of_interest|store,establishment,Retail & Shopping,4.6,86,,,,,0,,,,,,,,,,,,,,,,,,,,,,False,no_website,False,False,False,False,85,HIGH,2026-04-14T23:45:41.750664
,KIKA BEAUTY STUDIO,OPERATIONAL,"JCG9+C3J, Villa Elisa 111510, Paraguay",,,Lambaré (parte),Villa Elisa,Central Department,,Paraguay,-25.3733473,-57.5825626,0981 433281,+595 981 433281,https://www.instagram.com/kikastudiopy/,https://maps.google.com/?cid=11407513714523675196,,establishment|hair_care|point_of_interest,establishment,Beauty & Wellness,5.0,23,,,,,0,,,,,,,,,,,,,,,,,,,,,,True,social_media_only,True,False,False,False,75,HIGH,2026-04-14T23:45:42.140918
,Salón de belleza Beatriz,OPERATIONAL,"Ypacaraí, Villa Elisa 111513, Paraguay",,Ypacaraí,Lambaré (parte),Villa Elisa,Central,,Paraguay,-25.3697752,-57.5934267,0984 578158,+595 984 578158,,https://maps.google.com/?cid=12482404486566373407,,establishment|hair_care|point_of_interest,establishment,Beauty & Wellness,4.2,5,,,,,0,,,,,,,,,,,,,,,,,,,,,,False,no_website,False,False,False,False,75,HIGH,2026-04-14T23:45:42.530913
,Tony Galeano y Tu SPACIO depi nails,OPERATIONAL,"Colonia Elisa Esq, Villa Elisa 111515, Paraguay",Esq,San Pablo,San Lorenzo (parte),Villa Elisa,Tetãvore Central,,Paraguay,-25.3728974,-57.56849049999999,0985 893160,+595 985 893160,,https://maps.google.com/?cid=1602768703669883331,,establishment|hair_care|health|point_of_interest,establishment,Beauty & Wellness,4.8,66,,,,,0,,,,,,,,,,,,,,,,,,,,,,False,no_website,False,False,False,False,85,HIGH,2026-04-14T23:45:42.935148
,Salón de Belleza Lorena.,OPERATIONAL,"Von polesky entre, Caapucu y, Villa Elisa 111506, Paraguay",y,Guarambaré,Lambaré (parte),Villa Elisa,Central,,Paraguay,-25.3697263,-57.5862517,0981 779081,+595 981 779081,,https://maps.google.com/?cid=1882307716894480215,,establishment|point_of_interest|store,establishment,Retail & Shopping,5.0,2,,,,,0,,,,,,,,,,,,,,,,,,,,,,False,no_website,False,False,False,False,65,HIGH,2026-04-14T23:45:43.317530
,"Centro de belleza ""siempre bella""",OPERATIONAL,"Amapolas, Villa Elisa 111505, Paraguay",,Los Claveles,Lambaré (parte),Villa Elisa,Tetãvore Central,,Paraguay,-25.3590422,-57.59064799999999,0982 837851,+595 982 837851,,https://maps.google.com/?cid=2197571435692186923,,establishment|hair_care|point_of_interest,establishment,Beauty & Wellness,0.0,0,,,,,0,,,,,,,,,,,,,,,,,,,,,,False,no_website,False,False,False,False,50,MEDIUM,2026-04-14T23:45:43.739880
,SALON DE BELLEZA MARIMAR,OPERATIONAL,"Villa Elisa 111512, Paraguay",,,Lambaré (parte),Villa Elisa,Central Department,,Paraguay,-25.3743125,-57.5918125,0982 597720,+595 982 597720,,https://maps.google.com/?cid=16778481583825243239,,establishment|hair_care|point_of_interest,establishment,Beauty & Wellness,4.6,31,,,,,0,,,,,,,,,,,,,,,,,,,,,,False,no_website,False,False,False,False,80,HIGH,2026-04-14T23:45:44.154542
,La Divina Moda,OPERATIONAL,"Mcal. Estigarribia, Villa Elisa 111502, Paraguay",,Mcal. Estigarribia,Lambaré (parte),Villa Elisa,Central,,Paraguay,-25.3499672,-57.5783704,0981 003063,+595 981 003063,,https://maps.google.com/?cid=12406098545114094440,,beauty_salon|establishment|point_of_interest,beauty_salon,Beauty & Wellness,5.0,8,,,,,0,,,,,,,,,,,,,,,,,,,,,,False,no_website,False,False,False,False,75,HIGH,2026-04-14T23:45:44.564263
,Ninfa Ortiz Studio,OPERATIONAL,"Itá 128, Villa Elisa 111513, Paraguay",128,Itá,Lambaré (parte),Villa Elisa,Tetãvore Central,,Paraguay,-25.3735872,-57.5948446,0973 587083,+595 973 587083,,https://maps.google.com/?cid=13254137569300887359,,beauty_salon|establishment|point_of_interest,beauty_salon,Beauty & Wellness,5.0,7,,,,,0,,,,,,,,,,,,,,,,,,,,,,False,no_website,False,False,False,False,75,HIGH,2026-04-14T23:45:44.968504
,Salón de belleza Elva Roxee,OPERATIONAL,"JCGF+8VQ, Antonio Yegros, Villa Elisa 111511, Paraguay",,Antonio Yegros,Lambaré (parte),Villa Elisa,Tetãvore Central,,Paraguay,-25.3740974,-57.5751824,0971 579880,+595 971 579880,,https://maps.google.com/?cid=6826301679846868897,,establishment|hair_care|point_of_interest,establishment,Beauty & Wellness,5.0,3,,,,,0,,,,,,,,,,,,,,,,,,,,,,False,no_website,False,False,False,False,65,HIGH,2026-04-14T23:45:45.357356
,Mia Centro de Estetica,OPERATIONAL,"JCRF+VHX, Paraguay, Villa Elisa 111508, Paraguay",,Alamo,Lambaré (parte),Villa Elisa,Central,,Paraguay,-25.3577703,-57.5760051,(021) 338 3762,+595 21 338 3762,,https://maps.google.com/?cid=10535658545683755796,,beauty_salon|establishment|point_of_interest|shopping_mall,beauty_salon,Beauty & Wellness,4.3,29,,,,,0,,,,,,,,,,,,,,,,,,,,,,False,no_website,False,False,False,False,80,HIGH,2026-04-14T23:45:45.740141
,GS Spa y Salon de Belleza,OPERATIONAL,"Américo Picco, Villa Elisa 111509, Paraguay",,Alamo,San Lorenzo (parte),Villa Elisa,Tetãvore Central,,Paraguay,-25.3600817,-57.5745929,0983 493943,+595 983 493943,,https://maps.google.com/?cid=17402362672570909179,,establishment|point_of_interest|spa,establishment,Beauty & Wellness,5.0,4,,,,,0,,,,,,,,,,,,,,,,,,,,,,False,no_website,False,False,False,False,65,HIGH,2026-04-14T23:45:46.163679
,Rivals Barbershop,OPERATIONAL,"PGG7+4CH, Luque 110931, Paraguay",,,Luque (parte),Luque,Central Department,,Paraguay,-25.274681,-57.4863866,0971 226015,+595 971 226015,https://www.instagram.com/rivals_barbershop?igsh=dm8wM3M0MjZ6OGl0&utm_source=qr,https://maps.google.com/?cid=3854953874725142656,,establishment|hair_care|point_of_interest,establishment,Beauty & Wellness,5.0,2,,,,,0,,,,,,,,,,,,,,,,,,,,,,True,social_media_only,True,False,False,False,60,HIGH,2026-04-14T23:45:49.149781
,La Logia Barberos - Vintage Club,OPERATIONAL,"Barrio Primavera, Luque 110929, Paraguay",,,Luque (parte),Luque,Central Department,,Paraguay,-25.270496,-57.4796902,0985 955741,+595 985 955741,https://linktr.ee/lalogiabarberos,https://maps.google.com/?cid=650020540248821391,,beauty_salon|establishment|hair_care|health|point_of_interest|store,beauty_salon,Beauty & Wellness,4.9,121,,,,,0,,,,,,,,,,,,,,,,,,,,,,True,social_media_only,True,False,False,False,80,HIGH,2026-04-14T23:45:49.554008
,MARECO’S Barber Studio,OPERATIONAL,"MANANTIALES, Luque 110939, Paraguay",,MANANTIALES,Manorá,Luque,Central,,Paraguay,-25.285333,-57.5352049,0976 332699,+595 976 332699,,https://maps.google.com/?cid=7477840982553751466,,establishment|hair_care|health|point_of_interest,establishment,Beauty & Wellness,4.8,93,,,,,0,,,,,,,,,,,,,,,,,,,,,,False,no_website,False,False,False,False,85,HIGH,2026-04-14T23:45:49.952519
,BARBERÍA 23 💈,OPERATIONAL,"Ykua karanda y, Luque 2306, Paraguay",y,Ykua karanda,Luque (parte),Luque,Central,,Paraguay,-25.2485423,-57.49077339999999,0981 916511,+595 981 916511,,https://maps.google.com/?cid=9755773799652101591,,establishment|hair_care|health|point_of_interest,establishment,Beauty & Wellness,0.0,0,,,,,0,,,,,,,,,,,,,,,,,,,,,,False,no_website,False,False,False,False,50,MEDIUM,2026-04-14T23:45:50.360122
,Rodrigol Barber Shop,OPERATIONAL,"PGQ6+7Q3, Comandante Cabaña, Luque 110920, Paraguay",,Comandante Cabaña,Luque (parte),Luque,Central,,Paraguay,-25.2618618,-57.48807919999999,0981 763762,+595 981 763762,https://instagram.com/rodrigolbarber?igshid=OGQ5ZDc2ODk2ZA==,https://maps.google.com/?cid=3667973497040979180,,establishment|hair_care|health|point_of_interest,establishment,Beauty & Wellness,4.9,14,,,,,0,,,,,,,,,,,,,,,,,,,,,,True,social_media_only,True,False,False,False,70,HIGH,2026-04-14T23:45:50.763012
,MALE Barber Shop & Drink,OPERATIONAL,"Dr. José Gaspar Rodríguez de Francia, Luque 110932, Paraguay",,Doctor José Gaspar Rodríguez de Francia,Luque (parte),Luque,Central,,Paraguay,-25.2690216,-57.4930513,0983 819419,+595 983 819419,,https://maps.google.com/?cid=1490024331368400824,,establishment|hair_care|health|point_of_interest,establishment,Beauty & Wellness,4.6,53,,,,,0,,,,,,,,,,,,,,,,,,,,,,False,no_website,False,False,False,False,85,HIGH,2026-04-14T23:45:51.191935
,Barber Studio J.A,OPERATIONAL,"PGJ5+RV7, Luque 110930, Paraguay",,,Luque (parte),Luque,Central Department,,Paraguay,-25.2679565,-57.4903245,0994 648232,+595 994 648232,,https://maps.google.com/?cid=1023330976266811535,,establishment|hair_care|health|point_of_interest,establishment,Beauty & Wellness,4.9,38,,,,,0,,,,,,,,,,,,,,,,,,,,,,False,no_website,False,False,False,False,80,HIGH,2026-04-14T23:45:51.596088
,Ronaldo Barber Shop,OPERATIONAL,"PF5F+765, Luque 110940, Paraguay",,,Fernando de la Mora (parte),Luque,Central Department,,Paraguay,-25.2918648,-57.5269199,0985 306965,+595 985 306965,https://instagram.com/ronaldothebarber?igshid=YmMyMTA2M2Y=,https://maps.google.com/?cid=16363191732927656432,,establishment|hair_care|health|point_of_interest,establishment,Beauty & Wellness,5.0,22,,,,,0,,,,,,,,,,,,,,,,,,,,,,True,social_media_only,True,False,False,False,75,HIGH,2026-04-14T23:45:51.987406
,Barberia y Peluquería ROCA,OPERATIONAL,"Ykua Rotī FRENTE AL POLIDEPORTIVO SAN RAMON, Luque 110915, Paraguay",,,Luque (parte),Luque,Central,,Paraguay,-25.2454444,-57.49183790000001,0991 244832,+595 991 244832,,https://maps.google.com/?cid=12991513074132015444,,establishment|hair_care|health|point_of_interest,establishment,Beauty & Wellness,5.0,1,,,,,0,,,,,,,,,,,,,,,,,,,,,,False,no_website,False,False,False,False,65,HIGH,2026-04-14T23:45:52.376433
,Braavos Barber Shop,OPERATIONAL,"Santander casi, Luque 110934, Paraguay",casi,Boquerón,Luque (parte),Luque,Central,,Paraguay,-25.2703638,-57.5089539,0961 673600,+595 961 673600,https://www.instagram.com/braavos_barbershop?igsh=MXFqNmFsNnc5Ym50YQ==,https://maps.google.com/?cid=5145348057863742654,,establishment|hair_care|health|point_of_interest,establishment,Beauty & Wellness,5.0,1,,,,,0,,,,,,,,,,,,,,,,,,,,,,True,social_media_only,True,False,False,False,60,HIGH,2026-04-14T23:45:52.772349
,Molina’s Barber,OPERATIONAL,"MGX8+345, Luque 110948, Paraguay",,,Fernando de la Mora (parte),Luque,Central Department,,Paraguay,-25.3023092,-57.4845931,0984 576293,+595 984 576293,,https://maps.google.com/?cid=16637577976121444469,,establishment|hair_care|health|point_of_interest,establishment,Beauty & Wellness,5.0,1,,,,,0,,,,,,,,,,,,,,,,,,,,,,False,no_website,False,False,False,False,65,HIGH,2026-04-14T23:45:53.163176
,Barber Tobias,OPERATIONAL,"QG28+GVW, Luque 110914, Paraguay",,,Luque (parte),Luque,Central,,Paraguay,-25.2486255,-57.48281110000001,0981 703922,+595 981 703922,,https://maps.google.com/?cid=1206431484435431914,,establishment|hair_care|health|point_of_interest,establishment,Beauty & Wellness,5.0,1,,,,,0,,,,,,,,,,,,,,,,,,,,,,False,no_website,False,False,False,False,65,HIGH,2026-04-14T23:45:53.563881
,Fígaro Barbería Sucursal 3,OPERATIONAL,"Gral. Bernardino Caballero 92, Luque 2060, Paraguay",92,General Bernardino Caballero,Luque (parte),Luque,Central,,Paraguay,-25.2684367,-57.4944863,0991 900820,+595 991 900820,https://instagram.com/figaro.py?igshid=YmMyMTA2M2Y=,https://maps.google.com/?cid=3986717633193712208,,establishment|hair_care|health|point_of_interest,establishment,Beauty & Wellness,4.4,225,,,,,0,,,,,,,,,,,,,,,,,,,,,,True,social_media_only,True,False,False,False,80,HIGH,2026-04-14T23:45:53.968126
,Barber di Lopez,OPERATIONAL,"PGCC+63C, Lapacho, Luque 110928, Paraguay",,Lapacho,Luque (parte),Luque,Central,,Paraguay,-25.2794281,-57.4798451,0981 164518,+595 981 164518,,https://maps.google.com/?cid=3118322043332383104,,establishment|hair_care|health|point_of_interest,establishment,Beauty & Wellness,4.9,46,,,,,0,,,,,,,,,,,,,,,,,,,,,,False,no_website,False,False,False,False,80,HIGH,2026-04-14T23:45:54.353918
,Nico Barbershop Py,OPERATIONAL,"Plaza Rosa Morel, Luque 110932, Paraguay",,,Luque (parte),Luque,Central,,Paraguay,-25.2741931,-57.49861019999999,0985 128986,+595 985 128986,,https://maps.google.com/?cid=2529036967099165704,,establishment|hair_care|health|point_of_interest,establishment,Beauty & Wellness,4.8,21,,,,,0,,,,,,,,,,,,,,,,,,,,,,False,no_website,False,False,False,False,80,HIGH,2026-04-14T23:45:54.765863
,Tomos Barbería,OPERATIONAL,"José Bonifacio y, Luque 110934, Paraguay",y,Pedro Juan Caballero,Luque (parte),Luque,Central,,Paraguay,-25.2657495,-57.5047598,0972 477929,+595 972 477929,,https://maps.google.com/?cid=17943098458806070877,,establishment|hair_care|health|point_of_interest,establishment,Beauty & Wellness,4.9,112,,,,,0,,,,,,,,,,,,,,,,,,,,,,False,no_website,False,False,False,False,85,HIGH,2026-04-14T23:45:55.171654
,Mauro Aquino Barbershop,OPERATIONAL,"Capitan insfran 315 esquina, Luque 110932, Paraguay",315 esquina,Pedro Juan Caballero,Luque (parte),Luque,Central,,Paraguay,-25.2680768,-57.4953178,0984 826014,+595 984 826014,,https://maps.google.com/?cid=10908188938704012355,,establishment|hair_care|health|point_of_interest,establishment,Beauty & Wellness,4.7,39,,,,,0,,,,,,,,,,,,,,,,,,,,,,False,no_website,False,False,False,False,80,HIGH,2026-04-14T23:45:55.578339
,Peluquería y Barbería SANFEL,OPERATIONAL,"Balderrama 9010, Luque 110917, Paraguay",9010,Balderrama,Luque (parte),Luque,Central,,Paraguay,-25.2691412,-57.4907203,0976 111478,+595 976 111478,,https://maps.google.com/?cid=8852962109818923535,,establishment|hair_care|health|point_of_interest,establishment,Beauty & Wellness,5.0,46,,,,,0,,,,,,,,,,,,,,,,,,,,,,False,no_website,False,False,False,False,80,HIGH,2026-04-14T23:45:55.969024
,TROYANOS BARBERÍA,OPERATIONAL,"Del Maestro, Luque 110933, Paraguay",,Del Maestro,Luque (parte),Luque,Central,,Paraguay,-25.2722154,-57.5014041,0971 323136,+595 971 323136,https://instagram.com/troyanospy?igshid=1mtrt9fa0258,https://maps.google.com/?cid=737594544579008363,,establishment|hair_care|point_of_interest,establishment,Beauty & Wellness,4.9,69,,,,,0,,,,,,,,,,,,,,,,,,,,,,True,social_media_only,True,False,False,False,80,HIGH,2026-04-14T23:45:56.529719
,All Barber,OPERATIONAL,"Claudio Arrúa &, Gral. Díaz, Luque 110936, Paraguay",,General Díaz,Luque (parte),Luque,Central,,Paraguay,-25.2790978,-57.5019571,0972 985760,+595 972 985760,,https://maps.google.com/?cid=15296766564339006164,,establishment|hair_care|health|point_of_interest,establishment,Beauty & Wellness,4.9,31,,,,,0,,,,,,,,,,,,,,,,,,,,,,False,no_website,False,False,False,False,80,HIGH,2026-04-14T23:45:56.932662
,SHINE Nails & Beauty by Celeste Villalba,OPERATIONAL,"Luis Morinigo, San Lorenzo 111402, Paraguay",,Luis Morinigo,Fernando de la Mora (parte),San Lorenzo,Central,,Paraguay,-25.300706,-57.53267109999999,0986 693259,+595 986 693259,https://m.facebook.com/Celeste-Villaba-nails-262341721100665/?ref=bookmarks,https://maps.google.com/?cid=4226037747360546217,,beauty_salon|doctor|establishment|hair_care|health|point_of_interest,beauty_salon,Health & Medical,4.9,287,,,,,0,,,,,,,,,,,,,,,,,,,,,,True,social_media_only,True,False,False,False,80,HIGH,2026-04-14T23:45:59.964854
,Solcito Nails & Spa,OPERATIONAL,"Edificio Odilio Román, Boquerón, San Lorenzo 111402, Paraguay",,Boquerón,Fernando de la Mora (parte),San Lorenzo,Central,,Paraguay,-25.3037495,-57.52169809999999,0987 247352,+595 987 247352,,https://maps.google.com/?cid=10778515229013069097,,beauty_salon|establishment|point_of_interest,beauty_salon,Beauty & Wellness,5.0,2,,,,,0,,,,,,,,,,,,,,,,,,,,,,False,no_website,False,False,False,False,65,HIGH,2026-04-14T23:46:00.340453
,ADE Nails Spa,OPERATIONAL,"Manuel Ortiz Guerrero 286 entre Sargento Silva y General Caballero San Lorenzo PY, San Lorenzo 2160, Paraguay",,,San Lorenzo (parte),San Lorenzo,Tetãvore Central,,Paraguay,-25.3499343,-57.50872030000001,0981 876430,+595 981 876430,https://www.instagram.com/adenailspapy/,https://maps.google.com/?cid=16872140850116076182,,beauty_salon|establishment|point_of_interest,beauty_salon,Beauty & Wellness,4.6,69,,,,,0,,,,,,,,,,,,,,,,,,,,,,True,social_media_only,True,False,False,False,80,HIGH,2026-04-14T23:46:00.743592
,Barbye Nails I - San Lorenzo,OPERATIONAL,"Clemente Romero 302 San Lorenzo, San Lorenzo 2605, Paraguay",,,Fernando de la Mora (parte),San Lorenzo,Central,,Paraguay,-25.3040811,-57.52878430000001,0961 336346,+595 961 336346,https://www.facebook.com/unasesculpidas75mil/,https://maps.google.com/?cid=9165442313507726307,,beauty_salon|establishment|hair_care|point_of_interest,beauty_salon,Beauty & Wellness,4.8,92,,,,,0,,,,,,,,,,,,,,,,,,,,,,True,social_media_only,True,False,False,False,80,HIGH,2026-04-14T23:46:01.161827
,Beauty Nails Spa,OPERATIONAL,"Lavadero único vip, Manuel Ortiz Guerrero, San Lorenzo 111431, Paraguay",,Manuel Ortiz Guerrero,San Lorenzo (parte),San Lorenzo,Central,,Paraguay,-25.3520529,-57.51241270000001,0991 416641,+595 991 416641,https://instagram.com/beaut_ynailsspa?igshid=ZDdkNTZiNTM=,https://maps.google.com/?cid=3742503604134561463,,beauty_salon|establishment|point_of_interest,beauty_salon,Beauty & Wellness,4.8,5,,,,,0,,,,,,,,,,,,,,,,,,,,,,True,social_media_only,True,False,False,False,70,HIGH,2026-04-14T23:46:01.563692
,Vashti Spa Nails,OPERATIONAL,"San Juan Calle'i, San Lorenzo 111411, Paraguay",,,Fernando de la Mora (parte),San Lorenzo,Central,,Paraguay,-25.3289058,-57.4976873,0991 662493,+595 991 662493,,https://maps.google.com/?cid=1661726302898961595,,establishment|point_of_interest|spa,establishment,Beauty & Wellness,5.0,26,,,,,0,,,,,,,,,,,,,,,,,,,,,,False,no_website,False,False,False,False,80,HIGH,2026-04-14T23:46:01.999553
,Miss Uñas Spa de Manos y Pies,OPERATIONAL,"JFXP+RRH, Tte Benitez, San Lorenzo 111431, Paraguay",,Tte Benitez,San Lorenzo (parte),San Lorenzo,Central,,Paraguay,-25.350429,-57.5129025,0984 186294,+595 984 186294,,https://maps.google.com/?cid=885644089875872326,,establishment|point_of_interest|spa,establishment,Beauty & Wellness,4.6,119,,,,,0,,,,,,,,,,,,,,,,,,,,,,False,no_website,False,False,False,False,85,HIGH,2026-04-14T23:46:02.415330
,Amaisa Nails,OPERATIONAL,"Rita Surroca de Benítez, San Lorenzo 111409, Paraguay",,Rita Surroca de Benítez,Fernando de la Mora (parte),San Lorenzo,Tetãvore Central,,Paraguay,-25.3202438,-57.5066752,0986 682463,+595 986 682463,,https://maps.google.com/?cid=2739277650731450052,,establishment|point_of_interest|spa,establishment,Beauty & Wellness,4.9,16,,,,,0,,,,,,,,,,,,,,,,,,,,,,False,no_website,False,False,False,False,75,HIGH,2026-04-14T23:46:02.819360
,Nails Perfect de Gabriela Reyes,OPERATIONAL,"Gumercindo Sosa, San Lorenzo 2160, Paraguay",,Sargento Silva,San Lorenzo (parte),San Lorenzo,Tetãvore Central,,Paraguay,-25.3640551,-57.50926669999999,0991 444772,+595 991 444772,https://instagram.com/nailsperfectspa?utm_source=qr&igshid=MzNlNGNkZWQ4Mg%3D%3D,https://maps.google.com/?cid=6919743157275776977,,beauty_salon|establishment|point_of_interest,beauty_salon,Beauty & Wellness,4.9,25,,,,,0,,,,,,,,,,,,,,,,,,,,,,True,social_media_only,True,False,False,False,75,HIGH,2026-04-14T23:46:03.244898
,Dickens Nails Spa,OPERATIONAL,"MF3V+FV2, Tte Benitez, San Lorenzo 111423, Paraguay",,Tte Benitez,San Lorenzo (parte),San Lorenzo,Central,,Paraguay,-25.3463631,-57.5053742,0986 784009,+595 986 784009,,https://maps.google.com/?cid=5187027428866237427,,beauty_salon|establishment|point_of_interest,beauty_salon,Beauty & Wellness,5.0,2,,,,,0,,,,,,,,,,,,,,,,,,,,,,False,no_website,False,False,False,False,65,HIGH,2026-04-14T23:46:03.655550
,PINK NAILS San Lorenzo Py,OPERATIONAL,"Las Colinas, San Lorenzo 111417, Paraguay",,Las Colinas,Fernando de la Mora (parte),San Lorenzo,Central,,Paraguay,-25.3347488,-57.4945027,0985 576755,+595 985 576755,https://fiweex.com/links/pinknails,https://maps.google.com/?cid=6275179347942080283,,beauty_salon|establishment|point_of_interest,beauty_salon,Beauty & Wellness,4.4,127,,,,,0,,,,,,,,,,,,,,,,,,,,,,True,social_media_only,True,False,False,False,80,HIGH,2026-04-14T23:46:04.063677
,Yessi Estigarribia Nails SPA & Studio,OPERATIONAL,"Laguna Grande 2662 casi, San Lorenzo 2160, Paraguay",2662 casi,Delfin Chamorro,Fernando de la Mora (parte),San Lorenzo,Central,,Paraguay,-25.2977689,-57.5348365,0982 659354,+595 982 659354,,https://maps.google.com/?cid=4395003214508793144,,beauty_salon|establishment|point_of_interest,beauty_salon,Beauty & Wellness,5.0,1,,,,,0,,,,,,,,,,,,,,,,,,,,,,False,no_website,False,False,False,False,65,HIGH,2026-04-14T23:46:04.466778
,Bea Nails Spa,OPERATIONAL,"MFQV+HH3, Ave Gral Eugenio A. Garay, San Lorenzo 111407, Paraguay",,Avenue Gral Eugenio A. Garay,Fernando de la Mora (parte),San Lorenzo,Central,,Paraguay,-25.3111109,-57.5060799,,,,https://maps.google.com/?cid=6443629051805058674,,establishment|point_of_interest,establishment,Other,5.0,1,,,,,0,,,,,,,,,,,,,,,,,,,,,,False,no_website,False,False,False,False,60,HIGH,2026-04-14T23:46:04.847554
,Nails Make Up by:Nicole,OPERATIONAL,"Gonzalez Alsina, San Lorenzo 111453, Paraguay",,Gonzalez Alsina,San Lorenzo (parte),San Lorenzo,Central,,Paraguay,-25.3551362,-57.49779509999999,0981 818996,+595 981 818996,,https://maps.google.com/?cid=9870088362188045971,,establishment|point_of_interest|spa,establishment,Beauty & Wellness,4.0,1,,,,,0,,,,,,,,,,,,,,,,,,,,,,False,no_website,False,False,False,False,65,HIGH,2026-04-14T23:46:05.231042
,AUBA NAILS SPA,OPERATIONAL,"Pirizal y, San Lorenzo 111435, Paraguay",y,Río Babilonia,San Lorenzo (parte),San Lorenzo,Central,,Paraguay,-25.3549721,-57.5497447,0976 523105,+595 976 523105,,https://maps.google.com/?cid=7551755503973617308,,establishment|point_of_interest|spa,establishment,Beauty & Wellness,5.0,5,,,,,0,,,,,,,,,,,,,,,,,,,,,,False,no_website,False,False,False,False,75,HIGH,2026-04-14T23:46:05.652098
,ORÉA NAILS,OPERATIONAL,"Central 29, San Lorenzo 111429, Paraguay",29,Virgen de Fatima,San Lorenzo (parte),San Lorenzo,Central,,Paraguay,-25.3416672,-57.4977811,0974 654259,+595 974 654259,https://www.instagram.com/oreanails_?igsh=ZTVtNnhhNDBoMXNt,https://maps.google.com/?cid=17584163750949061601,,beauty_salon|establishment|point_of_interest,beauty_salon,Beauty & Wellness,5.0,16,,,,,0,,,,,,,,,,,,,,,,,,,,,,True,social_media_only,True,False,False,False,70,HIGH,2026-04-14T23:46:06.054199
,Pink nails Suc Mcal Lopez,OPERATIONAL,"021, San Lorenzo 110311, Paraguay",,,Fernando de la Mora (parte),San Lorenzo,Central,,Paraguay,-25.3098767,-57.5303832,0985 576755,+595 985 576755,https://fiweex.com/links/pinknails,https://maps.google.com/?cid=507975235337072595,,beauty_salon|establishment|point_of_interest,beauty_salon,Beauty & Wellness,4.3,10,,,,,0,,,,,,,,,,,,,,,,,,,,,,True,social_media_only,True,False,False,False,70,HIGH,2026-04-14T23:46:06.453591
,Bollitas Nails,OPERATIONAL,"Reemberto Giménez, San Lorenzo 111409, Paraguay",,Reemberto Giménez,Fernando de la Mora (parte),San Lorenzo,Central,,Paraguay,-25.3189078,-57.50784489999999,0981 684225,+595 981 684225,,https://maps.google.com/?cid=14248778494554632962,,beauty_salon|establishment|point_of_interest,beauty_salon,Beauty & Wellness,5.0,21,,,,,0,,,,,,,,,,,,,,,,,,,,,,False,no_website,False,False,False,False,80,HIGH,2026-04-14T23:46:06.859804
,Pahgnailbar,OPERATIONAL,"S/N 4 San Lorenzo, San Lorenzo 2160, Paraguay",,,Fernando de la Mora (parte),San Lorenzo,Tetãvore Central,,Paraguay,-25.3095739,-57.5151887,0982 126311,+595 982 126311,https://instagram.com/pahgnailbar?utm_medium=copy_link,https://maps.google.com/?cid=16653240109275339016,,establishment|food|point_of_interest|store,establishment,Retail & Shopping,4.9,7,,,,,0,,,,,,,,,,,,,,,,,,,,,,True,social_media_only,True,False,False,False,70,HIGH,2026-04-14T23:46:07.258224
,Atenea Nails Spa,OPERATIONAL,"Diagonal Gorostiaga, San Lorenzo 111428, Paraguay",,Diagonal Gorostiaga,San Lorenzo (parte),San Lorenzo,Tetãvore Central,,Paraguay,-25.3467579,-57.49041869999999,0991 299945,+595 991 299945,,https://maps.google.com/?cid=2159644060096641325,,beauty_salon|establishment|point_of_interest,beauty_salon,Beauty & Wellness,5.0,6,,,,,0,,,,,,,,,,,,,,,,,,,,,,False,no_website,False,False,False,False,75,HIGH,2026-04-14T23:46:07.658489
,SMARTSTYLE barbería,OPERATIONAL,"Av. Japón, Itauguá 110607, Paraguay",,Avenida Japón,San Lorenzo (parte),Itauguá,Central,,Paraguay,-25.3974867,-57.3464448,,,,https://maps.google.com/?cid=8171964151174976494,,establishment|hair_care|point_of_interest,establishment,Beauty & Wellness,4.8,23,,,,,0,,,,,,,,,,,,,,,,,,,,,,False,no_website,False,False,False,False,75,HIGH,2026-04-14T23:46:10.591109
,Salon De Belleza Jessica,OPERATIONAL,"Gral. Delgado Ruta 2, Itauguá 110610, Paraguay",Ruta 2,General Delgado,San Lorenzo (parte),Itauguá,Central,,Paraguay,-25.396339,-57.3479199,0982 616617,+595 982 616617,,https://maps.google.com/?cid=5392670648099835256,,beauty_salon|establishment|point_of_interest,beauty_salon,Beauty & Wellness,4.3,36,,,,,0,,,,,,,,,,,,,,,,,,,,,,False,no_website,False,False,False,False,80,HIGH,2026-04-14T23:46:10.998345
,Peluquería,OPERATIONAL,"Itaugua 2740, Paraguay",,,San Lorenzo (parte),Itaugua,Central Department,,Paraguay,-25.3942547,-57.3526064,0976 206929,+595 976 206929,,https://maps.google.com/?cid=6616024369159422603,,beauty_salon|establishment|hair_care|point_of_interest,beauty_salon,Beauty & Wellness,4.0,1,,,,,0,,,,,,,,,,,,,,,,,,,,,,False,no_website,False,False,False,False,65,HIGH,2026-04-14T23:46:11.807674
,Johana Ruiz Diaz Depiladora y Estilista,OPERATIONAL,"Tte. Gutierrez 152, Itauguá 110610, Itauguá 110604, Paraguay",,,San Lorenzo (parte),Itauguá,Central,,Paraguay,-25.398519,-57.35251030000001,0991 502067,+595 991 502067,,https://maps.google.com/?cid=12962410974982455104,,beauty_salon|establishment|hair_care|point_of_interest|spa,beauty_salon,Beauty & Wellness,5.0,31,,,,,0,,,,,,,,,,,,,,,,,,,,,,False,no_website,False,False,False,False,80,HIGH,2026-04-14T23:46:12.206183
,Studio 23 Hair y makeup,OPERATIONAL,"Calle Emiliano R Fernández entre Eligio Ayala y, Felix de Azara, Itauguá 110607, Paraguay",,Felix de Azara,San Lorenzo (parte),Itauguá,Central,,Paraguay,-25.3922123,-57.3316671,0976 198434,+595 976 198434,,https://maps.google.com/?cid=6307430734268757497,,establishment|hair_care|point_of_interest,establishment,Beauty & Wellness,4.6,10,,,,,0,,,,,,,,,,,,,,,,,,,,,,False,no_website,False,False,False,False,75,HIGH,2026-04-14T23:46:12.617794
,Peluqueria Excelsior,OPERATIONAL,"Tte. Gutierrez, Itauguá 110605, Paraguay",,Tte. Gutierrez,San Lorenzo (parte),Itauguá,Central,,Paraguay,-25.3950038,-57.3506716,0981 854109,+595 981 854109,https://www.facebook.com/Peluquer%C3%ADa-Excelsior-Oficial-1561587574146113/,https://maps.google.com/?cid=14946545683570800877,,establishment|hair_care|point_of_interest,establishment,Beauty & Wellness,4.8,15,,,,,0,,,,,,,,,,,,,,,,,,,,,,True,social_media_only,True,False,False,False,70,HIGH,2026-04-14T23:46:13.015922
,Peluqueria Cleo Itaugua,OPERATIONAL,"Itaugua 110613, Paraguay",,,San Lorenzo (parte),Itaugua,Central Department,,Paraguay,-25.375453,-57.38894389999999,0982 924425,+595 982 924425,,https://maps.google.com/?cid=10418504223205713391,,establishment|point_of_interest|shopping_mall,establishment,Retail & Shopping,4.2,43,,,,,0,,,,,,,,,,,,,,,,,,,,,,False,no_website,False,False,False,False,80,HIGH,2026-04-14T23:46:13.414676
,GONA_BARBERIA,OPERATIONAL,"GJXQ+Q5X, Itaugua 110622, Paraguay",,,San Lorenzo (parte),Itaugua,Central Department,,Paraguay,-25.4505093,-57.36200689999999,,,,https://maps.google.com/?cid=5107546726568636029,,establishment|hair_care|point_of_interest,establishment,Beauty & Wellness,5.0,15,,,,,0,,,,,,,,,,,,,,,,,,,,,,False,no_website,False,False,False,False,70,HIGH,2026-04-14T23:46:13.805223
,Iris Estilista,OPERATIONAL,"Itaugua 2470, Paraguay",,,San Lorenzo (parte),Itaugua,Central Department,,Paraguay,-25.3942546,-57.35260669999999,0976 206929,+595 976 206929,,https://maps.google.com/?cid=17718971803839201989,,establishment|hair_care|point_of_interest,establishment,Beauty & Wellness,5.0,3,,,,,0,,,,,,,,,,,,,,,,,,,,,,False,no_website,False,False,False,False,65,HIGH,2026-04-14T23:46:14.193522
,AR ACADEMIA DE PELUQUERIA Y BELLEZA DE ITAUGUA,OPERATIONAL,"Capitan Carnibella, Entre, Itauguá 2740, Paraguay",,Tte Esteban Martínez,San Lorenzo (parte),Itauguá,Central,,Paraguay,-25.3935413,-57.3550726,0985 375510,+595 985 375510,https://www.facebook.com/share/wVRRhnWzDUEVdSEQ/?mibextid=qi2Omg,https://maps.google.com/?cid=12611199779306594102,,establishment|point_of_interest,establishment,Other,5.0,4,,,,,0,,,,,,,,,,,,,,,,,,,,,,True,social_media_only,True,False,False,False,60,HIGH,2026-04-14T23:46:14.602855
,"PELUQUERIA D & D, COMPRA Y VENTA DE CABELLO",OPERATIONAL,"Unnamed Road, Itauguá 110619, Paraguay",,,San Lorenzo (parte),Itauguá,Central,,Paraguay,-25.3668588,-57.3976114,0984 587332,+595 984 587332,,https://maps.google.com/?cid=4619203893267195024,,establishment|hair_care|point_of_interest,establishment,Beauty & Wellness,5.0,1,,,,,0,,,,,,,,,,,,,,,,,,,,,,False,no_website,False,False,False,False,65,HIGH,2026-04-14T23:46:15.004686
,Peluquería y Barbería Paco,OPERATIONAL,"JM32+CCH, Itaugua 110610, Paraguay",,,San Lorenzo (parte),Itaugua,Central Department,,Paraguay,-25.396366,-57.3489122,0981 647329,+595 981 647329,,https://maps.google.com/?cid=16565315570114536586,,establishment|hair_care|point_of_interest,establishment,Beauty & Wellness,5.0,1,,,,,0,,,,,,,,,,,,,,,,,,,,,,False,no_website,False,False,False,False,65,HIGH,2026-04-14T23:46:15.394538
,Barberia Blessed,OPERATIONAL,"Conavi Mboi'y, Itauguá 2740, Paraguay",,,San Lorenzo (parte),Itauguá,Central,,Paraguay,-25.3947622,-57.3936439,0993 463926,+595 993 463926,https://www.instagram.com/barberblessed.of?igsh=OGQ5ZDc2ODk2ZA==,https://maps.google.com/?cid=7044396244685718363,,establishment|hair_care|health|point_of_interest,establishment,Beauty & Wellness,4.7,10,,,,,0,,,,,,,,,,,,,,,,,,,,,,True,social_media_only,True,False,False,False,70,HIGH,2026-04-14T23:46:15.799012
,PACITA Tu Estiloo,OPERATIONAL,"Itaugua km25 ruta py 2, Itauguá 110614, Paraguay",,,San Lorenzo (parte),Itauguá,Central,,Paraguay,-25.3945154,-57.39471460000001,,,,https://maps.google.com/?cid=10456603264187753259,,establishment|hair_care|point_of_interest,establishment,Beauty & Wellness,4.8,6,,,,,0,,,,,,,,,,,,,,,,,,,,,,False,no_website,False,False,False,False,70,HIGH,2026-04-14T23:46:16.199975
,Kevin Stylos Peluquería Barberia,OPERATIONAL,"Itaugua 110611, Paraguay",,,San Lorenzo (parte),Itaugua,Central Department,,Paraguay,-25.3960603,-57.353213,0992 913429,+595 992 913429,,https://maps.google.com/?cid=13741481204776100494,,establishment|hair_care|point_of_interest,establishment,Beauty & Wellness,5.0,9,,,,,0,,,,,,,,,,,,,,,,,,,,,,False,no_website,False,False,False,False,75,HIGH,2026-04-14T23:46:16.603589
,Salón de Belleza Aide,OPERATIONAL,"HMQC+FHP, Itaugua 110608, Paraguay",,,San Lorenzo (parte),Itaugua,Central Department,,Paraguay,-25.4112855,-57.32854,0984 862530,+595 984 862530,,https://maps.google.com/?cid=3120255908698475992,,establishment|hair_care|point_of_interest,establishment,Beauty & Wellness,4.5,13,,,,,0,,,,,,,,,,,,,,,,,,,,,,False,no_website,False,False,False,False,75,HIGH,2026-04-14T23:46:17.014011
,Lisi Achar - Belleza sin etiqueta💇‍♀️💈,OPERATIONAL,"Itaugua 2740, Paraguay",,,San Lorenzo (parte),Itaugua,Central Department,,Paraguay,-25.3772469,-57.39603639999999,0972 637429,+595 972 637429,,https://maps.google.com/?cid=6402067064676346742,,establishment|hair_care|health|point_of_interest,establishment,Beauty & Wellness,4.9,9,,,,,0,,,,,,,,,,,,,,,,,,,,,,False,no_website,False,False,False,False,75,HIGH,2026-04-14T23:46:17.405784
,La pelu de Lau,OPERATIONAL,"JJH8+PX2, Itaugua 110602, Paraguay",,,San Lorenzo (parte),Itaugua,Central Department,,Paraguay,-25.37073,-57.38261319999999,0984 773826,+595 984 773826,,https://maps.google.com/?cid=9025574214708784451,,establishment|hair_care|point_of_interest,establishment,Beauty & Wellness,5.0,2,,,,,0,,,,,,,,,,,,,,,,,,,,,,False,no_website,False,False,False,False,65,HIGH,2026-04-14T23:46:17.776392
,Peluqueria Rizzel,OPERATIONAL,"HHRV+WF5, Capiatá 110227, Paraguay",,,San Lorenzo (parte),Capiatá,Central Department,,Paraguay,-25.4077286,-57.40627989999999,0986 126150,+595 986 126150,,https://maps.google.com/?cid=17356953269606109576,,establishment|hair_care|health|point_of_interest,establishment,Beauty & Wellness,4.8,26,,,,,0,,,,,,,,,,,,,,,,,,,,,,False,no_website,False,False,False,False,80,HIGH,2026-04-14T23:46:18.234237
,Orlando Benitez Estilista,OPERATIONAL,"Guarambaré 9010, Ypane 111801, Paraguay",9010,Guarambaré,San Lorenzo (parte),Ypane,Tetãvore Central,,Paraguay,-25.4592303,-57.50967619999999,0983 198646,+595 983 198646,,https://maps.google.com/?cid=14278002170477012725,,beauty_salon|establishment|point_of_interest,beauty_salon,Beauty & Wellness,4.7,23,,,,,0,,,,,,,,,,,,,,,,,,,,,,False,no_website,False,False,False,False,80,HIGH,2026-04-14T23:46:21.138316
,"Hathor ""El Imperio de la belleza",OPERATIONAL,"HGC2+8C3, Ypané 111803, Paraguay",,,San Lorenzo (parte),Ypané,Central Department,,Paraguay,-25.4245542,-57.50357399999999,0974 254146,+595 974 254146,,https://maps.google.com/?cid=3172256977940647694,,beauty_salon|establishment|point_of_interest,beauty_salon,Beauty & Wellness,5.0,3,,,,,0,,,,,,,,,,,,,,,,,,,,,,False,no_website,False,False,False,False,65,HIGH,2026-04-14T23:46:21.535590
,Aura Estética,OPERATIONAL,"ex acceso sur, 10 de Agosto casi, Ypané 111813, Paraguay",casi,ruta 1,San Lorenzo (parte),Ypané,Central,,Paraguay,-25.460086,-57.51357519999999,0986 489535,+595 986 489535,,https://maps.google.com/?cid=503564754440827342,,establishment|point_of_interest|spa,establishment,Beauty & Wellness,0.0,0,,,,,0,,,,,,,,,,,,,,,,,,,,,,False,no_website,False,False,False,False,50,MEDIUM,2026-04-14T23:46:21.925949
,Luz Glow Beauty Bar,OPERATIONAL,"Liceo Militar, Ypané 111812, Paraguay",,,San Lorenzo (parte),Ypané,Central,,Paraguay,-25.4621456,-57.53247580000001,0974 800035,+595 974 800035,https://www.instagram.com/luzglow_beautybar?igsh=MWFmdWo4czY5bzNjZw==,https://maps.google.com/?cid=10102874691611136754,,beauty_salon|establishment|point_of_interest,beauty_salon,Beauty & Wellness,0.0,0,,,,,0,,,,,,,,,,,,,,,,,,,,,,True,social_media_only,True,False,False,False,45,MEDIUM,2026-04-14T23:46:22.315667
,AM Estetica SPA,OPERATIONAL,"Ypané 111804, Paraguay",,,San Lorenzo (parte),Ypané,Central Department,,Paraguay,-25.4433593,-57.5011413,0984 929374,+595 984 929374,,https://maps.google.com/?cid=11049341892238838222,,beauty_salon|establishment|point_of_interest,beauty_salon,Beauty & Wellness,0.0,0,,,,,0,,,,,,,,,,,,,,,,,,,,,,False,no_website,False,False,False,False,50,MEDIUM,2026-04-14T23:46:22.689427
,Graciela Beauty Salón,OPERATIONAL,"Ypané 111801, Paraguay",,,San Lorenzo (parte),Ypané,Central Department,,Paraguay,-25.4485745,-57.50725559999999,0971 142103,+595 971 142103,,https://maps.google.com/?cid=5569609025325088568,,beauty_salon|establishment|point_of_interest,beauty_salon,Beauty & Wellness,4.6,9,,,,,0,,,,,,,,,,,,,,,,,,,,,,False,no_website,False,False,False,False,75,HIGH,2026-04-14T23:46:23.083152
,Spa de manos y pies Malena Beauty nails,OPERATIONAL,"Ruta Capiata - Thompson - Ypane, Ypané 111803, Paraguay",,Ruta Capiata - Thompson - Ypane,San Lorenzo (parte),Ypané,Central,,Paraguay,-25.4275503,-57.5014815,0972 463629,+595 972 463629,,https://maps.google.com/?cid=9174843333506705986,,beauty_salon|establishment|point_of_interest,beauty_salon,Beauty & Wellness,5.0,5,,,,,0,,,,,,,,,,,,,,,,,,,,,,False,no_website,False,False,False,False,75,HIGH,2026-04-14T23:46:23.463816
,Salón De Belleza Here,OPERATIONAL,"119, Ypané 1196, Paraguay",,,San Lorenzo (parte),Ypané,Central,,Paraguay,-25.4380216,-57.5038868,0976 396734,+595 976 396734,,https://maps.google.com/?cid=250507389199526722,,beauty_salon|establishment|point_of_interest,beauty_salon,Beauty & Wellness,4.4,7,,,,,0,,,,,,,,,,,,,,,,,,,,,,False,no_website,False,False,False,False,75,HIGH,2026-04-14T23:46:23.859376
,Ypané House Spa,OPERATIONAL,"00000, Ypané 111814, Paraguay",,,San Lorenzo (parte),Ypané,Central,,Paraguay,-25.4645892,-57.4954883,0981 927468,+595 981 927468,,https://maps.google.com/?cid=14463250442636713948,,establishment|point_of_interest|spa,establishment,Beauty & Wellness,4.9,23,,,,,0,,,,,,,,,,,,,,,,,,,,,,False,no_website,False,False,False,False,80,HIGH,2026-04-14T23:46:24.264826
,Zhoemí Beauty,OPERATIONAL,"Avda Thompson ypane, Thompson 111803, Paraguay",,Avda Thompson ypane,San Lorenzo (parte),Thompson,Central,,Paraguay,-25.425299,-57.506325,0983 022793,+595 983 022793,https://www.instagram.com/zhoemibeauty?igsh=MTM4dW4zbmlnNXo2ZQ%3D%3D&utm_source=qr,https://maps.google.com/?cid=5962751947173872343,,beauty_salon|establishment|point_of_interest,beauty_salon,Beauty & Wellness,5.0,4,,,,,0,,,,,,,,,,,,,,,,,,,,,,True,social_media_only,True,False,False,False,60,HIGH,2026-04-14T23:46:24.658184
,The Queens of nails y Lujan Merlos Makeup,OPERATIONAL,"Acceso Sur, Ypané 111813, Paraguay",,Acceso Sur,San Lorenzo (parte),Ypané,Central,,Paraguay,-25.4633056,-57.5113278,0983 514343,+595 983 514343,,https://maps.google.com/?cid=7480798700296615368,,beauty_salon|establishment|point_of_interest,beauty_salon,Beauty & Wellness,5.0,1,,,,,0,,,,,,,,,,,,,,,,,,,,,,False,no_website,False,False,False,False,65,HIGH,2026-04-14T23:46:25.083442
,Naissa Brow y Lash studio,OPERATIONAL,"Defensores del Chaco, Ypane 111802, Paraguay",,Defensores del Chaco,San Lorenzo (parte),Ypane,Tetãvore Central,,Paraguay,-25.4610665,-57.5027528,0971 304077,+595 971 304077,https://m.facebook.com/101925591549495/photos/a.101926974882690/102089788199742/?type=3&source=44&ref=content_filter,https://maps.google.com/?cid=1242562043484580298,,beauty_salon|establishment|point_of_interest,beauty_salon,Beauty & Wellness,5.0,7,,,,,0,,,,,,,,,,,,,,,,,,,,,,True,social_media_only,True,False,False,False,70,HIGH,2026-04-14T23:46:25.468925
,Magali nails ypane,OPERATIONAL,"Paso de Oro, Ypané 111815, Paraguay",,,San Lorenzo (parte),Ypané,Central,,Paraguay,-25.4467625,-57.48447940000001,0985 970583,+595 985 970583,,https://maps.google.com/?cid=9104471826392487785,,beauty_salon|establishment|point_of_interest,beauty_salon,Beauty & Wellness,3.7,3,,,,,0,,,,,,,,,,,,,,,,,,,,,,False,no_website,False,False,False,False,60,HIGH,2026-04-14T23:46:25.892207
,Ypane centro,OPERATIONAL,"GFMR+X37, Ypané 111813, Paraguay",,,San Lorenzo (parte),Ypané,Central Department,,Paraguay,-25.465077,-57.5098394,0982 232977,+595 982 232977,,https://maps.google.com/?cid=19801134150795987,,beauty_salon|establishment|point_of_interest,beauty_salon,Beauty & Wellness,5.0,1,,,,,0,,,,,,,,,,,,,,,,,,,,,,False,no_website,False,False,False,False,65,HIGH,2026-04-14T23:46:26.278748
,Beauty Center Class,OPERATIONAL,"GG58+J6W, Ypané 111818, Paraguay",,,San Lorenzo (parte),Ypané,Central,,Paraguay,-25.4908978,-57.4844129,0983 793549,+595 983 793549,,https://maps.google.com/?cid=13396796246177566746,,beauty_salon|establishment|point_of_interest,beauty_salon,Beauty & Wellness,5.0,1,,,,,0,,,,,,,,,,,,,,,,,,,,,,False,no_website,False,False,False,False,65,HIGH,2026-04-14T23:46:26.659725
,Pestañas bonitas con Eliza,OPERATIONAL,"Col. Thompson, Ypané 111803, Paraguay",,,San Lorenzo (parte),Ypané,Central,,Paraguay,-25.4287487,-57.49716110000001,0984 473346,+595 984 473346,,https://maps.google.com/?cid=5174456783637916505,,beauty_salon|establishment|point_of_interest,beauty_salon,Beauty & Wellness,0.0,0,,,,,0,,,,,,,,,,,,,,,,,,,,,,False,no_website,False,False,False,False,50,MEDIUM,2026-04-14T23:46:27.024270
,Beauty Salon Mirella Arianna,OPERATIONAL,"GFRW+W57, 2 de mayo, Ypané 111802, Paraguay",,2 de mayo,San Lorenzo (parte),Ypané,Central,,Paraguay,-25.457725,-57.50457470000001,0985 436461,+595 985 436461,,https://maps.google.com/?cid=14786097130558350652,,beauty_salon|establishment|point_of_interest,beauty_salon,Beauty & Wellness,4.3,3,,,,,0,,,,,,,,,,,,,,,,,,,,,,False,no_website,False,False,False,False,65,HIGH,2026-04-14T23:46:27.440781
,Divina Mujer,OPERATIONAL,"GFWR+32J, Ypané 111801, Paraguay",,,San Lorenzo (parte),Ypané,Central Department,,Paraguay,-25.4547959,-57.50997419999999,0991 638989,+595 991 638989,,https://maps.google.com/?cid=7775456705721741512,,beauty_salon|establishment|hair_care|point_of_interest,beauty_salon,Beauty & Wellness,0.0,0,,,,,0,,,,,,,,,,,,,,,,,,,,,,False,no_website,False,False,False,False,50,MEDIUM,2026-04-14T23:46:28.107089
,Marta O.,OPERATIONAL,"GFXX+7HX, Ypané 111808, Paraguay",,,San Lorenzo (parte),Ypané,Central Department,,Paraguay,-25.4506148,-57.5012834,0981 654777,+595 981 654777,,https://maps.google.com/?cid=794679189762268164,,beauty_salon|establishment|point_of_interest,beauty_salon,Beauty & Wellness,0.0,0,,,,,0,,,,,,,,,,,,,,,,,,,,,,False,no_website,False,False,False,False,50,MEDIUM,2026-04-14T23:46:28.469568
,Jazmín Arrúa Studio,OPERATIONAL,"MINISTRO MACIEL 349, Ypané 111801, Paraguay",349,MINISTRO MACIEL,San Lorenzo (parte),Ypané,Central,,Paraguay,-25.4588919,-57.50947859999999,,,https://api.whatsapp.com/message/2CI7DYTKMDCRH1?autoload=1&app_absent=0,https://maps.google.com/?cid=8610554748406867161,,beauty_salon|establishment|point_of_interest,beauty_salon,Beauty & Wellness,5.0,3,,,,,0,,,,,,,,,,,,,,,,,,,,,,True,social_media_only,True,False,False,False,55,MEDIUM,2026-04-14T23:46:28.880363
,Lyon Gym,OPERATIONAL,"Av. Primer Presidente, Asunción 001518, Paraguay",,Avenida Primer Presidente,Mcal. López,Asunción,Asunción,,Paraguay,-25.2518711,-57.57947919999999,0986 657777,+595 986 657777,,https://maps.google.com/?cid=10883299485349986975,,establishment|gym|health|point_of_interest,establishment,Beauty & Wellness,4.8,148,,,,,0,,,,,,,,,,,,,,,,,,,,,,False,no_website,False,False,False,False,85,HIGH,2026-04-14T23:46:32.646768
,Gorilla's Gym,OPERATIONAL,"Itapua 822, Asunción 001531, Paraguay",822,Itapua,Centro,Asunción,Asunción,,Paraguay,-25.2643872,-57.58057849999999,0994 462100,+595 994 462100,,https://maps.google.com/?cid=18155662481734296923,,establishment|gym|health|point_of_interest,establishment,Beauty & Wellness,4.8,67,,,,,0,,,,,,,,,,,,,,,,,,,,,,False,no_website,False,False,False,False,85,HIGH,2026-04-14T23:46:33.053547
,FitXpress 20',OPERATIONAL,"PCMJ+G27, Asunción 001520, Paraguay",,,Centro,Asunción,Asunción,,Paraguay,-25.2662142,-57.5699412,0981 687752,+595 981 687752,,https://maps.google.com/?cid=18399474479931153823,,establishment|gym|health|point_of_interest,establishment,Beauty & Wellness,4.9,22,,,,,0,,,,,,,,,,,,,,,,,,,,,,False,no_website,False,False,False,False,80,HIGH,2026-04-14T23:46:33.449445
,KR Training - Lomas,OPERATIONAL,"Avenida Doctor Felipe Molas López &, Río Ypane, Asunción 001531, Paraguay",,Río Ypane,Centro,Asunción,Asunción,,Paraguay,-25.2659362,-57.5765009,0981 758822,+595 981 758822,,https://maps.google.com/?cid=1847646770324212598,,establishment|gym|health|point_of_interest,establishment,Beauty & Wellness,4.9,12,,,,,0,,,,,,,,,,,,,,,,,,,,,,False,no_website,False,False,False,False,75,HIGH,2026-04-14T23:46:33.833788
,Global Fitness Paraguay,OPERATIONAL,"Av. República Argentina 1415 Esq, Asunción 001420, Paraguay",1415 Esq,Isaac Kostianovsky,Canógrafa,Asunción,Asunción,,Paraguay,-25.3069771,-57.58373779999999,0981 205329,+595 981 205329,https://instagram.com/global_fit_py,https://maps.google.com/?cid=1929444810020752145,,establishment|gym|health|point_of_interest,establishment,Beauty & Wellness,4.8,200,,,,,0,,,,,,,,,,,,,,,,,,,,,,True,social_media_only,True,False,False,False,80,HIGH,2026-04-14T23:46:34.235381
,Fibra Academia,OPERATIONAL,"Caracas 294, Asunción 1209, Paraguay",294,Caracas,Mcal. López,Asunción,Asunción,,Paraguay,-25.2586913,-57.5780947,(021) 280 084,+595 21 280 084,,https://maps.google.com/?cid=641755268732224945,,establishment|gym|health|point_of_interest,establishment,Beauty & Wellness,4.6,73,,,,,0,,,,,,,,,,,,,,,,,,,,,,False,no_website,False,False,False,False,85,HIGH,2026-04-14T23:46:34.646837
,Gorilla's Gym Suc. Artigas,OPERATIONAL,"PCR7+XJW, Asunción 001517, Paraguay",,,San Jorge,Asunción,Asunción,,Paraguay,-25.2575289,-57.5858912,0984 167223,+595 984 167223,,https://maps.google.com/?cid=18077793559890756679,,establishment|gym|health|point_of_interest,establishment,Beauty & Wellness,4.8,20,,,,,0,,,,,,,,,,,,,,,,,,,,,,False,no_website,False,False,False,False,80,HIGH,2026-04-14T23:46:35.032057
,Monkey Gym,OPERATIONAL,"PCRC+FP4, Caracas, Asunción 001519, Paraguay",,Caracas,Mcal. López,Asunción,Asunción,,Paraguay,-25.2588614,-57.5781763,,,,https://maps.google.com/?cid=13230425412991142889,,establishment|gym|health|point_of_interest,establishment,Beauty & Wellness,5.0,6,,,,,0,,,,,,,,,,,,,,,,,,,,,,False,no_website,False,False,False,False,70,HIGH,2026-04-14T23:46:35.419518
,Fit for Life,OPERATIONAL,"PCJM+FX2, Asunción 001520, Paraguay",,,Recoleta,Asunción,Asunción,,Paraguay,-25.2688647,-57.5651145,0985 402825,+595 985 402825,https://instagram.com/fitforlifepy?igshid=YmMyMTA2M2Y=,https://maps.google.com/?cid=16331677194885308181,,establishment|gym|health|point_of_interest,establishment,Beauty & Wellness,4.6,62,,,,,0,,,,,,,,,,,,,,,,,,,,,,True,social_media_only,True,False,False,False,80,HIGH,2026-04-14T23:46:35.813902
,Elizeche Training Center,OPERATIONAL,"Genaro Romero Nº442, Asunción 001531, Paraguay",Nº442,Genaro Romero,Canógrafa,Asunción,Asunción,,Paraguay,-25.2701726,-57.57752730000001,0972 528110,+595 972 528110,https://www.instagram.com/elizechetraining,https://maps.google.com/?cid=4527413126462074413,,establishment|gym|health|point_of_interest,establishment,Beauty & Wellness,4.9,14,,,,,0,,,,,,,,,,,,,,,,,,,,,,True,social_media_only,True,False,False,False,70,HIGH,2026-04-14T23:46:36.215614
,Curda Gym,OPERATIONAL,"PCHJ+F84 Yasy C, Cap. Domingo Antonio Ortiz, Asunción 1113, Paraguay",,Cap. Domingo Antonio Ortiz,Canógrafa,Asunción,Asunción,,Paraguay,-25.2713606,-57.5691828,,,,https://maps.google.com/?cid=12655658713005467119,,establishment|gym|health|point_of_interest,establishment,Beauty & Wellness,5.0,17,,,,,0,,,,,,,,,,,,,,,,,,,,,,False,no_website,False,False,False,False,70,HIGH,2026-04-14T23:46:36.617444
,Gimnasio Get Fit,OPERATIONAL,"PCG7+Q33, Profesor Mario Mariotti, Asunción 001534, Paraguay",,Profesor Mario Mariotti,Sajonia,Asunción,Asunción,,Paraguay,-25.2727381,-57.58748989999999,0981 764258,+595 981 764258,,https://maps.google.com/?cid=4438673006293871369,,establishment|gym|health|point_of_interest,establishment,Beauty & Wellness,4.7,54,,,,,0,,,,,,,,,,,,,,,,,,,,,,False,no_website,False,False,False,False,85,HIGH,2026-04-14T23:46:37.031085
,Premier Fitness Club - Paseo Los Arboles,OPERATIONAL,"PC5G+F2X, Av. Gral. José de San Martín, Asunción 001408, Paraguay",,Avenida General José de San Martín,Canógrafa,Asunción,Asunción,,Paraguay,-25.2921004,-57.57386389999999,0972 141444,+595 972 141444,https://api.whatsapp.com/send/?phone=595972141444&text&type=phone_number&app_absent=0,https://maps.google.com/?cid=9901437191651298636,,establishment|gym|health|point_of_interest,establishment,Beauty & Wellness,4.3,86,,,,,0,,,,,,,,,,,,,,,,,,,,,,True,social_media_only,True,False,False,False,80,HIGH,2026-04-14T23:46:37.836988
,Lion Gym,OPERATIONAL,"Av. Gral. José Gervasio Artigas 4289, Asunción 001518, Paraguay",4289,Avenida General José Gervasio Artigas,Mcal. López,Asunción,Asunción,,Paraguay,-25.2527603,-57.57960079999999,,,,https://maps.google.com/?cid=4099233870187612272,,establishment|gym|health|point_of_interest,establishment,Beauty & Wellness,4.7,59,,,,,0,,,,,,,,,,,,,,,,,,,,,,False,no_website,False,False,False,False,80,HIGH,2026-04-14T23:46:38.228958
,Bestia Gym,OPERATIONAL,"PCJ8+QGC, Asunción 001532, Paraguay",,,Sajonia,Asunción,Asunción,,Paraguay,-25.2683558,-57.58370529999999,,,,https://maps.google.com/?cid=18342760288895565077,,establishment|gym|health|point_of_interest,establishment,Beauty & Wellness,3.4,10,,,,,0,,,,,,,,,,,,,,,,,,,,,,False,no_website,False,False,False,False,55,MEDIUM,2026-04-14T23:46:38.630542
,ARMOR Cross & Functional,OPERATIONAL,"Av. Primer Presidente 1.478, Asunción 001519, Paraguay",1.478,Avenida Primer Presidente,Carmelitas,Asunción,Asunción,,Paraguay,-25.2542615,-57.5746766,0981 616391,+595 981 616391,,https://maps.google.com/?cid=7066327649869784615,,establishment|gym|health|point_of_interest,establishment,Beauty & Wellness,5.0,41,,,,,0,,,,,,,,,,,,,,,,,,,,,,False,no_website,False,False,False,False,80,HIGH,2026-04-14T23:46:39.037485
,Yat Training Gym,OPERATIONAL,"PCV8+948, Asunción 001518, Paraguay",,,Mcal. López,Asunción,Asunción,,Paraguay,-25.2565957,-57.5846628,,,,https://maps.google.com/?cid=15336789829000476207,,establishment|gym|health|point_of_interest,establishment,Beauty & Wellness,4.5,39,,,,,0,,,,,,,,,,,,,,,,,,,,,,False,no_website,False,False,False,False,75,HIGH,2026-04-14T23:46:39.455511
,Ashtanga Yoga Paraguay (Hari Gopal Yoga),OPERATIONAL,"Caracas 506, Asunción 001519, Paraguay",506,Caracas,Mcal. López,Asunción,Asunción,,Paraguay,-25.257197,-57.5807636,0971 347938,+595 971 347938,,https://maps.google.com/?cid=13313467907430062028,,establishment|gym|health|point_of_interest,establishment,Beauty & Wellness,5.0,46,,,,,0,,,,,,,,,,,,,,,,,,,,,,False,no_website,False,False,False,False,80,HIGH,2026-04-14T23:46:42.437672
,Yoga Urbano,OPERATIONAL,"Francisco Zurbaran 1138, Asunción 001206, Paraguay",1138,Francisco Zurbaran,Pettirossi,Asunción,Asunción,,Paraguay,-25.2778958,-57.5963643,0981 585277,+595 981 585277,,https://maps.google.com/?cid=2933669750807256447,,establishment|gym|health|point_of_interest,establishment,Beauty & Wellness,5.0,11,,,,,0,,,,,,,,,,,,,,,,,,,,,,False,no_website,False,False,False,False,75,HIGH,2026-04-14T23:46:42.837645
,The Yoga Garden Paraguay,OPERATIONAL,"Dr. Justo Prieto 3774, Asunción 001229, Paraguay",3774,Doctor Justo Prieto,Pettirossi,Asunción,Asunción,,Paraguay,-25.2970334,-57.59750700000001,0981 498080,+595 981 498080,http://www.facebook.com/theyogagardenparaguay,https://maps.google.com/?cid=16645622258586661840,,establishment|gym|health|point_of_interest,establishment,Beauty & Wellness,5.0,69,,,,,0,,,,,,,,,,,,,,,,,,,,,,True,social_media_only,True,False,False,False,80,HIGH,2026-04-14T23:46:43.675445
,Yoga en el Centro,OPERATIONAL,"Manuel Gondra 1738 E, Tte. Garay y, Asunción 1014, Paraguay",y,Magallanes,Santa Ana,Asunción,Asunción,,Paraguay,-25.3111359,-57.62074049999999,0981 400800,+595 981 400800,https://www.facebook.com/yogaenelcentro/about_contact_and_basic_info?locale=br_FR,https://maps.google.com/?cid=12820055119357343476,,establishment|gym|health|point_of_interest,establishment,Beauty & Wellness,5.0,45,,,,,0,,,,,,,,,,,,,,,,,,,,,,True,social_media_only,True,False,False,False,75,HIGH,2026-04-14T23:46:44.070689
,iFLY Paraguay,OPERATIONAL,"San Antonio 1086, Asunción 001205, Paraguay",1086,San Antonio,Pettirossi,Asunción,Asunción,,Paraguay,-25.2760344,-57.6014315,0982 921285,+595 982 921285,,https://maps.google.com/?cid=7081223110706731515,,establishment|gym|health|point_of_interest,establishment,Beauty & Wellness,5.0,27,,,,,0,,,,,,,,,,,,,,,,,,,,,,False,no_website,False,False,False,False,80,HIGH,2026-04-14T23:46:44.456938
,Harmonia,OPERATIONAL,"Domingo Ortiz, Asunción 001520, Paraguay",,Domingo Ortiz,Centro,Asunción,Asunción,,Paraguay,-25.2676477,-57.5736731,0981 174460,+595 981 174460,,https://maps.google.com/?cid=4773961523741421647,,establishment|gym|health|point_of_interest,establishment,Beauty & Wellness,3.5,2,,,,,0,,,,,,,,,,,,,,,,,,,,,,False,no_website,False,False,False,False,60,HIGH,2026-04-14T23:46:45.240154
,Yoga con Mariela,OPERATIONAL,"Suc. Venezuela, Soldado Paraguayo 1655, Asunción 001206, Paraguay",1655,Soldado Paraguayo,Sajonia,Asunción,Asunción,,Paraguay,-25.271439,-57.5951377,,,,https://maps.google.com/?cid=478092513965189128,,establishment|gym|health|point_of_interest,establishment,Beauty & Wellness,4.9,13,,,,,0,,,,,,,,,,,,,,,,,,,,,,False,no_website,False,False,False,False,70,HIGH,2026-04-14T23:46:45.643512
,Yoga Shala,OPERATIONAL,"Presbítero Marcelino Noutz 872 c, Asunción 001207, Paraguay",872 c,Presbítero Marcelino Noutz,Pettirossi,Asunción,Asunción,,Paraguay,-25.2829723,-57.59634200000001,0981 492424,+595 981 492424,http://instagram.com/yogashalapy,https://maps.google.com/?cid=13245062955584561445,,establishment|gym|health|point_of_interest,establishment,Beauty & Wellness,5.0,2,,,,,0,,,,,,,,,,,,,,,,,,,,,,True,social_media_only,True,False,False,False,60,HIGH,2026-04-14T23:46:46.069513
,Estudio Bindu,OPERATIONAL,"PC68+P5Q, Moisés Bertoni, Asunción 001411, Paraguay",,Moisés Bertoni,Canógrafa,Asunción,Asunción,,Paraguay,-25.2881571,-57.58453050000001,0982 185075,+595 982 185075,,https://maps.google.com/?cid=2639579291719216416,,establishment|gym|health|point_of_interest,establishment,Beauty & Wellness,4.9,33,,,,,0,,,,,,,,,,,,,,,,,,,,,,False,no_website,False,False,False,False,80,HIGH,2026-04-14T23:46:46.490331
,JE Studio Pilates Yoga,OPERATIONAL,"Sucre N° 1984, casi, Asunción 001408, Paraguay","N° 1984, casi",Trifon Benitez Vera,Canógrafa,Asunción,Asunción,,Paraguay,-25.2921293,-57.57019939999999,0973 203323,+595 973 203323,https://www.instagram.com/jestudiopilatesyoga,https://maps.google.com/?cid=17736005685956511790,,establishment|gym|health|point_of_interest,establishment,Beauty & Wellness,5.0,7,,,,,0,,,,,,,,,,,,,,,,,,,,,,True,social_media_only,True,False,False,False,70,HIGH,2026-04-14T23:46:47.667943
,Yoga Renda,OPERATIONAL,"25 de Mayo 989 c, Asunción 001218, Paraguay",989 c,25 de Mayo,Santa Ana,Asunción,Asunción,,Paraguay,-25.2874836,-57.62665990000001,0981 206304,+595 981 206304,https://www.instagram.com/yogarendapy/,https://maps.google.com/?cid=1118660598544108822,,establishment|gym|health|point_of_interest,establishment,Beauty & Wellness,4.9,24,,,,,0,,,,,,,,,,,,,,,,,,,,,,True,social_media_only,True,False,False,False,75,HIGH,2026-04-14T23:46:48.074176
,Flow Wellness Center / DOTERRA DISTRIBUIDOR,OPERATIONAL,"Luis Morales 856, Asunción 1701, Asunción 1701, Paraguay",,,Pettirossi,Asunción,Asunción,,Paraguay,-25.2822119,-57.5995798,0981 879864,+595 981 879864,,https://maps.google.com/?cid=7148759046419534149,,establishment|gym|health|point_of_interest,establishment,Beauty & Wellness,4.8,33,,,,,0,,,,,,,,,,,,,,,,,,,,,,False,no_website,False,False,False,False,80,HIGH,2026-04-14T23:46:48.474472
,BALANCE- CENTRO DE MOVIMIENTO,OPERATIONAL,"Prof. Manuel Riquelme 1907 casi, Asunción 1234, Paraguay",1907 casi,Profesor Manuel Riquelme,Recoleta,Asunción,Asunción,,Paraguay,-25.2793177,-57.56295780000001,0981 205898,+595 981 205898,,https://maps.google.com/?cid=17786512083479110877,,establishment|gym|health|point_of_interest,establishment,Beauty & Wellness,5.0,26,,,,,0,,,,,,,,,,,,,,,,,,,,,,False,no_website,False,False,False,False,80,HIGH,2026-04-14T23:46:48.879773
,Pachi Yoga,OPERATIONAL,"Manuel Perez 572, Asunción 1409, Paraguay",572,Manuel Perez,Tte. Fariña,Asunción,Asunción,,Paraguay,-25.2834636,-57.61787460000001,0992 298664,+595 992 298664,https://www.facebook.com/100092407960030/about/,https://maps.google.com/?cid=16393273749913820930,,establishment|gym|health|point_of_interest,establishment,Beauty & Wellness,5.0,18,,,,,0,,,,,,,,,,,,,,,,,,,,,,True,social_media_only,True,False,False,False,70,HIGH,2026-04-14T23:46:49.279517
,mosana Pilates Yoga Estudio,OPERATIONAL,"Dr. Toribio Pacheco 6157, Asunción 001416, Paraguay",6157,Doctor Toribio Pacheco,Canógrafa,Asunción,Asunción,,Paraguay,-25.304017,-57.57069620000001,0994 458368,+595 994 458368,http://linktr.ee/Mosanapilatesyoga,https://maps.google.com/?cid=9183981132019419354,,establishment|gym|health|point_of_interest,establishment,Beauty & Wellness,5.0,7,,,,,0,,,,,,,,,,,,,,,,,,,,,,True,social_media_only,True,False,False,False,70,HIGH,2026-04-14T23:46:49.674251
,Nāda Brahman | Kalā,OPERATIONAL,"Florida 1185, Asunción 001205, Paraguay",1185,Florida,Pettirossi,Asunción,Asunción,,Paraguay,-25.2765424,-57.6003052,,,http://instagram.com/nadabrahman_kala,https://maps.google.com/?cid=192261280672894060,,establishment|gym|health|point_of_interest,establishment,Beauty & Wellness,5.0,16,,,,,0,,,,,,,,,,,,,,,,,,,,,,True,social_media_only,True,False,False,False,65,HIGH,2026-04-14T23:46:50.067632
,Qí Pilates,OPERATIONAL,"Capitan Vicente Suarez 2115, Asunción 001520, Paraguay",2115,Capitan Vicente Suarez,Centro,Asunción,Asunción,,Paraguay,-25.268146,-57.57198030000001,0981 509342,+595 981 509342,,https://maps.google.com/?cid=10196266753926162677,,establishment|gym|health|point_of_interest,establishment,Beauty & Wellness,5.0,2,,,,,0,,,,,,,,,,,,,,,,,,,,,,False,no_website,False,False,False,False,65,HIGH,2026-04-14T23:46:52.988495
,DC Pilates & Fisio - Sucursal Asunción,OPERATIONAL,"Veterano de la Guerra del 70, Teniente Primero Nemesio Quiñonez y, Asunción 001520, Paraguay",y,Sargento 1ro Manuel Benítez,Centro,Asunción,Asunción,,Paraguay,-25.2660537,-57.57180719999999,0983 101013,+595 983 101013,https://www.instagram.com/dcpilates.fisio/,https://maps.google.com/?cid=14392290769780538730,,establishment|gym|health|point_of_interest,establishment,Beauty & Wellness,3.7,6,,,,,0,,,,,,,,,,,,,,,,,,,,,,True,social_media_only,True,False,False,False,65,HIGH,2026-04-14T23:46:53.364951
,Studio Pilates,OPERATIONAL,"Malutin 479, Asunción 001411, Paraguay",479,Malutin,Canógrafa,Asunción,Asunción,,Paraguay,-25.2908236,-57.5791435,0982 858083,+595 982 858083,,https://maps.google.com/?cid=4131278587909247294,,establishment|gym|health|point_of_interest,establishment,Beauty & Wellness,4.8,22,,,,,0,,,,,,,,,,,,,,,,,,,,,,False,no_website,False,False,False,False,80,HIGH,2026-04-14T23:46:53.760886
,Postura Pilates Estudio,OPERATIONAL,"Domingo Bañuelos 2116, Asunción 001532, Paraguay",2116,Domingo Bañuelos,Sajonia,Asunción,Asunción,,Paraguay,-25.2652436,-57.583219,,,,https://maps.google.com/?cid=8970411301212650530,,establishment|gym|health|point_of_interest,establishment,Beauty & Wellness,4.6,13,,,,,0,,,,,,,,,,,,,,,,,,,,,,False,no_website,False,False,False,False,70,HIGH,2026-04-14T23:46:54.153491
,VERO BENITEZ PILATES - LA CASA DEL MOVIMIENTO,OPERATIONAL,"Prof. Rómulo Feliciángeli 540 casi, Asunción 001529, Paraguay",540 casi,Agustín Pío Barrios,Canógrafa,Asunción,Asunción,,Paraguay,-25.2829853,-57.5769888,0972 956466,+595 972 956466,https://linktr.ee/verobenitezpilatestudio,https://maps.google.com/?cid=1858363010616892186,,establishment|gym|health|point_of_interest,establishment,Beauty & Wellness,5.0,11,,,,,0,,,,,,,,,,,,,,,,,,,,,,True,social_media_only,True,False,False,False,70,HIGH,2026-04-14T23:46:54.549627
,Giselle Lahaye Pilates,OPERATIONAL,"Sgto. José León Gauto 394, Asunción 001207, Paraguay",394,Sargento José León Gauto,Pettirossi,Asunción,Asunción,,Paraguay,-25.2819594,-57.5982922,0981 698517,+595 981 698517,,https://maps.google.com/?cid=11959813336504022228,,establishment|gym|health|point_of_interest,establishment,Beauty & Wellness,4.9,38,,,,,0,,,,,,,,,,,,,,,,,,,,,,False,no_website,False,False,False,False,80,HIGH,2026-04-14T23:46:54.954569
,Inspira Pilates,OPERATIONAL,"Doctor Luís Enrique Migone 767, Asunción 001529, Paraguay",767,Doctor Luís Enrique Migone,Canógrafa,Asunción,Asunción,,Paraguay,-25.2822438,-57.57824540000001,0991 970900,+595 991 970900,https://www.facebook.com/INSPIRApilatespy,https://maps.google.com/?cid=17968491883742428251,,establishment|gym|health|point_of_interest,establishment,Beauty & Wellness,5.0,7,,,,,0,,,,,,,,,,,,,,,,,,,,,,True,social_media_only,True,False,False,False,70,HIGH,2026-04-14T23:46:55.354548
,Pilates Health,OPERATIONAL,"San Miguel, &, Asunción 001206, Paraguay",,Emilio Castelar,Sajonia,Asunción,Asunción,,Paraguay,-25.268958,-57.5942212,(021) 213 115,+595 21 213 115,https://www.facebook.com/Pilates-Health-169210656453841/?ref=bookmarks,https://maps.google.com/?cid=17755866435309433009,,establishment|gym|health|point_of_interest,establishment,Beauty & Wellness,4.8,8,,,,,0,,,,,,,,,,,,,,,,,,,,,,True,social_media_only,True,False,False,False,70,HIGH,2026-04-14T23:46:55.751606
,mar pilates,OPERATIONAL,"Gumersindo Sosa 1643 c, Asunción 142500, Paraguay",1643 c,Teniente oviedo,Canógrafa,Asunción,Asunción,,Paraguay,-25.285729,-57.56142020000001,,,,https://maps.google.com/?cid=3154866498291649167,,establishment|gym|health|point_of_interest,establishment,Beauty & Wellness,0.0,0,,,,,0,,,,,,,,,,,,,,,,,,,,,,False,no_website,False,False,False,False,45,MEDIUM,2026-04-14T23:46:56.130931
,Asuncion pilates club,OPERATIONAL,"Florida 655, Asunción 001204, Paraguay",655,Florida,Pettirossi,Asunción,Asunción,,Paraguay,-25.2781938,-57.6053437,,,,https://maps.google.com/?cid=3194179716773108753,,establishment|gym|health|point_of_interest,establishment,Beauty & Wellness,5.0,10,,,,,0,,,,,,,,,,,,,,,,,,,,,,False,no_website,False,False,False,False,70,HIGH,2026-04-14T23:46:56.532964
,Corppilates,OPERATIONAL,"PCVF+V4F, Asunción 001519, Paraguay",,,Mcal. López,Asunción,Asunción,,Paraguay,-25.2553273,-57.5772415,0994 650322,+595 994 650322,https://www.instagram.com/corppilatespy/,https://maps.google.com/?cid=11264944325035877329,,establishment|gym|health|point_of_interest,establishment,Beauty & Wellness,5.0,1,,,,,0,,,,,,,,,,,,,,,,,,,,,,True,social_media_only,True,False,False,False,60,HIGH,2026-04-14T23:46:56.941860
,INDIVIDUAL Pilates & Fisioterapia,OPERATIONAL,"Prof. Manuel Riquelme y, Asunción 001527, Paraguay",y,Doctor Alfonso Capurro,Canógrafa,Asunción,Asunción,,Paraguay,-25.2773151,-57.567244,0992 295889,+595 992 295889,https://www.instagram.com/individual.pilates,https://maps.google.com/?cid=17696833854277094176,,establishment|gym|health|physiotherapist|point_of_interest,establishment,Health & Medical,5.0,15,,,,,0,,,,,,,,,,,,,,,,,,,,,,True,social_media_only,True,False,False,False,70,HIGH,2026-04-14T23:46:57.324001
,Soul Studio Pilates,OPERATIONAL,"Legion Civil Extranjera casi, Asunción 001412, Paraguay",casi,Hassler,Canógrafa,Asunción,Asunción,,Paraguay,-25.294324,-57.5857901,0974 872150,+595 974 872150,,https://maps.google.com/?cid=13066086025036539975,,establishment|gym|health|point_of_interest,establishment,Beauty & Wellness,5.0,1,,,,,0,,,,,,,,,,,,,,,,,,,,,,False,no_website,False,False,False,False,65,HIGH,2026-04-14T23:46:57.697874
,Inhala Pilates Studio - Las Lomas,OPERATIONAL,"Río Tebicuary 2061 casi, Asunción 001528, Paraguay",2061 casi,Genaro Romero,Canógrafa,Asunción,Asunción,,Paraguay,-25.2709665,-57.5751778,0971 974141,+595 971 974141,,https://maps.google.com/?cid=14064500054624639097,,establishment|gym|health|point_of_interest,establishment,Beauty & Wellness,0.0,0,,,,,0,,,,,,,,,,,,,,,,,,,,,,False,no_website,False,False,False,False,50,MEDIUM,2026-04-14T23:46:58.088187
,Pilates Fit Asunción,OPERATIONAL,"Amistad esq, Asunción 1429, Paraguay",esq,San Agustín,Pettirossi,Asunción,Asunción,,Paraguay,-25.280508,-57.60156629999999,,,,https://maps.google.com/?cid=12966684113214180298,,establishment|gym|health|point_of_interest,establishment,Beauty & Wellness,5.0,1,,,,,0,,,,,,,,,,,,,,,,,,,,,,False,no_website,False,False,False,False,60,HIGH,2026-04-14T23:46:58.482702
,Pilates Lab,OPERATIONAL,"Gumersindo Sosa 1453, Asunción 001409, Paraguay",1453,Gumersindo Sosa,Canógrafa,Asunción,Asunción,,Paraguay,-25.2873423,-57.56329940000001,0987 318720,+595 987 318720,,https://maps.google.com/?cid=8841944904302275470,,establishment|gym|health|point_of_interest,establishment,Beauty & Wellness,4.5,2,,,,,0,,,,,,,,,,,,,,,,,,,,,,False,no_website,False,False,False,False,65,HIGH,2026-04-14T23:46:58.885718
,Pilates CASA MIA,OPERATIONAL,"PCMG+79W, Capitán de Marina Domingo Antonio Ortíz, Asunción 001520, Paraguay",,Capitán de Marina Domingo Antonio Ortíz,Centro,Asunción,Asunción,,Paraguay,-25.2668889,-57.57397219999999,,,,https://maps.google.com/?cid=6412218079926726057,,establishment|gym|health|point_of_interest,establishment,Beauty & Wellness,5.0,1,,,,,0,,,,,,,,,,,,,,,,,,,,,,False,no_website,False,False,False,False,60,HIGH,2026-04-14T23:46:59.274374
,VOU Pilates & Movement,OPERATIONAL,"Senador Huey Pierce Long, Asunción 001411, Paraguay",,Senador Huey Pierce Long,Canógrafa,Asunción,Asunción,,Paraguay,-25.2903124,-57.577626,0972 666643,+595 972 666643,,https://maps.google.com/?cid=10333694421614191402,,establishment|gym|health|point_of_interest,establishment,Beauty & Wellness,5.0,1,,,,,0,,,,,,,,,,,,,,,,,,,,,,False,no_website,False,False,False,False,65,HIGH,2026-04-14T23:46:59.664815
,Gtc Mcal CrossFit,OPERATIONAL,"Tte. Jara Troche, Asunción 001208, Paraguay",,Tte. Jara Troche,Pettirossi,Asunción,Asunción,,Paraguay,-25.2908769,-57.6075855,0971 666944,+595 971 666944,,https://maps.google.com/?cid=3160227406398752410,,establishment|gym|health|point_of_interest,establishment,Beauty & Wellness,4.8,66,,,,,0,,,,,,,,,,,,,,,,,,,,,,False,no_website,False,False,False,False,85,HIGH,2026-04-14T23:47:02.714360
,MBARETE CrossFit,OPERATIONAL,"Eusebio Lillo Robles, Asunción 001406, Paraguay",,Concejal Vargas,Canógrafa,Asunción,Asunción,,Paraguay,-25.2932183,-57.55508299999999,0981 276708,+595 981 276708,,https://maps.google.com/?cid=16302803571778065621,,establishment|gym|health|point_of_interest,establishment,Beauty & Wellness,4.7,38,,,,,0,,,,,,,,,,,,,,,,,,,,,,False,no_website,False,False,False,False,80,HIGH,2026-04-14T23:47:03.117143
,Gym Crossfit Gigantes,OPERATIONAL,"P946+2RJ, Lomas Valentinas, Asunción 001103, Paraguay",,Lomas Valentinas,Santa Ana,Asunción,Asunción,,Paraguay,-25.294917,-57.63797460000001,,,,https://maps.google.com/?cid=16129885840785992786,,establishment|gym|health|point_of_interest,establishment,Beauty & Wellness,4.7,155,,,,,0,,,,,,,,,,,,,,,,,,,,,,False,no_website,False,False,False,False,80,HIGH,2026-04-14T23:47:03.523731
,SG training,OPERATIONAL,"PCJ6+MHW, Sgto. Toribio Valinotti, Asunción 001533, Paraguay",,Sargento Toribio Valinotti,Sajonia,Asunción,Asunción,,Paraguay,-25.2682684,-57.588542,0992 315496,+595 992 315496,,https://maps.google.com/?cid=13800220766922745050,,establishment|gym|health|point_of_interest,establishment,Beauty & Wellness,4.7,84,,,,,0,,,,,,,,,,,,,,,,,,,,,,False,no_website,False,False,False,False,85,HIGH,2026-04-14T23:47:04.729633
,Fittest,OPERATIONAL,"Asunción 001229, Paraguay",,,Pettirossi,Asunción,Asunción,,Paraguay,-25.2989787,-57.59408239999999,,,,https://maps.google.com/?cid=222100261265846311,,establishment|gym|health|point_of_interest,establishment,Beauty & Wellness,4.9,89,,,,,0,,,,,,,,,,,,,,,,,,,,,,False,no_website,False,False,False,False,80,HIGH,2026-04-14T23:47:05.144700
,Aerofisic,OPERATIONAL,"PC5C+FC2, Del Maestro, Asunción 001411, Paraguay",,Del Maestro,Canógrafa,Asunción,Asunción,,Paraguay,-25.2913559,-57.57899399999999,0984 392700,+595 984 392700,,https://maps.google.com/?cid=8584279522186559609,,establishment|gym|health|point_of_interest,establishment,Beauty & Wellness,4.6,74,,,,,0,,,,,,,,,,,,,,,,,,,,,,False,no_website,False,False,False,False,85,HIGH,2026-04-14T23:47:05.973959
,Mburucuya Fitness Center,OPERATIONAL,"Dr. Hipólito Carrón esquina, Asunción 001520, Paraguay",esquina,Profesor Fernandez,Recoleta,Asunción,Asunción,,Paraguay,-25.2726365,-57.56723609999999,0992 446377,+595 992 446377,https://www.instagram.com/mburucuyafitnesscenter/,https://maps.google.com/?cid=16387793428746023052,,establishment|gym|health|point_of_interest,establishment,Beauty & Wellness,4.7,112,,,,,0,,,,,,,,,,,,,,,,,,,,,,True,social_media_only,True,False,False,False,80,HIGH,2026-04-14T23:47:06.373383
,GTC CrossFit,OPERATIONAL,"Av. Ygatimi 1073, Asunción 1131, Paraguay",1073,Avenida Ygatimi,Santa Ana,Asunción,Asunción,,Paraguay,-25.2860806,-57.64792319999999,0991 487883,+595 991 487883,,https://maps.google.com/?cid=16556569951989210998,,establishment|gym|health|point_of_interest,establishment,Beauty & Wellness,4.9,8,,,,,0,,,,,,,,,,,,,,,,,,,,,,False,no_website,False,False,False,False,75,HIGH,2026-04-14T23:47:06.764417
,AeroFisic,OPERATIONAL,"José Ribera, Asunción 001206, Paraguay",,José Ribera,Pettirossi,Asunción,Asunción,,Paraguay,-25.2799704,-57.59793339999999,0984 966942,+595 984 966942,https://www.facebook.com/aerofisicgym,https://maps.google.com/?cid=4547305524724071189,,establishment|gym|health|point_of_interest,establishment,Beauty & Wellness,4.6,213,,,,,0,,,,,,,,,,,,,,,,,,,,,,True,social_media_only,True,False,False,False,80,HIGH,2026-04-14T23:47:07.164514
,Dynamis Fitness Gym,OPERATIONAL,"PCQ5+MRQ, Av. Gral. José Gervasio Artigas 3375, Asunción 001517, Paraguay",3375,Avenida General José Gervasio Artigas,San Jorge,Asunción,Asunción,,Paraguay,-25.26084,-57.590395,,,,https://maps.google.com/?cid=16305427165656912061,,establishment|gym|health|point_of_interest,establishment,Beauty & Wellness,5.0,2,,,,,0,,,,,,,,,,,,,,,,,,,,,,False,no_website,False,False,False,False,60,HIGH,2026-04-14T23:47:10.559487
,Go Fitness Gym,OPERATIONAL,"Av. Venezuela, Asunción 001533, Paraguay",,Avenida Venezuela,Sajonia,Asunción,Asunción,,Paraguay,-25.2671269,-57.5937853,0982 157720,+595 982 157720,,https://maps.google.com/?cid=871318611742108698,,establishment|gym|health|point_of_interest,establishment,Beauty & Wellness,5.0,10,,,,,0,,,,,,,,,,,,,,,,,,,,,,False,no_website,False,False,False,False,75,HIGH,2026-04-14T23:47:10.969543
,Paraguay Training,OPERATIONAL,"Av. La Victoria 2344, Asunción 001426, Paraguay",2344,Avenida La Victoria,Canógrafa,Asunción,Asunción,,Paraguay,-25.3229019,-57.5799123,,,,https://maps.google.com/?cid=196762117316407639,,establishment|gym|health|point_of_interest,establishment,Beauty & Wellness,4.9,111,,,,,0,,,,,,,,,,,,,,,,,,,,,,False,no_website,False,False,False,False,80,HIGH,2026-04-14T23:47:13.961633
,Zeta Training,OPERATIONAL,"Tte. Salustiano Medardo Moreno, Asunción 001532, Paraguay",,Tte. Salustiano Medardo Moreno,Mcal. López,Asunción,Asunción,,Paraguay,-25.260963,-57.584231,0971 948095,+595 971 948095,,https://maps.google.com/?cid=3652347390395223816,,establishment|gym|health|point_of_interest,establishment,Beauty & Wellness,4.4,35,,,,,0,,,,,,,,,,,,,,,,,,,,,,False,no_website,False,False,False,False,80,HIGH,2026-04-14T23:47:14.375715
,ND wellness center,OPERATIONAL,"Las Perlas 4294 c/ Choferes del Chaco, Avenida Choferes Del Chaco, Asunción 1119, Paraguay",,,Pettirossi,Asunción,Paraguay,,Paraguay,-25.2993451,-57.59225719999999,0994 399692,+595 994 399692,https://instagram.com/ndwellnesspy,https://maps.google.com/?cid=4857826771439830576,,establishment|gym|health|point_of_interest,establishment,Beauty & Wellness,4.7,212,,,,,0,,,,,,,,,,,,,,,,,,,,,,True,social_media_only,True,False,False,False,80,HIGH,2026-04-14T23:47:14.766388
,Emme Training,OPERATIONAL,"Rigoberto Fontao Meza 547 Esq, Asunción 001526, Paraguay",547 Esq,Juan B. Acosta,Recoleta,Asunción,Asunción,,Paraguay,-25.2773556,-57.56046239999999,0971 140700,+595 971 140700,https://linktr.ee/EmmeTraining,https://maps.google.com/?cid=2623035362295626060,,establishment|gym|health|point_of_interest,establishment,Beauty & Wellness,4.9,25,,,,,0,,,,,,,,,,,,,,,,,,,,,,True,social_media_only,True,False,False,False,75,HIGH,2026-04-14T23:47:15.973623
,Fitness Corporation,OPERATIONAL,"P97R+9FQ, Tte. Federico Delgado, Asunción 001208, Paraguay",,Tte. Federico Delgado,Pettirossi,Asunción,Paraguay,,Paraguay,-25.2865455,-57.6087758,0986 802957,+595 986 802957,,https://maps.google.com/?cid=8955962024936001465,,establishment|gym|health|point_of_interest,establishment,Beauty & Wellness,4.7,188,,,,,0,,,,,,,,,,,,,,,,,,,,,,False,no_website,False,False,False,False,85,HIGH,2026-04-14T23:47:16.388130
,GO Training Center,OPERATIONAL,"Av. Gral. José Gervasio Artigas Casi, Asunción 001203, Paraguay",Casi,Avenida General José Gervasio Artigas,Pettirossi,Asunción,Asunción,,Paraguay,-25.2753909,-57.60928490000001,0971 214940,+595 971 214940,,https://maps.google.com/?cid=9857069826819538784,,establishment|gym|health|point_of_interest,establishment,Beauty & Wellness,4.7,46,,,,,0,,,,,,,,,,,,,,,,,,,,,,False,no_website,False,False,False,False,80,HIGH,2026-04-14T23:47:17.165770
,KB - TRAINING,OPERATIONAL,"Asunción 001226, Paraguay",,,Tte. Fariña,Asunción,Asunción,,Paraguay,-25.2993974,-57.61484129999999,0982 360950,+595 982 360950,,https://maps.google.com/?cid=7343188514956696177,,establishment|gym|health|point_of_interest,establishment,Beauty & Wellness,4.8,34,,,,,0,,,,,,,,,,,,,,,,,,,,,,False,no_website,False,False,False,False,80,HIGH,2026-04-14T23:47:18.361419
,Gan Funcional Center,OPERATIONAL,"Mayor Sebastián Bullo 837, Asunción 001225, Paraguay",837,Mayor Sebastián Bullo,Tte. Fariña,Asunción,Asunción,,Paraguay,-25.2975191,-57.61725839999999,,,,https://maps.google.com/?cid=3959262298875494082,,establishment|gym|health|point_of_interest,establishment,Beauty & Wellness,4.5,11,,,,,0,,,,,,,,,,,,,,,,,,,,,,False,no_website,False,False,False,False,70,HIGH,2026-04-14T23:47:18.743056
,DAPF|Performance Training,OPERATIONAL,"Israel, Fernando de la Mora 110331, Paraguay",,Israel,San Lorenzo (parte),Fernando de la Mora,Central,,Paraguay,-25.3475058,-57.5686469,0981 287619,+595 981 287619,,https://maps.google.com/?cid=13652765177162767569,,establishment|gym|health|point_of_interest,establishment,Beauty & Wellness,4.9,10,,,,,0,,,,,,,,,,,,,,,,,,,,,,False,no_website,False,False,False,False,75,HIGH,2026-04-14T23:47:19.154271
,Patito Godoy,OPERATIONAL,"Teniente Héctor Vera casi, Asunción 001411, Paraguay",casi,Doctor Francisco Morra,Canógrafa,Asunción,Asunción,,Paraguay,-25.2874121,-57.57530380000001,0992 299210,+595 992 299210,https://www.instagram.com/patitogodoy/,https://maps.google.com/?cid=1792527127713355017,,establishment|health|point_of_interest,establishment,Other,0.0,0,,,,,0,,,,,,,,,,,,,,,,,,,,,,True,social_media_only,True,False,False,False,45,MEDIUM,2026-04-14T23:47:19.545262
,María Wellness Entrenamiento Funcional&Salud,OPERATIONAL,"Chile, Asunción 1104, Paraguay",,Chile,Santa Ana,Asunción,Asunción,,Paraguay,-25.3009231,-57.64720500000001,0984 744932,+595 984 744932,https://www.facebook.com/profile.php?id=100086813261331&mibextid=ZbWKwL,https://maps.google.com/?cid=18437248913752812379,,establishment|health|point_of_interest,establishment,Other,5.0,1,,,,,0,,,,,,,,,,,,,,,,,,,,,,True,social_media_only,True,False,False,False,60,HIGH,2026-04-14T23:47:19.930055
,Leo Sanabria Halterofilia,OPERATIONAL,"Av. Eusebio Ayala, Asunción 001426, Paraguay",,Avenida Eusebio Ayala,Canógrafa,Asunción,Asunción,,Paraguay,-25.316566,-57.5805908,0981 645838,+595 981 645838,,https://maps.google.com/?cid=2020631211763773799,,establishment|gym|health|point_of_interest,establishment,Beauty & Wellness,4.8,41,,,,,0,,,,,,,,,,,,,,,,,,,,,,False,no_website,False,False,False,False,80,HIGH,2026-04-14T23:47:20.325906
,NEXUS WELLNESS,OPERATIONAL,"Ruy Díaz de Guzmán 1549 casi, Asunción 001001, Paraguay",1549 casi,Avenida Carlos Antonio López,Santa Ana,Asunción,Asunción,,Paraguay,-25.2901581,-57.6661339,0972 861652,+595 972 861652,https://wa.me/message/GVF2WNCWVAJBH1,https://maps.google.com/?cid=11334676784122124592,,establishment|gym|health|physiotherapist|point_of_interest,establishment,Health & Medical,5.0,2,,,,,0,,,,,,,,,,,,,,,,,,,,,,True,social_media_only,True,False,False,False,60,HIGH,2026-04-14T23:47:20.732145
,Wellness Clinic,OPERATIONAL,"Avda. Molas Lopez 687 Entre Dr. Geronimo Zubizarreta y Prof, Dr. Cirilo Caceres Zorrilla, Asunción 001527, Paraguay",,Doctor Cirilo Caceres Zorrilla,Canógrafa,Asunción,Asunción,,Paraguay,-25.2769671,-57.56534619999999,0981 205060,+595 981 205060,,https://maps.google.com/?cid=14880161204540618580,,establishment|health|point_of_interest,establishment,Other,3.4,5,,,,,0,,,,,,,,,,,,,,,,,,,,,,False,no_website,False,False,False,False,60,HIGH,2026-04-14T23:47:23.704492
,Fulvia Wellness Studio,OPERATIONAL,"Juan E. O'Leary 2002 esquina, Asunción 001015, Paraguay",2002 esquina,Delfin Chamorro,Santa Ana,Asunción,Asunción,,Paraguay,-25.2943976,-57.6486551,0981 582758,+595 981 582758,https://web.facebook.com/FulviaWellnessStudio,https://maps.google.com/?cid=16725894375497416490,,establishment|point_of_interest,establishment,Other,4.9,22,,,,,0,,,,,,,,,,,,,,,,,,,,,,True,social_media_only,True,False,False,False,75,HIGH,2026-04-14T23:47:24.493158
,Recovery - Daily Wellness,OPERATIONAL,"Alfredo Seiferheld casi, Asunción 1518, Paraguay",casi,Alfredo Seiferheld,Canógrafa,Asunción,Asunción,,Paraguay,-25.3055823,-57.5894618,0985 444424,+595 985 444424,,https://maps.google.com/?cid=15525557769463515906,,establishment|point_of_interest|spa,establishment,Beauty & Wellness,4.7,7,,,,,0,,,,,,,,,,,,,,,,,,,,,,False,no_website,False,False,False,False,75,HIGH,2026-04-14T23:47:24.896925
,Sense Wellness,OPERATIONAL,"Diego de Silva y Velázquez 920, Asunción 001206, Paraguay",920,Diego de Silva y Velázquez,Pettirossi,Asunción,Asunción,,Paraguay,-25.2813867,-57.5986901,,,,https://maps.google.com/?cid=12177527110787127432,,establishment|health|point_of_interest,establishment,Other,5.0,3,,,,,0,,,,,,,,,,,,,,,,,,,,,,False,no_website,False,False,False,False,60,HIGH,2026-04-14T23:47:25.318890
,ESTILO LIFE (Pilates & Wellness),OPERATIONAL,"Av. Gral. José de San Martín 1519, Asunción 001527, Paraguay",1519,Avenida General José de San Martín,Canógrafa,Asunción,Asunción,,Paraguay,-25.2806358,-57.5710766,,,,https://maps.google.com/?cid=6918093438733878176,,establishment|health|point_of_interest,establishment,Other,5.0,2,,,,,0,,,,,,,,,,,,,,,,,,,,,,False,no_website,False,False,False,False,60,HIGH,2026-04-14T23:47:25.700501
,Asuncion Wellness spa skin Body Clinic,OPERATIONAL,"25 de Mayo 3682c, Asunción 001229, Paraguay",3682c,Gaudioso Nuñez,Pettirossi,Asunción,Asunción,,Paraguay,-25.2995158,-57.60095320000001,0982 787197,+595 982 787197,,https://maps.google.com/?cid=2163166391667078627,,establishment|health|point_of_interest|spa,establishment,Beauty & Wellness,4.2,6,,,,,0,,,,,,,,,,,,,,,,,,,,,,False,no_website,False,False,False,False,75,HIGH,2026-04-14T23:47:26.090077
,SB Pilates & Wellness,OPERATIONAL,"Juan Max Boettner 1216, Asunción 001527, Paraguay",1216,Juan Max Boettner,Canógrafa,Asunción,Asunción,,Paraguay,-25.2798562,-57.5643652,0985 444544,+595 985 444544,,https://maps.google.com/?cid=15879907473832845947,,establishment|gym|health|point_of_interest,establishment,Beauty & Wellness,4.7,37,,,,,0,,,,,,,,,,,,,,,,,,,,,,False,no_website,False,False,False,False,80,HIGH,2026-04-14T23:47:26.891777
,Kalā - Centro Integral,OPERATIONAL,"Teniente Héctor Vera, &, Asunción 001411, Paraguay",,Doctor Francisco Morra,Canógrafa,Asunción,Asunción,,Paraguay,-25.2872529,-57.5755917,0981 704000,+595 981 704000,,https://maps.google.com/?cid=8886206051264276385,,establishment|health|point_of_interest,establishment,Other,5.0,2,,,,,0,,,,,,,,,,,,,,,,,,,,,,False,no_website,False,False,False,False,65,HIGH,2026-04-14T23:47:27.354857
,Brenda Samson Maternidad & Bienestar,OPERATIONAL,"Av. Santísima Trinidad, Asunción 890, Paraguay",,Avenida Santísima Trinidad,Recoleta,Asunción,Asunción,,Paraguay,-25.2724795,-57.5589573,0982 320990,+595 982 320990,https://www.facebook.com/brendasamsonw/,https://maps.google.com/?cid=67316436771839576,,establishment|gym|health|point_of_interest,establishment,Beauty & Wellness,5.0,2,,,,,0,,,,,,,,,,,,,,,,,,,,,,True,social_media_only,True,False,False,False,60,HIGH,2026-04-14T23:47:27.738498
,Wellness Coworking,OPERATIONAL,"Santisimo Sacramento, Asunción 001411, Paraguay",,Santisimo Sacramento,Sajonia,Asunción,Asunción,,Paraguay,-25.2889108,-57.58926759999999,,,,https://maps.google.com/?cid=2416943709466642299,,establishment|health|point_of_interest,establishment,Other,0.0,0,,,,,0,,,,,,,,,,,,,,,,,,,,,,False,no_website,False,False,False,False,45,MEDIUM,2026-04-14T23:47:28.126975
,Spa Carolina Sotelo,OPERATIONAL,"Cnel. Alcides Basualdo 392, Asunción 1229, Paraguay",392,Coronel Alcides Basualdo,Recoleta,Asunción,Asunción,,Paraguay,-25.2736058,-57.5627204,0994 401018,+595 994 401018,https://instagram.com/spacarolinasotelo?igshid=MzNlNGNkZWQ4Mg==,https://maps.google.com/?cid=11931738185657756790,,establishment|health|point_of_interest,establishment,Other,5.0,1,,,,,0,,,,,,,,,,,,,,,,,,,,,,True,social_media_only,True,False,False,False,60,HIGH,2026-04-14T23:47:28.503913
,Ona Fisio,OPERATIONAL,"Agustín Pío Barrios 891, Asunción 001529, Paraguay",891,Agustín Pío Barrios,Canógrafa,Asunción,Asunción,,Paraguay,-25.2829576,-57.5773027,0991 401800,+595 991 401800,https://www.instagram.com/onafisio?igsh=MXVudmlrYngzNmtjcQ==,https://maps.google.com/?cid=13176108220696603730,,establishment|health|point_of_interest,establishment,Other,5.0,1,,,,,0,,,,,,,,,,,,,,,,,,,,,,True,social_media_only,True,False,False,False,60,HIGH,2026-04-14T23:47:29.697080
,Ever Penayo Tattoo Studio,OPERATIONAL,"Senador Huey Pierce Long 464, Asunción 001411, Paraguay",464,Senador Huey Pierce Long,Canógrafa,Asunción,Asunción,,Paraguay,-25.2913015,-57.5778619,0982 285552,+595 982 285552,https://instagram.com/everpenayotattoos?igshid=YmMyMTA2M2Y=,https://maps.google.com/?cid=5399212496325785564,,establishment|point_of_interest|store,establishment,Retail & Shopping,4.9,127,,,,,0,,,,,,,,,,,,,,,,,,,,,,True,social_media_only,True,False,False,False,80,HIGH,2026-04-14T23:47:33.117915
,Tattoo bolita,OPERATIONAL,"QF54+2MF, Jose M. Zarza, Asunción 001508, Paraguay",,Jose M. Zarza,Pyrá,Asunción,Asunción,,Paraguay,-25.2424048,-57.54332229999999,0971 799028,+595 971 799028,https://www.instagram.com/tattoo_bolita?igsh=MTdyMGJyZmVibjdpcQ==,https://maps.google.com/?cid=9669625611900365185,,establishment|point_of_interest,establishment,Other,5.0,7,,,,,0,,,,,,,,,,,,,,,,,,,,,,True,social_media_only,True,False,False,False,70,HIGH,2026-04-14T23:47:33.507421
,Itto Tattoo & Body Piercing,OPERATIONAL,"Av. Juan Domingo Perón 3285, Asunción 001304, Paraguay",3285,Avenida Juan Domingo Perón,Lambaré (parte),Asunción,Asunción,,Paraguay,-25.3390298,-57.6345231,0961 940826,+595 961 940826,,https://maps.google.com/?cid=7955696422504531471,,establishment|point_of_interest,establishment,Other,4.9,81,,,,,0,,,,,,,,,,,,,,,,,,,,,,False,no_website,False,False,False,False,85,HIGH,2026-04-14T23:47:33.917423
,studio 22 body piercing & tattoo,OPERATIONAL,"1 De Mayo 9038, Fernando de la Mora 110315, Paraguay",9038,1 De Mayo,San Lorenzo (parte),Fernando de la Mora,Central,,Paraguay,-25.3427626,-57.54788250000001,0983 816627,+595 983 816627,,https://maps.google.com/?cid=12905535234794758115,,establishment|jewelry_store|point_of_interest|store,establishment,Retail & Shopping,4.9,954,,,,,0,,,,,,,,,,,,,,,,,,,,,,False,no_website,False,False,False,False,85,HIGH,2026-04-14T23:47:34.324565
,Calavera tattoo studio Py,OPERATIONAL,"Carandayty, P92P+M65, &, Asunción 001226, Paraguay",,12 De Octubre,Tte. Fariña,Asunción,Asunción,,Paraguay,-25.29836,-57.61438939999999,0981 769658,+595 981 769658,https://www.instagram.com/calaveratattoostudio_py?igsh=MXJnbmZ6MGl2cTRjag==,https://maps.google.com/?cid=11906738065344427936,,establishment|point_of_interest,establishment,Other,5.0,9,,,,,0,,,,,,,,,,,,,,,,,,,,,,True,social_media_only,True,False,False,False,70,HIGH,2026-04-14T23:47:34.705215
,Noisy Tatts,OPERATIONAL,"Tte, Tte. Cnel. Isaías Jara Pastore 5929, Asunción 001507, Paraguay",5929,Tte. Coronel Isaías Jara Pastore,Pyrá,Asunción,Asunción,,Paraguay,-25.2425932,-57.5526211,,,https://www.instagram.com/noisytatts/,https://maps.google.com/?cid=8878273456986997,,establishment|point_of_interest|store,establishment,Retail & Shopping,5.0,6,,,,,0,,,,,,,,,,,,,,,,,,,,,,True,social_media_only,True,False,False,False,65,HIGH,2026-04-14T23:47:35.110042
,Bael Tattoo,OPERATIONAL,"Puerto Botanico, Dolores Vera, Asunción 001513, Paraguay",,Dolores Vera,San Jorge,Asunción,Asunción,,Paraguay,-25.243792,-57.5848463,0991 609928,+595 991 609928,https://www.facebook.com/Bael.Tatuajes98,https://maps.google.com/?cid=1914304696802530317,,establishment|night_club|point_of_interest,establishment,Entertainment & Nightlife,5.0,1,,,,,0,,,,,,,,,,,,,,,,,,,,,,True,social_media_only,True,False,False,False,60,HIGH,2026-04-14T23:47:35.494079
,Studio10py - Piercing & Body Art,OPERATIONAL,"José Luis Appleyard y, Asunción 001507, Paraguay",y,Nestor Romero Valdovinos,Pyrá,Asunción,Asunción,,Paraguay,-25.238842,-57.5449521,0984 246280,+595 984 246280,https://fiweex.com/links/Studio10py,https://maps.google.com/?cid=13376124149203414317,,establishment|point_of_interest,establishment,Other,5.0,1,,,,,0,,,,,,,,,,,,,,,,,,,,,,True,social_media_only,True,False,False,False,60,HIGH,2026-04-14T23:47:35.885919
,Martins Ink tattoo,OPERATIONAL,"QF56+H7M, Av. Sta. Teresa, Asunción 1602, Paraguay",,Avenida Santa Teresa,Canógrafa,Asunción,Asunción,,Paraguay,-25.2841547,-57.562693,0971 343984,+595 971 343984,https://www.instagram.com/martins.inktattoo?igsh=MTB3ZGswbDd4azF5bA==&utm_source=qr,https://maps.google.com/?cid=8080502142500824356,,establishment|point_of_interest,establishment,Other,5.0,1,,,,,0,,,,,,,,,,,,,,,,,,,,,,True,social_media_only,True,False,False,False,60,HIGH,2026-04-14T23:47:36.270789
,El Mañana Tatuajes,OPERATIONAL,"Independencia Nacional 317 Casi, Asunción 001101, Paraguay",317 Casi,Palma,Santa Ana,Asunción,Asunción,,Paraguay,-25.2829097,-57.63386849999999,0986 714370,+595 986 714370,https://www.instagram.com/elmananatatuajes?igsh=ODk0d2wwcXV1ZWNh,https://maps.google.com/?cid=14648839183909979943,,establishment|point_of_interest,establishment,Other,0.0,0,,,,,0,,,,,,,,,,,,,,,,,,,,,,True,social_media_only,True,False,False,False,45,MEDIUM,2026-04-14T23:47:36.672137
,Teju Jagua Tatuajes,OPERATIONAL,"O'Leary casi, Asunción 001012, Paraguay",casi,Palma,Santa Ana,Asunción,Paraguay,,Paraguay,-25.2797926,-57.63828349999999,0985 857700,+595 985 857700,,https://maps.google.com/?cid=556955517361001291,,establishment|point_of_interest|store,establishment,Retail & Shopping,4.7,192,,,,,0,,,,,,,,,,,,,,,,,,,,,,False,no_website,False,False,False,False,85,HIGH,2026-04-14T23:47:37.072017
,ELECTRIC CIRCUS FAMILY TATTOO,OPERATIONAL,"Gral. Diaz 464, entre 14 de mayo y, Asunción 1209, Paraguay",y,Alberdi,Santa Ana,Asunción,Paraguay,,Paraguay,-25.2829731,-57.6376787,0981 909485,+595 981 909485,https://www.facebook.com/ElectricCircusPy/,https://maps.google.com/?cid=12621349087790332986,,establishment|point_of_interest|store,establishment,Retail & Shopping,4.8,149,,,,,0,,,,,,,,,,,,,,,,,,,,,,True,social_media_only,True,False,False,False,80,HIGH,2026-04-14T23:47:37.455537
,Ares Studio,OPERATIONAL,"Herrera 692, Asunción 001101, Paraguay",692,Herrera,Santa Ana,Asunción,Asunción,,Paraguay,-25.287842,-57.6310344,0987 145000,+595 987 145000,,https://maps.google.com/?cid=7686147644638293297,,establishment|point_of_interest,establishment,Other,5.0,21,,,,,0,,,,,,,,,,,,,,,,,,,,,,False,no_website,False,False,False,False,80,HIGH,2026-04-14T23:47:37.866887
,Samir Bughdadi Tattoo Gallery,OPERATIONAL,"Malutin, Asunción 001411, Paraguay",,Malutin,Canógrafa,Asunción,Asunción,,Paraguay,-25.287667,-57.5780041,0986 108144,+595 986 108144,https://instagram.com/sb.tattoogallery?igshid=YmMyMTA2M2Y=,https://maps.google.com/?cid=1030123938991497129,,establishment|point_of_interest|store,establishment,Retail & Shopping,4.7,14,,,,,0,,,,,,,,,,,,,,,,,,,,,,True,social_media_only,True,False,False,False,70,HIGH,2026-04-14T23:47:38.257712
,Bandido tatuajes Py,OPERATIONAL,"Av. Dr. José Gaspar Rodriguez de Francia, Asunción 001221, Paraguay",,Pai Perez,Santa Ana,Asunción,Asunción,,Paraguay,-25.2978904,-57.62713110000001,0972 815410,+595 972 815410,https://www.instagram.com/bandi_tatuador?igsh=M2x5MWpsamNweTli&utm_source=qr,https://maps.google.com/?cid=10539433467558926894,,establishment|point_of_interest|store,establishment,Retail & Shopping,4.9,60,,,,,0,,,,,,,,,,,,,,,,,,,,,,True,social_media_only,True,False,False,False,80,HIGH,2026-04-14T23:47:38.656059
,The owl gallery tattoos,OPERATIONAL,"25 de Mayo, Asunción 001224, Paraguay",,Mayor Fleitas,Tte. Fariña,Asunción,Asunción,,Paraguay,-25.29275,-57.6176525,0981 535727,+595 981 535727,https://instagram.com/angel.owl?igshid=nt8kuxsy8l7f,https://maps.google.com/?cid=10826080592825353380,,establishment|point_of_interest|store,establishment,Retail & Shopping,5.0,75,,,,,0,,,,,,,,,,,,,,,,,,,,,,True,social_media_only,True,False,False,False,80,HIGH,2026-04-14T23:47:39.056323
,gary_tattoo88,OPERATIONAL,"Independencia Nacional casi, Asunción 001104, Paraguay",casi,Ita Piru,Santa Ana,Asunción,Asunción,,Paraguay,-25.298935,-57.6447395,0961 816106,+595 961 816106,https://instagram.com/gary_tattoo88?utm_medium=copy_link,https://maps.google.com/?cid=11190169210739294909,,establishment|point_of_interest|store,establishment,Retail & Shopping,5.0,49,,,,,0,,,,,,,,,,,,,,,,,,,,,,True,social_media_only,True,False,False,False,75,HIGH,2026-04-14T23:47:39.431470
,Metxmorfosis,OPERATIONAL,"Cruz Del Chaco, Asunción 001412, Paraguay",,Cruz Del Chaco,Canógrafa,Asunción,Asunción,,Paraguay,-25.2956503,-57.5794876,0971 304790,+595 971 304790,,https://maps.google.com/?cid=430578198612501680,,establishment|point_of_interest,establishment,Other,4.6,33,,,,,0,,,,,,,,,,,,,,,,,,,,,,False,no_website,False,False,False,False,80,HIGH,2026-04-14T23:47:40.100094
,Tattoo Flash Studio,OPERATIONAL,"Tte. 2do. Alejandro Monges, Asunción 001507, Paraguay",,Tte. 2do. Alejandro Monges,Mburicá,Asunción,Asunción,,Paraguay,-25.2445596,-57.552426,0986 517485,+595 986 517485,,https://maps.google.com/?cid=9294776445781171514,,establishment|point_of_interest,establishment,Other,5.0,9,,,,,0,,,,,,,,,,,,,,,,,,,,,,False,no_website,False,False,False,False,75,HIGH,2026-04-14T23:47:40.504420
,Asunción Underground,OPERATIONAL,"389,, Gral. Díaz, Asunción 001101, Paraguay",,General Díaz,Santa Ana,Asunción,Asunción,,Paraguay,-25.2835694,-57.6369615,0981 718748,+595 981 718748,https://instagram.com/asuncion.underground?igshid=19dkiaq7r1xzt,https://maps.google.com/?cid=4977537025114376524,,clothing_store|establishment|point_of_interest|store,clothing_store,Retail & Shopping,4.6,268,,,,,0,,,,,,,,,,,,,,,,,,,,,,True,social_media_only,True,False,False,False,80,HIGH,2026-04-14T23:47:43.413940
,MaraikuaaseTattoo,OPERATIONAL,"Fulgencio R. Moreno 387, Asunción 001101, Paraguay",387,Fulgencio R. Moreno,Santa Ana,Asunción,Asunción,,Paraguay,-25.2874817,-57.63417519999999,0994 982961,+595 994 982961,,https://maps.google.com/?cid=14657685411268492154,,establishment|point_of_interest,establishment,Other,4.9,57,,,,,0,,,,,,,,,,,,,,,,,,,,,,False,no_website,False,False,False,False,85,HIGH,2026-04-14T23:47:43.813802
