place_id,name,status,address,street_number,street_name,neighborhood,city,state,postal_code,country,lat,lng,phone,international_phone,website,google_maps_url,google_maps_direction_url,types,primary_type,vertical,rating,total_reviews,price_level,is_open_now,saturday_hours,sunday_hours,photo_count,editorial_summary,wheelchair_accessible,takeout,delivery,dine_in,curbside_pickup,reservable,good_for_children,good_for_groups,outdoor_seating,live_music,serves_beer,serves_wine,serves_vegan,serves_vegetarian,serves_breakfast,serves_lunch,serves_dinner,serves_brunch,parking_options,payment_options,has_website,website_status,website_is_social_only,website_is_free_builder,website_uses_https,website_redirects_to_social,lead_score,lead_priority,scraped_at
,Quimfa SA,OPERATIONAL,"PCVH+C4H, Av. Primer Presidente 1736, Asunción 001519, Paraguay",1736,Avenida Primer Presidente,Carmelitas,Asunción,Asunción,001519,Paraguay,-25.2555759,-57.5722836,(021) 289 4000,+595 21 289 4000,http://www.quimfa.com.py/,https://maps.google.com/?cid=8773334304966442674,"https://www.google.com/maps/dir/?api=1&destination=-25.2555759,-57.5722836",establishment|health|point_of_interest,establishment,Other,4.6,50,,False,Saturday: 8:00 – 11:00 AM,Sunday: Closed,10,,True,,,,,,,,,,,,,,,,,,,,True,active,False,False,True,False,45,MEDIUM,2026-04-14T18:06:01.404849
,Copetrol - Botanico,OPERATIONAL,"PCVH+H8J, Av. Primer Presidente, Asunción 001519, Paraguay",,Avenida Primer Presidente,Carmelitas,Asunción,Asunción,001519,Paraguay,-25.25603,-57.5717473,(021) 608 318,+595 21 608 318,,https://maps.google.com/?cid=9386446650165166493,"https://www.google.com/maps/dir/?api=1&destination=-25.25603,-57.5717473",establishment|gas_station|point_of_interest,establishment,Automotive,4.1,459,,True,Saturday: Open 24 hours,Sunday: Open 24 hours,10,,,,,,,,,,,,,,,,,,,,,,False,no_website,False,False,False,False,85,HIGH,2026-04-14T18:06:01.835163
,Tecnoservice S.A.,OPERATIONAL,"Avenida Primer Presidente Nº1729, Avda Sacramento casi, Asunción 001519, Paraguay",casi,Avda Sacramento,Carmelitas,Asunción,Paraguay,001519,Paraguay,-25.255467,-57.5725758,(021) 296 341,+595 21 296 341,,https://maps.google.com/?cid=9690608135389418570,"https://www.google.com/maps/dir/?api=1&destination=-25.255467,-57.5725758",establishment|general_contractor|point_of_interest|store,establishment,Retail & Shopping,4.3,144,,False,Saturday: 8:00 AM – 12:00 PM,Sunday: Closed,10,,,,,,,,,,,,,,,,,,,,,,False,no_website,False,False,False,False,85,HIGH,2026-04-14T18:06:02.248718
,Federal Agrochemical Co.,OPERATIONAL,"PCWG+83M, Av. Primer Presidente, Asunción 001519, Paraguay",,Avenida Primer Presidente,Carmelitas,Asunción,Asunción,001519,Paraguay,-25.2541637,-57.5748233,,,,https://maps.google.com/?cid=12518527864220184918,"https://www.google.com/maps/dir/?api=1&destination=-25.2541637,-57.5748233",establishment|point_of_interest,establishment,Other,2.0,2,,False,Saturday: Closed,Sunday: Closed,0,,,,,,,,,,,,,,,,,,,,,,False,no_website,False,False,False,False,45,MEDIUM,2026-04-14T18:06:02.667127
,Lopez Residence,CLOSED_TEMPORARILY,"PCWJ+P3J, Asunción 001510, Paraguay",,,Carmelitas,Asunción,Asunción,001510,Paraguay,-25.2531732,-57.5698721,,,,https://maps.google.com/?cid=11811089219997633720,"https://www.google.com/maps/dir/?api=1&destination=-25.2531732,-57.5698721",establishment|museum|point_of_interest,establishment,Arts & Culture,4.4,15,,,,,10,,,,,,,,,,,,,,,,,,,,,,False,no_website,False,False,False,False,65,HIGH,2026-04-14T18:06:03.074336
,Antigua entrada a casa de los López,OPERATIONAL,"PCWJ+G5H, Asunción 001510, Paraguay",,,Carmelitas,Asunción,Asunción,001510,Paraguay,-25.2536802,-57.56952880000001,,,,https://maps.google.com/?cid=13090299420899787215,"https://www.google.com/maps/dir/?api=1&destination=-25.2536802,-57.56952880000001",establishment|point_of_interest,establishment,Other,5.0,2,,,,,2,,,,,,,,,,,,,,,,,,,,,,False,no_website,False,False,False,False,60,HIGH,2026-04-14T18:06:03.477671
,Rosedal del Jardín Botánico,OPERATIONAL,"PCWH+VHV, Asunción 001510, Paraguay",,,Carmelitas,Asunción,Asunción,001510,Paraguay,-25.2527569,-57.5710863,,,,https://maps.google.com/?cid=17699152535611361886,"https://www.google.com/maps/dir/?api=1&destination=-25.2527569,-57.5710863",establishment|point_of_interest,establishment,Other,4.7,11,,,,,10,,,,,,,,,,,,,,,,,,,,,,False,no_website,False,False,False,False,70,HIGH,2026-04-14T18:06:03.883168
,Botanical Garden Pond,OPERATIONAL,"PCXJ+3FW, Asunción 001510, Paraguay",,,Carmelitas,Asunción,Asunción,001510,Paraguay,-25.2519263,-57.56892629999999,,,,https://maps.google.com/?cid=10566684647502992208,"https://www.google.com/maps/dir/?api=1&destination=-25.2519263,-57.56892629999999",establishment|park|point_of_interest,establishment,Other,4.6,9,,,,,10,,,,,,,,,,,,,,,,,,,,,,False,no_website,False,False,False,False,70,HIGH,2026-04-14T18:06:04.301248
,Dpto Botánica,OPERATIONAL,"Unnamed Road, PCWM+G3G, Asunción 001510, Paraguay",,,Carmelitas,Asunción,Asunción,001510,Paraguay,-25.2536899,-57.5673069,,,,https://maps.google.com/?cid=13539939965518349621,"https://www.google.com/maps/dir/?api=1&destination=-25.2536899,-57.5673069",establishment|point_of_interest,establishment,Other,4.0,2,,False,Saturday: 6:00 AM – 12:00 PM,Sunday: Closed,4,,,,,,,,,,,,,,,,,,,,,,False,no_website,False,False,False,False,60,HIGH,2026-04-14T18:06:05.076461
,Acceso Norte - 026,OPERATIONAL,"001510 Asunción, Paraguay",,,Carmelitas,Asunción,Asunción,001510,Paraguay,-25.256016,-57.5694059,,,,https://maps.google.com/?cid=15818132944222120683,"https://www.google.com/maps/dir/?api=1&destination=-25.256016,-57.5694059",establishment|point_of_interest|transit_station,establishment,Transportation,0.0,0,,,,,0,,,,,,,,,,,,,,,,,,,,,,False,no_website,False,False,False,False,45,MEDIUM,2026-04-14T18:06:05.459061
,Ruta Transchaco 2030,OPERATIONAL,"001510 Asunción, Paraguay",,,Carmelitas,Asunción,Asunción,001510,Paraguay,-25.2560001,-57.5691623,,,,https://maps.google.com/?cid=15916940361840278813,"https://www.google.com/maps/dir/?api=1&destination=-25.2560001,-57.5691623",establishment|point_of_interest|transit_station,establishment,Transportation,0.0,0,,,,,0,,,,,,,,,,,,,,,,,,,,,,False,no_website,False,False,False,False,45,MEDIUM,2026-04-14T18:06:05.853768
,Pato Empeños,OPERATIONAL,"Sacramento 3190, Asunción 1713, Paraguay",3190,Avenida Primer Presidente,Carmelitas,Asunción,Asunción,1713,Paraguay,-25.2555484,-57.5719702,0985 309849,+595 985 309849,,https://maps.google.com/?cid=18353531844368863537,"https://www.google.com/maps/dir/?api=1&destination=-25.2555484,-57.5719702",establishment|finance|point_of_interest|store,establishment,Retail & Shopping,0.0,0,,False,Saturday: 7:00 AM – 12:00 PM,Sunday: Closed,0,,,,,,,,,,,,,,,,,,,,,,False,no_website,False,False,False,False,50,MEDIUM,2026-04-14T18:06:06.223101
,Inicio de la Ruta PY03,OPERATIONAL,"Av. Primer Presidente 1899, Asunción 001510, Paraguay",1899,Avenida Primer Presidente,Carmelitas,Asunción,Asunción,001510,Paraguay,-25.2560438,-57.57076670000001,,,,https://maps.google.com/?cid=7061242676700837665,"https://www.google.com/maps/dir/?api=1&destination=-25.2560438,-57.57076670000001",establishment|point_of_interest,establishment,Other,0.0,0,,,,,0,,,,,,,,,,,,,,,,,,,,,,False,no_website,False,False,False,False,45,MEDIUM,2026-04-14T18:06:06.832210
,Ind. Metalúrgica San Ramón SRL,OPERATIONAL,"RutaTranschaco 1583, Asunción 001519, Paraguay",1583,RutaTranschaco,Carmelitas,Asunción,Asunción,001519,Paraguay,-25.2556032,-57.57201509999999,(021) 284 701,+595 21 284 701,,https://maps.google.com/?cid=12711495768647937529,"https://www.google.com/maps/dir/?api=1&destination=-25.2556032,-57.57201509999999",establishment|point_of_interest,establishment,Other,0.0,0,,,,,0,,,,,,,,,,,,,,,,,,,,,,False,no_website,False,False,False,False,50,MEDIUM,2026-04-14T18:06:07.231592
,Viaductos Botánico Asunción,OPERATIONAL,"PCVH+GQV, RutaTranschaco, Asunción 001510, Paraguay",,RutaTranschaco,Carmelitas,Asunción,Asunción,001510,Paraguay,-25.2561318,-57.5705652,,,,https://maps.google.com/?cid=6840162968676057293,"https://www.google.com/maps/dir/?api=1&destination=-25.2561318,-57.5705652",establishment|point_of_interest,establishment,Other,4.8,6,,,,,10,,,,,,,,,,,,,,,,,,,,,,False,no_website,False,False,False,False,70,HIGH,2026-04-14T18:06:07.864053
,Farmacias Traeya S.A Sucursal Primer Presidente,OPERATIONAL,"Av. Primer Presidente, Asunción 001510, Paraguay",,Yrendague,Carmelitas,Asunción,Asunción,001510,Paraguay,-25.2561012,-57.5709421,0975 572007,+595 975 572007,,https://maps.google.com/?cid=2143483795113843432,"https://www.google.com/maps/dir/?api=1&destination=-25.2561012,-57.5709421",establishment|point_of_interest,establishment,Other,5.0,1,,True,Saturday: 7:00 AM – 9:00 PM,Sunday: 10:00 AM – 6:00 PM,2,,,,,,,,,,,,,,,,,,,,,,False,no_website,False,False,False,False,65,HIGH,2026-04-14T18:06:08.417057
,COPEMARKET,OPERATIONAL,"PCVH+J8W, Asunción 001519, Paraguay",,,Carmelitas,Asunción,Asunción,001519,Paraguay,-25.2558904,-57.571667,(021) 608 318,+595 21 608 318,,https://maps.google.com/?cid=11029163810803671308,"https://www.google.com/maps/dir/?api=1&destination=-25.2558904,-57.571667",establishment|food|grocery_or_supermarket|point_of_interest|store,establishment,Retail & Shopping,4.0,12,,True,Saturday: Open 24 hours,Sunday: Open 24 hours,6,,True,,,,,,,,,,,,,,,,,,,,False,no_website,False,False,False,False,75,HIGH,2026-04-14T18:06:08.817504
,Comedor YAGUAR,OPERATIONAL,"PCVG+XV6, Av. Primer Presidente, Asunción 001519, Paraguay",,Avenida Primer Presidente,Carmelitas,Asunción,Asunción,001519,Paraguay,-25.2550917,-57.57287349999999,,,,https://maps.google.com/?cid=13353860240538749824,"https://www.google.com/maps/dir/?api=1&destination=-25.2550917,-57.57287349999999",bakery|establishment|food|point_of_interest|store,bakery,Food & Beverage,0.0,0,,,,,1,,,,,,,,,,,,,,,,,,,,,,False,no_website,False,False,False,False,45,MEDIUM,2026-04-14T18:06:12.108704
,Daniel Automotores,OPERATIONAL,"PCVH+GFX, Av. Primer Presidente, Asunción 001519, Paraguay",,Avenida Primer Presidente,Carmelitas,Asunción,Asunción,001519,Paraguay,-25.2561489,-57.57125219999999,0991 453246,+595 991 453246,https://www.facebook.com/Daniel-Automotores-169001610119312/,https://maps.google.com/?cid=16499146639972655472,"https://www.google.com/maps/dir/?api=1&destination=-25.2561489,-57.57125219999999",establishment|local_government_office|point_of_interest,establishment,Government & Public,5.0,1,,,,,3,,,,,,,,,,,,,,,,,,,,,,True,social_media_only,True,False,False,False,60,HIGH,2026-04-14T18:06:12.498683
,Impresiones Maguet Consultora,OPERATIONAL,"Av. Primer Presidente, Asunción 001519, Paraguay",,Avenida Primer Presidente,Carmelitas,Asunción,Asunción,001519,Paraguay,-25.2562604,-57.57094499999999,0982 536561,+595 982 536561,,https://maps.google.com/?cid=15410585908814673155,"https://www.google.com/maps/dir/?api=1&destination=-25.2562604,-57.57094499999999",book_store|establishment|point_of_interest|store,book_store,Retail & Shopping,5.0,3,,True,Saturday: 11:00 AM – 4:30 PM,Sunday: Closed,9,,,,True,,,,,,,,,,,,,,,,,,False,no_website,False,False,False,False,65,HIGH,2026-04-14T18:06:13.307093
,ESSAP redes,OPERATIONAL,"PCVJ+F8J, Asunción 001510, Paraguay",,,Carmelitas,Asunción,Asunción,001510,Paraguay,-25.2562901,-57.56922580000001,0800 110888,+595 800 110888,,https://maps.google.com/?cid=12272398915809897458,"https://www.google.com/maps/dir/?api=1&destination=-25.2562901,-57.56922580000001",establishment|point_of_interest,establishment,Other,4.1,11,,,,,5,,True,,,,,,,,,,,,,,,,,,,,False,no_website,False,False,False,False,75,HIGH,2026-04-14T18:06:14.108426
,Avenida Primera Presidente,OPERATIONAL,"001519 Asunción, Paraguay",,,Carmelitas,Asunción,Asunción,001519,Paraguay,-25.2550705,-57.57303220000001,,,,https://maps.google.com/?cid=18026875650391841354,"https://www.google.com/maps/dir/?api=1&destination=-25.2550705,-57.57303220000001",establishment|point_of_interest|transit_station,establishment,Transportation,0.0,0,,,,,0,,,,,,,,,,,,,,,,,,,,,,False,no_website,False,False,False,False,45,MEDIUM,2026-04-14T18:06:14.500127
,Parada,OPERATIONAL,"PCVH+CPJ, Av. Primer Presidente, Asunción 001519, Paraguay",,Avenida Primer Presidente,Carmelitas,Asunción,Asunción,001519,Paraguay,-25.2563904,-57.5707682,,,,https://maps.google.com/?cid=6240117283212957341,"https://www.google.com/maps/dir/?api=1&destination=-25.2563904,-57.5707682",establishment|finance|point_of_interest|post_office,establishment,Government & Public,0.0,0,,,,,0,,,,,,,,,,,,,,,,,,,,,,False,no_website,False,False,False,False,45,MEDIUM,2026-04-14T18:06:15.261354
,Panaditas Py,OPERATIONAL,"Av. Primer Presidente N°1668, Asunción 1668, Paraguay",N°1668,Avenida Primer Presidente,Carmelitas,Asunción,Asunción,1668,Paraguay,-25.2552192,-57.572945,0971 550233,+595 971 550233,https://www.instagram.com/panaditaspy/,https://maps.google.com/?cid=10868034139929195944,"https://www.google.com/maps/dir/?api=1&destination=-25.2552192,-57.572945",establishment|food|point_of_interest|restaurant,establishment,Food & Beverage,4.3,9,,True,Saturday: 7:00 AM – 3:00 PM,Sunday: Closed,10,,,True,True,True,True,,,,,,,,,,,,,,,,True,social_media_only,True,False,False,False,70,HIGH,2026-04-14T18:06:15.679519
,Selección Genética S.R.L,OPERATIONAL,"Av. Primer Presidente 1682 esquina, Asunción 0000, Paraguay",1682 esquina,Avenida Primer Presidente,Carmelitas,Asunción,Asunción,0000,Paraguay,-25.2551852,-57.572981,0971 169727,+595 971 169727,https://instagram.com/selecciongenetica.py?igshid=OGQ5ZDc2ODk2ZA==,https://maps.google.com/?cid=3099164866786025357,"https://www.google.com/maps/dir/?api=1&destination=-25.2551852,-57.572981",establishment|point_of_interest,establishment,Other,3.8,5,,False,Saturday: Closed,Sunday: Closed,4,,,,,,,,,,,,,,,,,,,,,,True,social_media_only,True,False,False,False,65,HIGH,2026-04-14T18:06:16.075337
,Asociación Panamericana de Infectología,OPERATIONAL,"Av. Primer Presidente 1736, Asunción 001519, Paraguay",1736,Avenida Primer Presidente,Carmelitas,Asunción,Asunción,001519,Paraguay,-25.2558504,-57.57218990000001,0971 943024,+595 971 943024,,https://maps.google.com/?cid=11649413101027201051,"https://www.google.com/maps/dir/?api=1&destination=-25.2558504,-57.57218990000001",establishment|point_of_interest,establishment,Other,0.0,0,,,,,0,,,,,,,,,,,,,,,,,,,,,,False,no_website,False,False,False,False,50,MEDIUM,2026-04-14T18:06:16.449026
,Flats Mburucuya - Chic Modern and View Parkview,OPERATIONAL,"001519 Asunción, Paraguay",,,Carmelitas,Asunción,Asunción,001519,Paraguay,-25.2564392,-57.5705109,,,,https://maps.google.com/?cid=2009768819410515595,"https://www.google.com/maps/dir/?api=1&destination=-25.2564392,-57.5705109",establishment|lodging|point_of_interest,establishment,Lodging & Tourism,0.0,0,,,,,0,,,,,,,,,,,,,,,,,,,,,,False,no_website,False,False,False,False,45,MEDIUM,2026-04-14T18:06:16.821888
,Escarapelas Paraguay y Hechos Impresiones,OPERATIONAL,"Av. Primer Presidente, Asunción 001519, Paraguay",,Avenida Primer Presidente,Carmelitas,Asunción,Asunción,001519,Paraguay,-25.2564158,-57.57074180000001,0992 322998,+595 992 322998,,https://maps.google.com/?cid=2667922761212271512,"https://www.google.com/maps/dir/?api=1&destination=-25.2564158,-57.57074180000001",establishment|point_of_interest|store,establishment,Retail & Shopping,0.0,0,,False,Saturday: Closed,Sunday: Closed,0,,,,,,,,,,,,,,,,,,,,,,False,no_website,False,False,False,False,50,MEDIUM,2026-04-14T18:06:17.196187
,Petronas Oil Center,OPERATIONAL,"Av. Primer Presidente 1788, Asunción 001519, Paraguay",1788,Avenida Primer Presidente,Carmelitas,Asunción,Asunción,001519,Paraguay,-25.2559859,-57.5720615,,,,https://maps.google.com/?cid=6021352070660148966,"https://www.google.com/maps/dir/?api=1&destination=-25.2559859,-57.5720615",establishment|point_of_interest,establishment,Other,5.0,1,,,,,0,,,,,,,,,,,,,,,,,,,,,,False,no_website,False,False,False,False,60,HIGH,2026-04-14T18:06:17.807956
,DA NA REU NESTARFAMILYDNADNI,CLOSED_TEMPORARILY,"PCVH+9VP, Av. Primer Presidente, Asunción 001519, Paraguay",,Avenida Primer Presidente,Carmelitas,Asunción,Asunción,001519,Paraguay,-25.2565366,-57.5702836,,,,https://maps.google.com/?cid=1063170916290033836,"https://www.google.com/maps/dir/?api=1&destination=-25.2565366,-57.5702836",establishment|point_of_interest,establishment,Other,0.0,0,,,,,0,,,,,,,,,,,,,,,,,,,,,,False,no_website,False,False,False,False,40,MEDIUM,2026-04-14T18:06:18.187103
,Taller APT AUTOS PARA TODOS,OPERATIONAL,"Av. Primer Presidente casi, Asunción 001519, Paraguay",casi,Del Espíritu Santo,Carmelitas,Asunción,Asunción,001519,Paraguay,-25.2547934,-57.5734487,0983 973330,+595 983 973330,https://www.instagram.com/autosparatodospy?igsh=MWR4ZmFwY25kaDluZg==&utm_source=qr,https://maps.google.com/?cid=11232448100648423521,"https://www.google.com/maps/dir/?api=1&destination=-25.2547934,-57.5734487",car_repair|establishment|point_of_interest,car_repair,Automotive,5.0,3,,True,Saturday: 8:00 AM – 12:30 PM,Sunday: Closed,4,,,,,,,,,,,,,,,,,,,,,,True,social_media_only,True,False,False,False,60,HIGH,2026-04-14T18:06:18.971148
,Abogados y Consultores Asociados,OPERATIONAL,"PCWG+3JM, Av. Primer Presidente, Asunción 001519, Paraguay",,Del Espíritu Santo,Carmelitas,Asunción,Asunción,001519,Paraguay,-25.2547934,-57.5734487,,,,https://maps.google.com/?cid=9232882685463953787,"https://www.google.com/maps/dir/?api=1&destination=-25.2547934,-57.5734487",establishment|point_of_interest,establishment,Other,5.0,1,,False,Saturday: Closed,Sunday: Closed,2,,,,,,,,,,,,,,,,,,,,,,False,no_website,False,False,False,False,60,HIGH,2026-04-14T18:06:19.394465
,Oficina Alvica,OPERATIONAL,"PCVG+XP8, Av. Primer Presidente, Asunción 001519, Paraguay",,Avenida Primer Presidente,Carmelitas,Asunción,Asunción,001519,Paraguay,-25.2551132,-57.57330469999999,,,,https://maps.google.com/?cid=200996537679728632,"https://www.google.com/maps/dir/?api=1&destination=-25.2551132,-57.57330469999999",establishment|point_of_interest,establishment,Other,5.0,1,,,,,0,,,,,,,,,,,,,,,,,,,,,,False,no_website,False,False,False,False,60,HIGH,2026-04-14T18:06:19.805782
,ECO DRY SA,OPERATIONAL,"Av. Primer Presidente 1612 esq, Asunción 001519, Paraguay",1612 esq,Avenida Primer Presidente,Carmelitas,Asunción,Asunción,001519,Paraguay,-25.2549764,-57.573457,0993 366366,+595 993 366366,http://www.ecodry.com.py/,https://maps.google.com/?cid=2308719656172413717,"https://www.google.com/maps/dir/?api=1&destination=-25.2549764,-57.573457",establishment|point_of_interest|store,establishment,Retail & Shopping,4.4,18,,False,Saturday: 7:30 – 11:30 AM,Sunday: Closed,10,,,,True,,,,,,,,,,,,,,,,,,True,unreachable,False,False,False,False,60,HIGH,2026-04-14T18:06:22.954089
,Avenida Primera Presidente Av Primer Presidente 1524,OPERATIONAL,"001510 Asunción, Paraguay",,,Carmelitas,Asunción,Asunción,001510,Paraguay,-25.254205,-57.57388169999999,,,,https://maps.google.com/?cid=9058910970009572610,"https://www.google.com/maps/dir/?api=1&destination=-25.254205,-57.57388169999999",establishment|point_of_interest|transit_station,establishment,Transportation,5.0,1,,,,,0,,,,,,,,,,,,,,,,,,,,,,False,no_website,False,False,False,False,60,HIGH,2026-04-14T18:06:23.348358
,Diego Sanchez Soluciones,OPERATIONAL,"PCVH+8W5, Av. Primer Presidente, Asunción 001519, Paraguay",,Avenida Primer Presidente,Carmelitas,Asunción,Asunción,001519,Paraguay,-25.2567312,-57.57013689999999,0981 980713,+595 981 980713,,https://maps.google.com/?cid=14361524746487760556,"https://www.google.com/maps/dir/?api=1&destination=-25.2567312,-57.57013689999999",establishment|point_of_interest,establishment,Other,0.0,0,,False,Saturday: 8:00 AM – 12:00 PM,Sunday: Closed,0,,,,,,,,,,,,,,,,,,,,,,False,no_website,False,False,False,False,50,MEDIUM,2026-04-14T18:06:23.953595
,Centro de Atomicidad Especies/as 489,OPERATIONAL,"QC2J+2WJ, Asunción 001510, Paraguay",,,Villa Morra,Asunción,Asunción,001510,Paraguay,-25.249902,-57.5677477,,,,https://maps.google.com/?cid=5075137423483663700,"https://www.google.com/maps/dir/?api=1&destination=-25.249902,-57.5677477",establishment|place_of_worship|point_of_interest,establishment,Other,0.0,0,,,,,0,,,,,,,,,,,,,,,,,,,,,,False,no_website,False,False,False,False,45,MEDIUM,2026-04-14T18:06:24.346974
,Casa Fatima Centurion,OPERATIONAL,"PCVH+42G, Yrendague, Asunción 001519, Paraguay",,Yrendague,Carmelitas,Asunción,Asunción,001519,Paraguay,-25.2565599,-57.5714241,,,,https://maps.google.com/?cid=5317357529008589112,"https://www.google.com/maps/dir/?api=1&destination=-25.2565599,-57.5714241",establishment|point_of_interest,establishment,Other,0.0,0,,,,,0,,,,,,,,,,,,,,,,,,,,,,False,no_website,False,False,False,False,45,MEDIUM,2026-04-14T18:06:24.728708
,Flia Torras G,OPERATIONAL,"Av. Primer Presidente 1578, Asunción 001519, Paraguay",1578,Avenida Primer Presidente,Carmelitas,Asunción,Asunción,001519,Paraguay,-25.2548531,-57.57365910000001,,,,https://maps.google.com/?cid=13361816655661942263,"https://www.google.com/maps/dir/?api=1&destination=-25.2548531,-57.57365910000001",establishment|point_of_interest,establishment,Other,0.0,0,,,,,0,,,,,,,,,,,,,,,,,,,,,,False,no_website,False,False,False,False,45,MEDIUM,2026-04-14T18:06:25.111589
,HB Gestiones Inmobiliarias,OPERATIONAL,"Av. Primer Presidente 2006, Asunción 001519, Paraguay",2006,Avenida Primer Presidente,Carmelitas,Asunción,Asunción,001519,Paraguay,-25.2567858,-57.57012870000001,0985 766853,+595 985 766853,,https://maps.google.com/?cid=7885201050321523995,"https://www.google.com/maps/dir/?api=1&destination=-25.2567858,-57.57012870000001",establishment|point_of_interest|real_estate_agency,establishment,Professional Services,1.0,1,,True,Saturday: Open 24 hours,Sunday: Open 24 hours,3,,,,,,,,,,,,,,,,,,,,,,False,no_website,False,False,False,False,50,MEDIUM,2026-04-14T18:06:25.508795
,Taller mecánico Luis,OPERATIONAL,"Av. Primer Presidente 1556, Asunción 001519, Paraguay",1556,Avenida Primer Presidente,Carmelitas,Asunción,Asunción,001519,Paraguay,-25.2547395,-57.5737614,,,,https://maps.google.com/?cid=4545967050366193531,"https://www.google.com/maps/dir/?api=1&destination=-25.2547395,-57.5737614",car_repair|establishment|point_of_interest,car_repair,Automotive,0.0,0,,,,,0,,,,,,,,,,,,,,,,,,,,,,False,no_website,False,False,False,False,45,MEDIUM,2026-04-14T18:06:25.887691
,Estacion Botánico,OPERATIONAL,"Asunción 001522, Paraguay",,,Carmelitas,Asunción,Asunción,001522,Paraguay,-25.2565664,-57.5685191,,,,https://maps.google.com/?cid=15859818117395600009,"https://www.google.com/maps/dir/?api=1&destination=-25.2565664,-57.5685191",establishment|point_of_interest|train_station|transit_station,establishment,Transportation,3.5,40,,,,,10,,True,,,,,,,,,,,,,,,,,,,,False,no_website,False,False,False,False,70,HIGH,2026-04-14T18:06:26.309037
,PRORRAL SRL,OPERATIONAL,"PCVH+7RH, Av. Primer Presidente, Asunción 001519, Paraguay",,Avenida Primer Presidente,Carmelitas,Asunción,Asunción,001519,Paraguay,-25.2568035,-57.5703907,,,,https://maps.google.com/?cid=11905772161754110680,"https://www.google.com/maps/dir/?api=1&destination=-25.2568035,-57.5703907",establishment|point_of_interest,establishment,Other,0.0,0,,,,,0,,,,,,,,,,,,,,,,,,,,,,False,no_website,False,False,False,False,45,MEDIUM,2026-04-14T18:06:26.716008
,Copetrol Rally Team,OPERATIONAL,"PCVH+F55, Av. Primer Presidente, Asunción 001519, Paraguay",,Avenida Primer Presidente,Carmelitas,Asunción,Asunción,001519,Paraguay,-25.2563749,-57.57200340000001,,,,https://maps.google.com/?cid=5705406255162094360,"https://www.google.com/maps/dir/?api=1&destination=-25.2563749,-57.57200340000001",car_repair|establishment|point_of_interest,car_repair,Automotive,4.7,7,,,,,2,,,,,,,,,,,,,,,,,,,,,,False,no_website,False,False,False,False,70,HIGH,2026-04-14T18:06:27.338171
,"SANTA FE Servicio de corte y Plegado de Chapas, Venta de Hierros",OPERATIONAL,"PCVH+7WH, Asunción 001519, Paraguay",,,Carmelitas,Asunción,Asunción,001519,Paraguay,-25.2568225,-57.5701347,,,,https://maps.google.com/?cid=6689859550849919591,"https://www.google.com/maps/dir/?api=1&destination=-25.2568225,-57.5701347",establishment|point_of_interest,establishment,Other,0.0,0,,,,,0,,,,,,,,,,,,,,,,,,,,,,False,no_website,False,False,False,False,45,MEDIUM,2026-04-14T18:06:27.937362
,Puerto Sabor,OPERATIONAL,"PCVH+C6H, Asunción 001519, Paraguay",,,Carmelitas,Asunción,Asunción,001519,Paraguay,-25.2564392,-57.5718841,0981 770288,+595 981 770288,https://www.facebook.com/puertosaborpy,https://maps.google.com/?cid=17055182206540605587,"https://www.google.com/maps/dir/?api=1&destination=-25.2564392,-57.5718841",establishment|food|grocery_or_supermarket|point_of_interest|store,establishment,Retail & Shopping,0.0,0,,,,,0,,,,True,,,,,,,,,,,,,,,,,,True,social_media_only,True,False,False,False,45,MEDIUM,2026-04-14T18:06:28.325253
,Estación Botánico,OPERATIONAL,"PCVJ+6P4, Asunción 001522, Paraguay",,,Carmelitas,Asunción,Asunción,001522,Paraguay,-25.2565869,-57.5685277,,,,https://maps.google.com/?cid=4349254363341827770,"https://www.google.com/maps/dir/?api=1&destination=-25.2565869,-57.5685277",establishment|point_of_interest,establishment,Other,5.0,1,,,,,0,,,,,,,,,,,,,,,,,,,,,,False,no_website,False,False,False,False,60,HIGH,2026-04-14T18:06:28.720166
,Primer presidente 2014,OPERATIONAL,"Av. Primer Presidente 2014, Asunción 001519, Paraguay",2014,Avenida Primer Presidente,Carmelitas,Asunción,Asunción,001519,Paraguay,-25.2568689,-57.56996280000001,,,,https://maps.google.com/?cid=1067525918414558819,"https://www.google.com/maps/dir/?api=1&destination=-25.2568689,-57.56996280000001",establishment|point_of_interest,establishment,Other,5.0,1,,,,,2,,,,,,,,,,,,,,,,,,,,,,False,no_website,False,False,False,False,60,HIGH,2026-04-14T18:06:29.103990
,J.I Automecanica,OPERATIONAL,"Av. Primer Presidente 1556, Asunción 001519, Paraguay",1556,Avenida Primer Presidente,Carmelitas,Asunción,Asunción,001519,Paraguay,-25.2547605,-57.5739056,0991 701260,+595 991 701260,,https://maps.google.com/?cid=4575891626895750701,"https://www.google.com/maps/dir/?api=1&destination=-25.2547605,-57.5739056",car_repair|establishment|point_of_interest,car_repair,Automotive,4.7,26,,,,,3,,,,,,,,,,,,,,,,,,,,,,False,no_website,False,False,False,False,80,HIGH,2026-04-14T18:06:29.527592
,Gt Scientific S.A,OPERATIONAL,"PCVH+C4H entre yrendague, Av. Primer Presidente, Asunción 001519, Paraguay",,Avenida Primer Presidente,Carmelitas,Asunción,Asunción,001519,Paraguay,-25.2564489,-57.5721256,(021) 289 4600,+595 21 289 4600,http://www.gtscientific.com.py/,https://maps.google.com/?cid=1626185180804614404,"https://www.google.com/maps/dir/?api=1&destination=-25.2564489,-57.5721256",establishment|point_of_interest,establishment,Other,4.7,15,,False,Saturday: Closed,Sunday: Closed,1,,True,,,,,,,,,,,,,,,,,,,,True,active,False,False,True,False,35,MEDIUM,2026-04-14T18:06:29.919507
,CCEAM - Centro de Conservación y Educación Ambiental ASU,OPERATIONAL,"Unnamed Road, QC2J+6Q3, Asunción 001510, Paraguay",,,Villa Morra,Asunción,Asunción,001510,Paraguay,-25.2494949,-57.5680875,,,,https://maps.google.com/?cid=6818901999973852079,"https://www.google.com/maps/dir/?api=1&destination=-25.2494949,-57.5680875",establishment|local_government_office|point_of_interest,establishment,Government & Public,0.0,0,,False,Saturday: Closed,Sunday: Closed,1,,,,,,,,,,,,,,,,,,,,,,False,no_website,False,False,False,False,45,MEDIUM,2026-04-14T18:06:30.327776
,Flia. Elizeche,OPERATIONAL,"0978 Asuncion, Asunción 0978, Paraguay",,,Carmelitas,Asunción,Asunción,0978,Paraguay,-25.2551623,-57.5736958,,,,https://maps.google.com/?cid=2374280168155834873,"https://www.google.com/maps/dir/?api=1&destination=-25.2551623,-57.5736958",establishment|lodging|point_of_interest,establishment,Lodging & Tourism,5.0,1,,True,Saturday: Closed,Sunday: Closed,0,,,,,,,,,,,,,,,,,,,,,,False,no_website,False,False,False,False,60,HIGH,2026-04-14T18:06:30.727586
,Red de Medios Online,OPERATIONAL,"C. La Arboleda, Asunción 001519, Paraguay",,Calle La Arboleda,Carmelitas,Asunción,Asunción,001519,Paraguay,-25.2556055,-57.573336,0984 717953,+595 984 717953,,https://maps.google.com/?cid=5100911812048751210,"https://www.google.com/maps/dir/?api=1&destination=-25.2556055,-57.573336",establishment|point_of_interest,establishment,Other,4.7,3,,False,Saturday: Closed,Sunday: Closed,2,,,,,,,,,,,,,,,,,,,,,,False,no_website,False,False,False,False,65,HIGH,2026-04-14T18:06:31.116228
,Tecnoprint S.A.,OPERATIONAL,"Acahay, Nuestra Señora Santa María de la Asunción 001509, Paraguay",,Acahay,Carmelitas,Nuestra Señora Santa María de la Asunción,Asunción,001509,Paraguay,-25.2556176,-57.5632734,(021) 296 235,+595 21 296 235,http://www.tecnoprint.com.py/,https://maps.google.com/?cid=11298918196715857481,"https://www.google.com/maps/dir/?api=1&destination=-25.2556176,-57.5632734",establishment|point_of_interest,establishment,Other,4.7,33,,False,Saturday: Closed,Sunday: Closed,1,,,,,,,,,,,,,,,,,,,,,,True,active,False,False,True,False,40,MEDIUM,2026-04-14T18:06:33.859080
,ALTER VIDA,OPERATIONAL,"Itapua 1372 Entre Primer Presidente y Rio Monday, Itapua 1372, Asunción 001522, Paraguay",1372,Itapua,Carmelitas,Asunción,Asunción,001522,Paraguay,-25.2571307,-57.5665912,(021) 298 842,+595 21 298 842,http://www.altervida.org.py/,https://maps.google.com/?cid=11205287551408967983,"https://www.google.com/maps/dir/?api=1&destination=-25.2571307,-57.5665912",establishment|point_of_interest,establishment,Other,4.5,95,,False,Saturday: Closed,Sunday: Closed,4,,,,,,,,,,,,,,,,,,,,,,True,unreachable,False,False,False,False,70,HIGH,2026-04-14T18:06:34.256966
,Acceso Norte - 025 Itapua 247,OPERATIONAL,"001510 Asunción, Paraguay",,,Carmelitas,Asunción,Asunción,001510,Paraguay,-25.2554444,-57.56475,,,,https://maps.google.com/?cid=352129121236795913,"https://www.google.com/maps/dir/?api=1&destination=-25.2554444,-57.56475",establishment|point_of_interest|transit_station,establishment,Transportation,0.0,0,,,,,0,,,,,,,,,,,,,,,,,,,,,,False,no_website,False,False,False,False,45,MEDIUM,2026-04-14T18:06:34.637642
,happy cakes,OPERATIONAL,"PCVP+WG6, Transchaco, Asunción 001509, Paraguay",,Transchaco,Carmelitas,Asunción,Asunción,001509,Paraguay,-25.2552075,-57.5637272,0994 738887,+595 994 738887,,https://maps.google.com/?cid=12610405358748060165,"https://www.google.com/maps/dir/?api=1&destination=-25.2552075,-57.5637272",bakery|establishment|food|point_of_interest|store,bakery,Food & Beverage,0.0,0,,False,Saturday: 8:00 AM – 6:00 PM,Sunday: Closed,0,,,True,True,,,,,,,,,,,,,,,,,,False,no_website,False,False,False,False,50,MEDIUM,2026-04-14T18:06:35.014096
,Ladrillo Tobati,OPERATIONAL,"PCVP+VFW, Transchaco, Asunción 001509, Paraguay",,Transchaco,Carmelitas,Asunción,Asunción,001509,Paraguay,-25.2552631,-57.56379099999999,,,,https://maps.google.com/?cid=4512687838654936690,"https://www.google.com/maps/dir/?api=1&destination=-25.2552631,-57.56379099999999",establishment|point_of_interest,establishment,Other,5.0,1,,,,,0,,,,,,,,,,,,,,,,,,,,,,False,no_website,False,False,False,False,60,HIGH,2026-04-14T18:06:35.400491
,Rapidito,OPERATIONAL,"PCVP+VFW, Av. Transchaco, Asunción 001509, Paraguay",,Avenida Transchaco,Carmelitas,Asunción,Asunción,001509,Paraguay,-25.2552631,-57.56379099999999,,,,https://maps.google.com/?cid=2681378730201783984,"https://www.google.com/maps/dir/?api=1&destination=-25.2552631,-57.56379099999999",establishment|point_of_interest,establishment,Other,0.0,0,,,,,0,,,,,,,,,,,,,,,,,,,,,,False,no_website,False,False,False,False,45,MEDIUM,2026-04-14T18:06:36.161174
,RV VENTAS,OPERATIONAL,"Itapua 247, Asunción 001509, Paraguay",247,Itapua,Carmelitas,Asunción,Asunción,001509,Paraguay,-25.2551563,-57.5633826,,,,https://maps.google.com/?cid=11786736542041748765,"https://www.google.com/maps/dir/?api=1&destination=-25.2551563,-57.5633826",car_dealer|establishment|point_of_interest|store,car_dealer,Retail & Shopping,5.0,2,,False,Saturday: 8:00 AM – 12:00 PM,Sunday: Closed,10,,,,,,,,,,,,,,,,,,,,,,False,no_website,False,False,False,False,60,HIGH,2026-04-14T18:06:36.554776
,Ruta Transchaco 753,OPERATIONAL,"001510 Asunción, Paraguay",,,Villa Morra,Asunción,Asunción,001510,Paraguay,-25.2545173,-57.5626711,,,,https://maps.google.com/?cid=4678800730354840910,"https://www.google.com/maps/dir/?api=1&destination=-25.2545173,-57.5626711",establishment|point_of_interest|transit_station,establishment,Transportation,0.0,0,,,,,0,,,,,,,,,,,,,,,,,,,,,,False,no_website,False,False,False,False,45,MEDIUM,2026-04-14T18:06:36.941671
,Elias cell 2,OPERATIONAL,"WF58+JR3, Villa Hayes 001509, Paraguay",,,Carmelitas,Villa Hayes,Asunción,001509,Paraguay,-25.2552003,-57.56336510000001,,,,https://maps.google.com/?cid=10361440501700187739,"https://www.google.com/maps/dir/?api=1&destination=-25.2552003,-57.56336510000001",establishment|point_of_interest,establishment,Other,0.0,0,,,,,0,,,,,,,,,,,,,,,,,,,,,,False,no_website,False,False,False,False,45,MEDIUM,2026-04-14T18:06:37.314007
,Herrería San Jorge,OPERATIONAL,"PCWP+3V9, Pozo Azul, Asunción 001509, Paraguay",,Pozo Azul,Villa Morra,Asunción,Asunción,001509,Paraguay,-25.2548264,-57.56277229999999,,,,https://maps.google.com/?cid=13332747173433320057,"https://www.google.com/maps/dir/?api=1&destination=-25.2548264,-57.56277229999999",establishment|point_of_interest,establishment,Other,0.0,0,,,,,0,,,,,,,,,,,,,,,,,,,,,,False,no_website,False,False,False,False,45,MEDIUM,2026-04-14T18:06:37.701105
,Ruta Transchaco 2098,OPERATIONAL,"001510 Asunción, Paraguay",,,Carmelitas,Asunción,Asunción,001510,Paraguay,-25.255769,-57.5654772,,,,https://maps.google.com/?cid=4155103617756817964,"https://www.google.com/maps/dir/?api=1&destination=-25.255769,-57.5654772",establishment|point_of_interest|transit_station,establishment,Transportation,0.0,0,,,,,0,,,,,,,,,,,,,,,,,,,,,,False,no_website,False,False,False,False,45,MEDIUM,2026-04-14T18:06:38.068574
,Serimax,OPERATIONAL,"Acahay, Asunción 001509, Paraguay",,Acahay,Carmelitas,Asunción,Asunción,001509,Paraguay,-25.2554028,-57.5633972,0972 959500,+595 972 959500,https://www.serimax.com.py/,https://maps.google.com/?cid=18339964652878392347,"https://www.google.com/maps/dir/?api=1&destination=-25.2554028,-57.5633972",clothing_store|establishment|point_of_interest|store,clothing_store,Retail & Shopping,4.5,160,,False,Saturday: Closed,Sunday: Closed,5,,,,,,,,,,,,,,,,,,,,,,True,social_media_only,True,False,False,False,80,HIGH,2026-04-14T18:06:38.470084
,Ruta Transchaco Rio Monday 2385,OPERATIONAL,"001510 Asunción, Paraguay",,,Carmelitas,Asunción,Asunción,001510,Paraguay,-25.2558204,-57.5654335,,,,https://maps.google.com/?cid=9581228301984177647,"https://www.google.com/maps/dir/?api=1&destination=-25.2558204,-57.5654335",establishment|point_of_interest|transit_station,establishment,Transportation,0.0,0,,,,,0,,,,,,,,,,,,,,,,,,,,,,False,no_website,False,False,False,False,45,MEDIUM,2026-04-14T18:06:38.869778
,Ruta Transchaco 2119,OPERATIONAL,"001509 Asunción, Paraguay",,,Carmelitas,Asunción,Asunción,001509,Paraguay,-25.255884,-57.56503859999999,,,,https://maps.google.com/?cid=7107518287300471364,"https://www.google.com/maps/dir/?api=1&destination=-25.255884,-57.56503859999999",establishment|point_of_interest|transit_station,establishment,Transportation,0.0,0,,,,,0,,,,,,,,,,,,,,,,,,,,,,False,no_website,False,False,False,False,45,MEDIUM,2026-04-14T18:06:39.242870
,Escuelita AGC,OPERATIONAL,"QC2Q+CHP, RutaTranschaco, Asunción 001510, Paraguay",,RutaTranschaco,Villa Morra,Asunción,Asunción,001510,Paraguay,-25.2540514,-57.5620458,,,,https://maps.google.com/?cid=10177547593852510805,"https://www.google.com/maps/dir/?api=1&destination=-25.2540514,-57.5620458",establishment|point_of_interest,establishment,Other,0.0,0,,,,,0,,,,,,,,,,,,,,,,,,,,,,False,no_website,False,False,False,False,45,MEDIUM,2026-04-14T18:06:39.687430
,Ruta Transchaco 781,OPERATIONAL,"001510 Asunción, Paraguay",,,Villa Morra,Asunción,Asunción,001510,Paraguay,-25.2542121,-57.56205190000001,,,,https://maps.google.com/?cid=6954349096899284225,"https://www.google.com/maps/dir/?api=1&destination=-25.2542121,-57.56205190000001",establishment|point_of_interest|transit_station,establishment,Transportation,0.0,0,,,,,0,,,,,,,,,,,,,,,,,,,,,,False,no_website,False,False,False,False,45,MEDIUM,2026-04-14T18:06:40.062244
,Acceso Norte - 028,OPERATIONAL,"001510 Asunción, Paraguay",,,Villa Morra,Asunción,Asunción,001510,Paraguay,-25.2541096,-57.56178029999999,,,,https://maps.google.com/?cid=9196019241536180198,"https://www.google.com/maps/dir/?api=1&destination=-25.2541096,-57.56178029999999",establishment|point_of_interest|transit_station,establishment,Transportation,5.0,1,,,,,3,,,,,,,,,,,,,,,,,,,,,,False,no_website,False,False,False,False,60,HIGH,2026-04-14T18:06:43.219649
,Achon Bau S.A - Administración Botánico,OPERATIONAL,"PCVP+RWV, Asunción 001509, Paraguay",,,Carmelitas,Asunción,Asunción,001509,Paraguay,-25.2553843,-57.56270419999999,,,,https://maps.google.com/?cid=1005229552512910423,"https://www.google.com/maps/dir/?api=1&destination=-25.2553843,-57.56270419999999",establishment|point_of_interest,establishment,Other,3.7,3,,,,,0,,,,,,,,,,,,,,,,,,,,,,False,no_website,False,False,False,False,55,MEDIUM,2026-04-14T18:06:43.610052
,Taller jj,OPERATIONAL,"PCWQ+67W, Asunción 001509, Paraguay",,,Villa Morra,Asunción,Asunción,001509,Paraguay,-25.2543924,-57.5617896,,,,https://maps.google.com/?cid=9238154981103443573,"https://www.google.com/maps/dir/?api=1&destination=-25.2543924,-57.5617896",car_repair|establishment|point_of_interest,car_repair,Automotive,4.7,10,,,,,10,,,,,,,,,,,,,,,,,,,,,,False,no_website,False,False,False,False,70,HIGH,2026-04-14T18:06:44.017354
,Escribania REGISTRO 1000,OPERATIONAL,"Asunción 001509, Paraguay",,,Villa Morra,Asunción,Asunción,001509,Paraguay,-25.2543279,-57.5617434,0972 424956,+595 972 424956,,https://maps.google.com/?cid=12975183956935347070,"https://www.google.com/maps/dir/?api=1&destination=-25.2543279,-57.5617434",establishment|point_of_interest,establishment,Other,4.0,27,,False,Saturday: 8:00 AM – 12:00 PM,Sunday: Closed,9,,,,,,,,,,,,,,,,,,,,,,False,no_website,False,False,False,False,80,HIGH,2026-04-14T18:06:44.426893
,Escribania SMG,OPERATIONAL,"RutaTranschaco 001509, Paraguay",,,Villa Morra,RutaTranschaco,Asunción,001509,Paraguay,-25.2544331,-57.5617283,0972 424956,+595 972 424956,,https://maps.google.com/?cid=2755127902379313235,"https://www.google.com/maps/dir/?api=1&destination=-25.2544331,-57.5617283",establishment|finance|point_of_interest,establishment,Other,0.0,0,,False,Saturday: 8:00 AM – 12:00 PM,Sunday: Closed,0,,,,,,,,,,,,,,,,,,,,,,False,no_website,False,False,False,False,50,MEDIUM,2026-04-14T18:06:44.802166
,Ruta Transchaco 2068 PY03 Rio Monday 2102 [1],OPERATIONAL,"001510 Asunción, Paraguay",,,Carmelitas,Asunción,Asunción,001510,Paraguay,-25.255935,-57.567051,,,,https://maps.google.com/?cid=9344335831365621491,"https://www.google.com/maps/dir/?api=1&destination=-25.255935,-57.567051",establishment|point_of_interest|transit_station,establishment,Transportation,0.0,0,,,,,0,,,,,,,,,,,,,,,,,,,,,,False,no_website,False,False,False,False,45,MEDIUM,2026-04-14T18:06:45.189022
,Tunel Itapua,OPERATIONAL,"PCVM+CHM, Asunción 001509, Paraguay",,,Carmelitas,Asunción,Asunción,001509,Paraguay,-25.2564138,-57.5660932,,,,https://maps.google.com/?cid=14818301567063368274,"https://www.google.com/maps/dir/?api=1&destination=-25.2564138,-57.5660932",establishment|museum|point_of_interest,establishment,Arts & Culture,5.0,2,,,,,0,,,,,,,,,,,,,,,,,,,,,,False,no_website,False,False,False,False,60,HIGH,2026-04-14T18:06:45.964647
,Casa,OPERATIONAL,"Pozo Azul 268, Asunción 001509, Paraguay",268,Pozo Azul,Carmelitas,Asunción,Asunción,001509,Paraguay,-25.2560287,-57.56294649999999,,,,https://maps.google.com/?cid=13474234992998676221,"https://www.google.com/maps/dir/?api=1&destination=-25.2560287,-57.56294649999999",establishment|point_of_interest,establishment,Other,0.0,0,,,,,0,,,,,,,,,,,,,,,,,,,,,,False,no_website,False,False,False,False,45,MEDIUM,2026-04-14T18:06:46.343157
,Lider Pharma SRL,OPERATIONAL,"PCVQ+RCQ, Acahay 360, Asunción 001509, Paraguay",360,Acahay,Carmelitas,Asunción,Asunción,001509,Paraguay,-25.2554064,-57.5620883,,,,https://maps.google.com/?cid=11586434552313002585,"https://www.google.com/maps/dir/?api=1&destination=-25.2554064,-57.5620883",establishment|point_of_interest,establishment,Other,4.0,1,,,,,2,,,,,,,,,,,,,,,,,,,,,,False,no_website,False,False,False,False,60,HIGH,2026-04-14T18:06:46.730358
,MOB My Own Bullet,OPERATIONAL,"PCWQ+6FJ, Campo Esperanza, Asunción 001509, Paraguay",,Campo Esperanza,Villa Morra,Asunción,Asunción,001509,Paraguay,-25.2544248,-57.56137469999999,,,,https://maps.google.com/?cid=10289675161721426670,"https://www.google.com/maps/dir/?api=1&destination=-25.2544248,-57.56137469999999",establishment|point_of_interest|store,establishment,Retail & Shopping,0.0,0,,,,,0,,,,,,,,,,,,,,,,,,,,,,False,no_website,False,False,False,False,45,MEDIUM,2026-04-14T18:06:47.101069
,Edificio La Honra,OPERATIONAL,"PCWQ+5G5, Asunción 001509, Paraguay",,,Villa Morra,Asunción,Asunción,001509,Paraguay,-25.2544255,-57.5613353,0981 508691,+595 981 508691,,https://maps.google.com/?cid=14453620639199320876,"https://www.google.com/maps/dir/?api=1&destination=-25.2544255,-57.5613353",establishment|point_of_interest,establishment,Other,3.0,2,,,,,8,,,,,,,,,,,,,,,,,,,,,,False,no_website,False,False,False,False,50,MEDIUM,2026-04-14T18:06:47.504591
,Ruta Transchaco 2069,OPERATIONAL,"001510 Asunción, Paraguay",,,Carmelitas,Asunción,Asunción,001510,Paraguay,-25.2561798,-57.56697369999999,,,,https://maps.google.com/?cid=12615786338094722961,"https://www.google.com/maps/dir/?api=1&destination=-25.2561798,-57.56697369999999",establishment|point_of_interest|transit_station,establishment,Transportation,0.0,0,,,,,0,,,,,,,,,,,,,,,,,,,,,,False,no_website,False,False,False,False,45,MEDIUM,2026-04-14T18:06:47.878361
,Para nada acá se vende were,OPERATIONAL,"Aregua 426, Asunción 001509, Paraguay",426,Aregua,Villa Morra,Asunción,Asunción,001509,Paraguay,-25.2543693,-57.5612843,,,,https://maps.google.com/?cid=17959961803205546990,"https://www.google.com/maps/dir/?api=1&destination=-25.2543693,-57.5612843",establishment|point_of_interest|store,establishment,Retail & Shopping,1.0,2,,,,,0,,,,,,,,,,,,,,,,,,,,,,False,no_website,False,False,False,False,45,MEDIUM,2026-04-14T18:06:48.274814
,Defelipe postres,OPERATIONAL,"Campo Esperanza, Asunción 001509, Paraguay",,Campo Esperanza,Villa Morra,Asunción,Asunción,001509,Paraguay,-25.2546317,-57.5613852,0983 021374,+595 983 021374,,https://maps.google.com/?cid=12499215347206441942,"https://www.google.com/maps/dir/?api=1&destination=-25.2546317,-57.5613852",cafe|establishment|food|point_of_interest|store,cafe,Food & Beverage,0.0,0,,True,Saturday: 12:00 – 10:00 PM,Sunday: 12:00 – 10:00 PM,0,,,True,True,,True,,,,,,,,,,,,,,,,False,no_website,False,False,False,False,50,MEDIUM,2026-04-14T18:06:48.651455
,Casa dpto,OPERATIONAL,"Campo Esperanza 155, Asunción 001509, Paraguay",155,Campo Esperanza,Villa Morra,Asunción,Asunción,001509,Paraguay,-25.2546721,-57.56137059999999,,,,https://maps.google.com/?cid=2459650781318385534,"https://www.google.com/maps/dir/?api=1&destination=-25.2546721,-57.56137059999999",establishment|point_of_interest,establishment,Other,0.0,0,,,,,0,,,,,,,,,,,,,,,,,,,,,,False,no_website,False,False,False,False,45,MEDIUM,2026-04-14T18:06:49.021275
,Net Ductos DNAPneumatrail,CLOSED_TEMPORARILY,"PCVM+C9C, Asunción 001510, Paraguay",,,Carmelitas,Asunción,Asunción,001510,Paraguay,-25.2564489,-57.5666164,,,,https://maps.google.com/?cid=1511813538716455274,"https://www.google.com/maps/dir/?api=1&destination=-25.2564489,-57.5666164",establishment|point_of_interest,establishment,Other,0.0,0,,,,,0,,,,,,,,,,,,,,,,,,,,,,False,no_website,False,False,False,False,40,MEDIUM,2026-04-14T18:06:49.410160
,Soñar Inmobiliaria,OPERATIONAL,"Rio Monday &, PCVM+8M2, Asunción 001522, Paraguay",,,Carmelitas,Asunción,Itapua,001522,Paraguay,-25.256726,-57.5658546,0984 449090,+595 984 449090,http://sonhar.com.py/,https://maps.google.com/?cid=17036183551472144189,"https://www.google.com/maps/dir/?api=1&destination=-25.256726,-57.5658546",establishment|point_of_interest,establishment,Other,4.9,7,,False,Saturday: Closed,Sunday: Closed,4,,,,,,,,,,,,,,,,,,,,,,True,active,False,False,True,False,35,MEDIUM,2026-04-14T18:06:49.794091
,Edificio Barush,OPERATIONAL,"Asunción 001509, Paraguay",,,Villa Morra,Asunción,Asunción,001509,Paraguay,-25.254607,-57.5611451,,,,https://maps.google.com/?cid=9032597561867559238,"https://www.google.com/maps/dir/?api=1&destination=-25.254607,-57.5611451",establishment|lodging|point_of_interest,establishment,Lodging & Tourism,5.0,7,,,,,0,,,,,,,,,,,,,,,,,,,,,,False,no_website,False,False,False,False,70,HIGH,2026-04-14T18:06:50.183726
,Jara's,OPERATIONAL,"PCWQ+5G5, Asunción 001509, Paraguay",,,Mburicá,Asunción,Asunción,001509,Paraguay,-25.2545838,-57.5610914,,,,https://maps.google.com/?cid=5298648725387877953,"https://www.google.com/maps/dir/?api=1&destination=-25.2545838,-57.5610914",establishment|point_of_interest,establishment,Other,0.0,0,,,,,0,,,,,,,,,,,,,,,,,,,,,,False,no_website,False,False,False,False,45,MEDIUM,2026-04-14T18:06:52.943699
,Taller Teo,OPERATIONAL,"PCVM+58M, Asunción 001522, Paraguay",,,Carmelitas,Asunción,Asunción,001522,Paraguay,-25.2567206,-57.56667429999999,,,,https://maps.google.com/?cid=14878037836474300706,"https://www.google.com/maps/dir/?api=1&destination=-25.2567206,-57.56667429999999",car_repair|establishment|point_of_interest,car_repair,Automotive,0.0,0,,,,,0,,,,,,,,,,,,,,,,,,,,,,False,no_website,False,False,False,False,45,MEDIUM,2026-04-14T18:06:53.322209
,SYPEC S.A.,OPERATIONAL,"Aregua 468, Asunción 001509, Paraguay",468,Aregua,Mburicá,Asunción,Asunción,001509,Paraguay,-25.2543763,-57.56086489999999,0972 414314,+595 972 414314,,https://maps.google.com/?cid=11880070580848311864,"https://www.google.com/maps/dir/?api=1&destination=-25.2543763,-57.56086489999999",establishment|point_of_interest,establishment,Other,4.8,11,,False,Saturday: Closed,Sunday: Closed,0,,,,,,,,,,,,,,,,,,,,,,False,no_website,False,False,False,False,75,HIGH,2026-04-14T18:06:53.696423
,Obra botánico,OPERATIONAL,"Rio Monday 2385-2201, Luque 001522, Paraguay",2385-2201,Rio Monday,Carmelitas,Luque,Asunción,001522,Paraguay,-25.2570439,-57.56441989999999,,,,https://maps.google.com/?cid=8889080435765608500,"https://www.google.com/maps/dir/?api=1&destination=-25.2570439,-57.56441989999999",establishment|hair_care|health|point_of_interest,establishment,Beauty & Wellness,2.0,1,,,,,0,,,,,,,,,,,,,,,,,,,,,,False,no_website,False,False,False,False,45,MEDIUM,2026-04-14T18:06:54.081733
,Casa GH.,OPERATIONAL,"Rio Monday casi, Asunción 001522, Paraguay",casi,Rio Monday,Carmelitas,Asunción,Asunción,001522,Paraguay,-25.256961,-57.56377229999999,,,,https://maps.google.com/?cid=7667791330561083016,"https://www.google.com/maps/dir/?api=1&destination=-25.256961,-57.56377229999999",establishment|point_of_interest,establishment,Other,0.0,0,,,,,0,,,,,,,,,,,,,,,,,,,,,,False,no_website,False,False,False,False,45,MEDIUM,2026-04-14T18:06:54.455448
,FERROconti,OPERATIONAL,"PCVQ+M8H, Asunción 001509, Paraguay",,,Manorá,Asunción,Asunción,001509,Paraguay,-25.2558079,-57.5616254,,,,https://maps.google.com/?cid=5191156175249197828,"https://www.google.com/maps/dir/?api=1&destination=-25.2558079,-57.5616254",establishment|point_of_interest,establishment,Other,5.0,3,,,,,7,,,,,,,,,,,,,,,,,,,,,,False,no_website,False,False,False,False,60,HIGH,2026-04-14T18:06:54.842190
,Lacteos Norte S.R.L.,OPERATIONAL,"PCVQ+M9M, Asunción 001509, Paraguay",,,Manorá,Asunción,Asunción,001509,Paraguay,-25.2557763,-57.56156360000001,0971 971925,+595 971 971925,,https://maps.google.com/?cid=3209294044649669893,"https://www.google.com/maps/dir/?api=1&destination=-25.2557763,-57.56156360000001",establishment|point_of_interest,establishment,Other,4.9,15,,False,Saturday: Closed,Sunday: Closed,7,,True,,,,,,,,,,,,,,,,,,,,False,no_website,False,False,False,False,75,HIGH,2026-04-14T18:06:55.232082
,Torta Helada de Chocolate,CLOSED_TEMPORARILY,"Campo Esperanza, Asunción 001509, Paraguay",,Campo Esperanza,Manorá,Asunción,Asunción,001509,Paraguay,-25.2556245,-57.56139469999999,0985 376181,+595 985 376181,https://www.facebook.com/181709975256485/posts/3479762235451226/?app=fbl,https://maps.google.com/?cid=5626692625902271212,"https://www.google.com/maps/dir/?api=1&destination=-25.2556245,-57.56139469999999",establishment|food|point_of_interest|store,establishment,Retail & Shopping,0.0,0,,,,,4,,,,True,,,,,,,,,,,,,,,,,,True,social_media_only,True,False,False,False,40,MEDIUM,2026-04-14T18:06:55.614379
,Casa Insfrán Gadea,OPERATIONAL,"PCVM+3RX, Rio Iguazu, Asunción 001522, Paraguay",,Rio Iguazu,Carmelitas,Asunción,Asunción,001522,Paraguay,-25.2572649,-57.5653902,,,,https://maps.google.com/?cid=2164958159243481204,"https://www.google.com/maps/dir/?api=1&destination=-25.2572649,-57.5653902",establishment|point_of_interest,establishment,Other,0.0,0,,,,,0,,,,,,,,,,,,,,,,,,,,,,False,no_website,False,False,False,False,45,MEDIUM,2026-04-14T18:06:56.539487
,FERIA,OPERATIONAL,"Acahay, PCVQ+WJ4, &, Asunción 001509, Paraguay",,Campo Esperanza,Manorá,Asunción,Asunción,001509,Paraguay,-25.2552276,-57.56092830000001,,,,https://maps.google.com/?cid=11196168390441476282,"https://www.google.com/maps/dir/?api=1&destination=-25.2552276,-57.56092830000001",establishment|point_of_interest,establishment,Other,0.0,0,,,,,0,,,,,,,,,,,,,,,,,,,,,,False,no_website,False,False,False,False,45,MEDIUM,2026-04-14T18:06:56.914057
,SEW EURODRIVE PARAGUAY S.R.L.,OPERATIONAL,"Autopista Ñu Guasú 642, Asunción 001509, Paraguay",642,Autopista Ñu Guasú,Manorá,Asunción,Paraguay,001509,Paraguay,-25.2562291,-57.5618318,(021) 281 800,+595 21 281 800,http://www.sew-eurodrive.com.py/,https://maps.google.com/?cid=5287904263394814031,"https://www.google.com/maps/dir/?api=1&destination=-25.2562291,-57.5618318",establishment|point_of_interest,establishment,Other,4.5,11,,False,Saturday: Closed,Sunday: Closed,10,,,,,,,,,,,,,,,,,,,,,,True,active,False,False,False,False,50,MEDIUM,2026-04-14T18:06:57.310896
,"ANDY IMPORT ""lo mejor!!""",OPERATIONAL,"RutaTranschaco y Loma, I. Vistosa, Asunción 001509, Paraguay",,I. Vistosa,Mburicá,Asunción,Asunción,001509,Paraguay,-25.2536923,-57.560303,0981 543380,+595 981 543380,,https://maps.google.com/?cid=1833171060214920856,"https://www.google.com/maps/dir/?api=1&destination=-25.2536923,-57.560303",car_dealer|establishment|point_of_interest|store,car_dealer,Retail & Shopping,0.0,0,,False,Saturday: 8:00 AM – 4:00 PM,Sunday: Closed,2,,,,,,,,,,,,,,,,,,,,,,False,no_website,False,False,False,False,50,MEDIUM,2026-04-14T18:06:57.985424
,Térrea,OPERATIONAL,"Acahay 420, Asunción 001509, Paraguay",420,Acahay,Manorá,Asunción,Asunción,001509,Paraguay,-25.2554406,-57.56104309999999,0976 565958,+595 976 565958,,https://maps.google.com/?cid=12543915502667947474,"https://www.google.com/maps/dir/?api=1&destination=-25.2554406,-57.56104309999999",establishment|home_goods_store|point_of_interest|store,establishment,Retail & Shopping,3.5,4,,False,Saturday: 8:00 AM – 12:00 PM,Sunday: Closed,1,,,,True,,,,,,,,,,,,,,,,,,False,no_website,False,False,False,False,60,HIGH,2026-04-14T18:06:58.389781
,Home 451,OPERATIONAL,"Acahay 451, Asunción 001509, Paraguay",451,Acahay,Manorá,Asunción,Asunción,001509,Paraguay,-25.2551184,-57.56081820000001,,,,https://maps.google.com/?cid=13722368933171531598,"https://www.google.com/maps/dir/?api=1&destination=-25.2551184,-57.56081820000001",establishment|point_of_interest,establishment,Other,0.0,0,,,,,0,,,,,,,,,,,,,,,,,,,,,,False,no_website,False,False,False,False,45,MEDIUM,2026-04-14T18:06:58.769067
,Tu Estilo Perfumería (el rincón de tus perfumes),OPERATIONAL,"PCWQ+GV8, I. Vistosa, Asunción 001509, Paraguay",,I. Vistosa,Mburicá,Asunción,Asunción,001509,Paraguay,-25.253722,-57.56028190000001,,,,https://maps.google.com/?cid=11270768913702929285,"https://www.google.com/maps/dir/?api=1&destination=-25.253722,-57.56028190000001",clothing_store|establishment|point_of_interest|store,clothing_store,Retail & Shopping,4.8,4,,,,,1,,,,,,,,,,,,,,,,,,,,,,False,no_website,False,False,False,False,60,HIGH,2026-04-14T18:06:59.816970
,Mercería Divino Niño,OPERATIONAL,"Aregua 488, Asunción 001509, Paraguay",488,Aregua,Mburicá,Asunción,Asunción,001509,Paraguay,-25.2543348,-57.56043649999999,,,,https://maps.google.com/?cid=12785846151968181519,"https://www.google.com/maps/dir/?api=1&destination=-25.2543348,-57.56043649999999",establishment|point_of_interest|store,establishment,Retail & Shopping,0.0,0,,True,Saturday: 6:30 AM – 5:00 PM,Sunday: Closed,0,,,,,,,,,,,,,,,,,,,,,,False,no_website,False,False,False,False,45,MEDIUM,2026-04-14T18:07:00.199394
,Paraguay Orgánico,OPERATIONAL,"Itapuá 1372, entre Primer Presidente y, Asunción 001522, Paraguay",y,Rio Monday,Carmelitas,Asunción,Asunción,001522,Paraguay,-25.2571422,-57.56658969999999,(021) 282 528,+595 21 282 528,http://www.paraguayorganico.org.py/,https://maps.google.com/?cid=170630278785724847,"https://www.google.com/maps/dir/?api=1&destination=-25.2571422,-57.56658969999999",establishment|point_of_interest,establishment,Other,4.5,10,,False,Saturday: Closed,Sunday: Closed,6,,,,,,,,,,,,,,,,,,,,,,True,active,False,False,True,False,35,MEDIUM,2026-04-14T18:07:00.666151
,Salsa Picante YaYa,OPERATIONAL,"Campo Esperanza 0249, Asunción 001509, Paraguay",0249,Campo Esperanza,Manorá,Asunción,Asunción,001509,Paraguay,-25.2558234,-57.5612914,0994 370596,+595 994 370596,,https://maps.google.com/?cid=17058162657067112254,"https://www.google.com/maps/dir/?api=1&destination=-25.2558234,-57.5612914",establishment|food|grocery_or_supermarket|point_of_interest|store,establishment,Retail & Shopping,0.0,0,,False,Saturday: Closed,Sunday: Closed,2,,,,True,,,,,,,,,,,,,,,,,,False,no_website,False,False,False,False,50,MEDIUM,2026-04-14T18:07:01.064475
,Netware,OPERATIONAL,"PCWQ+4VQ, I. Vistosa, Asunción 001509, Paraguay",,I. Vistosa,Mburicá,Asunción,Asunción,001509,Paraguay,-25.2546621,-57.5602643,(021) 237 6688,+595 21 237 6688,,https://maps.google.com/?cid=12971213688807431208,"https://www.google.com/maps/dir/?api=1&destination=-25.2546621,-57.5602643",establishment|point_of_interest|store,establishment,Retail & Shopping,3.5,6,,False,Saturday: 8:00 AM – 12:00 PM,Sunday: Closed,0,,,,True,,,,,,,,,,,,,,,,,,False,no_website,False,False,False,False,70,HIGH,2026-04-14T18:07:03.961851
,Kandu Fotografía,OPERATIONAL,"27 De Noviembre, Asunción 001509, Paraguay",,Aregua,Mburicá,Asunción,Asunción,001509,Paraguay,-25.2547428,-57.558917,0972 824658,+595 972 824658,https://m.facebook.com/Kandu.fotografia/?ref=bookmarks,https://maps.google.com/?cid=6393414543039681621,"https://www.google.com/maps/dir/?api=1&destination=-25.2547428,-57.558917",electronics_store|establishment|home_goods_store|point_of_interest|store,electronics_store,Retail & Shopping,4.5,23,,False,Saturday: 10:00 AM – 4:00 PM,Sunday: 10:00 AM – 4:00 PM,10,,,,,,,,,,,,,,,,,,,,,,True,social_media_only,True,False,False,False,75,HIGH,2026-04-14T18:07:04.382791
,LIFE Botánico,OPERATIONAL,"Algodonal 9004, esq, Asunción 001522, Paraguay","9004, esq",Acahay,Manorá,Asunción,Asunción,001522,Paraguay,-25.255206,-57.5577921,0974 400800,+595 974 400800,http://www.petraurbana.com/,https://maps.google.com/?cid=8082669053257533826,"https://www.google.com/maps/dir/?api=1&destination=-25.255206,-57.5577921",establishment|point_of_interest,establishment,Other,4.4,139,,,,,10,,True,,,,,,,,,,,,,,,,,,,,True,active,False,False,False,False,60,HIGH,2026-04-14T18:07:04.795349
,Agroganadero complex Monte Toledo,OPERATIONAL,"PCXV+8H6, RutaTranschaco, Asunción 001509, Paraguay",,RutaTranschaco,Mburicá,Asunción,Asunción,001509,Paraguay,-25.251714,-57.55611829999999,(021) 293 813,+595 21 293 813,,https://maps.google.com/?cid=5070256057457642846,"https://www.google.com/maps/dir/?api=1&destination=-25.251714,-57.55611829999999",establishment|point_of_interest,establishment,Other,4.3,56,,False,Saturday: 7:00 AM – 6:00 PM,Sunday: Closed,5,,True,,,,,,,,,,,,,,,,,,,,False,no_website,False,False,False,False,85,HIGH,2026-04-14T18:07:05.229169
,Metro Market Research,OPERATIONAL,"PCXV+8H6, RutaTranschaco, Asunción 001509, Paraguay",,RutaTranschaco,Mburicá,Asunción,Asunción,001509,Paraguay,-25.2516875,-57.5560625,0981 251230,+595 981 251230,http://metro.com.py/,https://maps.google.com/?cid=10143837146700144547,"https://www.google.com/maps/dir/?api=1&destination=-25.2516875,-57.5560625",establishment|point_of_interest,establishment,Other,3.0,2,,False,Saturday: 8:00 AM – 12:00 PM,Sunday: Closed,0,,,,,,,,,,,,,,,,,,,,,,True,unreachable,False,False,False,False,35,MEDIUM,2026-04-14T18:07:05.628047
,Dumot Construcciones,OPERATIONAL,"Avenida Ñu Guazú N° 336 entre, Algodonal y, Asunción 001509, Paraguay",y,27 De Noviembre,Manorá,Asunción,Asunción,001509,Paraguay,-25.25625,-57.55759130000001,(021) 491 452,+595 21 491 452,http://www.dumotconstrucciones.com.py/,https://maps.google.com/?cid=14241126678218556143,"https://www.google.com/maps/dir/?api=1&destination=-25.25625,-57.55759130000001",establishment|general_contractor|point_of_interest,establishment,Other,4.8,65,,False,Saturday: Closed,Sunday: Closed,10,,True,,,,,,,,,,,,,,,,,,,,True,active,False,False,True,False,45,MEDIUM,2026-04-14T18:07:06.048849
,El Galpón - Mecánica y Estética Automotriz,OPERATIONAL,"Yaguaron 3555, RutaTranschaco, Asunción 001509, Paraguay",,RutaTranschaco,Mburicá,Asunción,Asunción,001509,Paraguay,-25.252236,-57.55560159999999,0981 475120,+595 981 475120,,https://maps.google.com/?cid=12641409994980424423,"https://www.google.com/maps/dir/?api=1&destination=-25.252236,-57.55560159999999",car_repair|establishment|point_of_interest,car_repair,Automotive,4.6,30,,False,Saturday: Closed,Sunday: Closed,0,,,,,,,,,,,,,,,,,,,,,,False,no_website,False,False,False,False,80,HIGH,2026-04-14T18:07:06.441431
,Diesa SA Sucursal Botánico,OPERATIONAL,"Yaguarón n° 1202 casi, Asunción 001509, Paraguay",n° 1202 casi,Yaguarón,Mburicá,Asunción,Asunción,001509,Paraguay,-25.251402,-57.5556474,(021) 289 7000,+595 21 289 7000,http://www.diesa.com.py/,https://maps.google.com/?cid=15734035757714834651,"https://www.google.com/maps/dir/?api=1&destination=-25.251402,-57.5556474",car_dealer|establishment|point_of_interest|store,car_dealer,Retail & Shopping,4.5,317,,False,Saturday: 7:30 AM – 12:00 PM,Sunday: Closed,10,,True,,,,,,,,,,,,,,,,,,,,True,active,False,False,True,False,45,MEDIUM,2026-04-14T18:07:06.857457
,Ruta Transchaco 929,OPERATIONAL,"001510 Asunción, Paraguay",,,Mburicá,Asunción,Asunción,001510,Paraguay,-25.25313,-57.56002359999999,,,,https://maps.google.com/?cid=11979188742312712410,"https://www.google.com/maps/dir/?api=1&destination=-25.25313,-57.56002359999999",establishment|point_of_interest|transit_station,establishment,Transportation,0.0,0,,,,,0,,,,,,,,,,,,,,,,,,,,,,False,no_website,False,False,False,False,45,MEDIUM,2026-04-14T18:07:07.232179
,TU BODEGA,OPERATIONAL,"RutaTranschaco 001509, Paraguay",,,Mburicá,RutaTranschaco,Asunción,001509,Paraguay,-25.2533304,-57.55986499999999,0981 068176,+595 981 068176,,https://maps.google.com/?cid=11932006623481727293,"https://www.google.com/maps/dir/?api=1&destination=-25.2533304,-57.55986499999999",establishment|food|point_of_interest,establishment,Other,4.8,5,,True,Saturday: 2:00 PM – 3:00 AM,Sunday: 11:00 AM – 12:00 AM,6,,,,,,,,,,,,,,,,,,,,,,False,no_website,False,False,False,False,75,HIGH,2026-04-14T18:07:07.610849
,Ruta Transchaco 930,OPERATIONAL,"001509 Asunción, Paraguay",,,Mburicá,Asunción,Asunción,001509,Paraguay,-25.2532473,-57.5597168,,,,https://maps.google.com/?cid=630633664592984715,"https://www.google.com/maps/dir/?api=1&destination=-25.2532473,-57.5597168",establishment|point_of_interest|transit_station,establishment,Transportation,0.0,0,,,,,0,,,,,,,,,,,,,,,,,,,,,,False,no_website,False,False,False,False,45,MEDIUM,2026-04-14T18:07:07.972457
,Ruta Transchaco 958,OPERATIONAL,"001509 Asunción, Paraguay",,,Mburicá,Asunción,Asunción,001509,Paraguay,-25.2529213,-57.5593977,,,,https://maps.google.com/?cid=3959444312598759327,"https://www.google.com/maps/dir/?api=1&destination=-25.2529213,-57.5593977",establishment|point_of_interest|transit_station,establishment,Transportation,0.0,0,,,,,0,,,,,,,,,,,,,,,,,,,,,,False,no_website,False,False,False,False,45,MEDIUM,2026-04-14T18:07:08.361047
,Bodega del Barrio,OPERATIONAL,"PCWR+Q7H, Asunción 001509, Paraguay",,,Mburicá,Asunción,Asunción,001509,Paraguay,-25.2530471,-57.55935539999999,,,,https://maps.google.com/?cid=15387092619117220453,"https://www.google.com/maps/dir/?api=1&destination=-25.2530471,-57.55935539999999",bar|establishment|point_of_interest,bar,Food & Beverage,5.0,1,,,,,0,,,,,,,,,,,,,,,,,,,,,,False,no_website,False,False,False,False,60,HIGH,2026-04-14T18:07:08.744974
,Tecnofor S.A.,OPERATIONAL,"RutaTranschaco &, I. Vistosa, Asunción 001509, Paraguay",,I. Vistosa,Mburicá,Asunción,Asunción,001509,Paraguay,-25.2536221,-57.56003159999999,(021) 291 560,+595 21 291 560,http://www.tecnofor.com.py/,https://maps.google.com/?cid=457340945277142302,"https://www.google.com/maps/dir/?api=1&destination=-25.2536221,-57.56003159999999",establishment|furniture_store|home_goods_store|point_of_interest|store,establishment,Retail & Shopping,4.6,127,,False,Saturday: 7:00 AM – 12:00 PM,Sunday: Closed,10,,True,,True,,,,,,,,,,,,,,,,,,True,active,False,False,False,False,60,HIGH,2026-04-14T18:07:09.152434
,Shell,OPERATIONAL,"PY03 Ruta, Transchaco Y, Asunción 001509, Paraguay",Y,27 De Noviembre,Mburicá,Asunción,Asunción,001509,Paraguay,-25.2530074,-57.55919979999999,4175000,+595 4175000,https://find.shell.com/py/fuel/10127008-shell-estacion-bahia-s-a-transchaco/es_PY,https://maps.google.com/?cid=562686962395781593,"https://www.google.com/maps/dir/?api=1&destination=-25.2530074,-57.55919979999999",convenience_store|establishment|food|gas_station|point_of_interest|restaurant|store,convenience_store,Food & Beverage,4.1,155,,True,Saturday: Open 24 hours,Sunday: Open 24 hours,10,,,,,,,,,,,,,,,,,,,,,,True,active,False,False,True,False,45,MEDIUM,2026-04-14T18:07:09.547348
,Taller DCD,OPERATIONAL,"Asunción 001509, Paraguay",,,Mburicá,Asunción,Asunción,001509,Paraguay,-25.2534822,-57.55922749999999,0982 933431,+595 982 933431,,https://maps.google.com/?cid=16974054361740374799,"https://www.google.com/maps/dir/?api=1&destination=-25.2534822,-57.55922749999999",car_repair|establishment|point_of_interest,car_repair,Automotive,4.5,17,,True,Saturday: 7:00 AM – 12:00 PM,Sunday: Closed,2,,,,,,,,,,,,,,,,,,,,,,False,no_website,False,False,False,False,75,HIGH,2026-04-14T18:07:12.482587
,Ruta Transchaco 999,OPERATIONAL,"001510 Asunción, Paraguay",,,Mburicá,Asunción,Asunción,001510,Paraguay,-25.252582,-57.55898699999999,,,,https://maps.google.com/?cid=15346174939016900116,"https://www.google.com/maps/dir/?api=1&destination=-25.252582,-57.55898699999999",establishment|point_of_interest|transit_station,establishment,Transportation,0.0,0,,,,,0,,,,,,,,,,,,,,,,,,,,,,False,no_website,False,False,False,False,45,MEDIUM,2026-04-14T18:07:12.850483
,Artesanía Alcides acosta,OPERATIONAL,"27 De Noviembre n° 156, Asunción 001509, Paraguay",n° 156,27 De Noviembre,Mburicá,Asunción,Asunción,001509,Paraguay,-25.2536435,-57.55897239999999,0982 575238,+595 982 575238,,https://maps.google.com/?cid=11999782896772419289,"https://www.google.com/maps/dir/?api=1&destination=-25.2536435,-57.55897239999999",establishment|point_of_interest,establishment,Other,0.0,0,,,,,1,,,,,,,,,,,,,,,,,,,,,,False,no_website,False,False,False,False,50,MEDIUM,2026-04-14T18:07:13.224844
,Copetin Rodrigo,OPERATIONAL,"Aregua y, Asunción 001509, Paraguay",y,I. Vistosa,Mburicá,Asunción,Asunción,001509,Paraguay,-25.2543405,-57.560306,0984 310816,+595 984 310816,,https://maps.google.com/?cid=8541033302608895175,"https://www.google.com/maps/dir/?api=1&destination=-25.2543405,-57.560306",establishment|food|point_of_interest|restaurant,establishment,Food & Beverage,4.8,24,,True,Saturday: 12:00 PM – 12:00 AM,Sunday: 12:00 PM – 12:00 AM,7,,,True,,True,,,,,,,True,,,,,,,,,,False,no_website,False,False,False,False,80,HIGH,2026-04-14T18:07:13.618043
,Blend Market,OPERATIONAL,"27 De Noviembre 275, Asunción 001509, Paraguay",275,27 De Noviembre,Mburicá,Asunción,Asunción,001509,Paraguay,-25.25417,-57.559099,,,,https://maps.google.com/?cid=8419807523275189143,"https://www.google.com/maps/dir/?api=1&destination=-25.25417,-57.559099",establishment|point_of_interest,establishment,Other,4.3,3,,,,,1,,,,,,,,,,,,,,,,,,,,,,False,no_website,False,False,False,False,60,HIGH,2026-04-14T18:07:14.006141
,Familia Ortigoza Chamorro,OPERATIONAL,"PCWR+89C, Asunción 001509, Paraguay",,,Mburicá,Asunción,Asunción,001509,Paraguay,-25.2541802,-57.5591059,,,,https://maps.google.com/?cid=453607009254631000,"https://www.google.com/maps/dir/?api=1&destination=-25.2541802,-57.5591059",establishment|point_of_interest,establishment,Other,0.0,0,,,,,0,,,,,,,,,,,,,,,,,,,,,,False,no_website,False,False,False,False,45,MEDIUM,2026-04-14T18:07:14.386582
,Flia. Biscay Guerrero,OPERATIONAL,"Areguá 552 entre Loma Vistosa y, 27 De Noviembre, Asunción 001509, Paraguay",,27 De Noviembre,Mburicá,Asunción,Asunción,001509,Paraguay,-25.254421,-57.5597464,,,,https://maps.google.com/?cid=11824574067625482924,"https://www.google.com/maps/dir/?api=1&destination=-25.254421,-57.5597464",establishment|point_of_interest,establishment,Other,3.0,1,,,,,0,,,,,,,,,,,,,,,,,,,,,,False,no_website,False,False,False,False,45,MEDIUM,2026-04-14T18:07:14.756979
,Biscay Guerrero - C21 WCH,OPERATIONAL,"Areguá 552 entre Loma Vistosa y, 27 De Noviembre, Asunción 001509, Paraguay",,27 De Noviembre,Mburicá,Asunción,Asunción,001509,Paraguay,-25.254422,-57.5597451,,,,https://maps.google.com/?cid=15201403525573217274,"https://www.google.com/maps/dir/?api=1&destination=-25.254422,-57.5597451",establishment|point_of_interest,establishment,Other,5.0,1,,,,,0,,,,,,,,,,,,,,,,,,,,,,False,no_website,False,False,False,False,60,HIGH,2026-04-14T18:07:15.156584
,Puente sin barandas,OPERATIONAL,"PCXR+3H8, Asunción 001510, Paraguay",,,Mburicá,Asunción,Asunción,001510,Paraguay,-25.2523305,-57.55854850000001,,,,https://maps.google.com/?cid=3453667088854323206,"https://www.google.com/maps/dir/?api=1&destination=-25.2523305,-57.55854850000001",establishment|point_of_interest,establishment,Other,0.0,0,,,,,4,,,,,,,,,,,,,,,,,,,,,,False,no_website,False,False,False,False,45,MEDIUM,2026-04-14T18:07:15.534137
,Letty nails,OPERATIONAL,"Aregua, &, Asunción 001509, Paraguay",,I. Vistosa,Mburicá,Asunción,Asunción,001509,Paraguay,-25.2545441,-57.5602537,,,,https://maps.google.com/?cid=2993288496767504311,"https://www.google.com/maps/dir/?api=1&destination=-25.2545441,-57.5602537",beauty_salon|establishment|point_of_interest,beauty_salon,Beauty & Wellness,5.0,1,,True,Saturday: Closed,Sunday: 8:00 AM – 8:00 PM,0,,,,,,,,,,,,,,,,,,,,,,False,no_website,False,False,False,False,60,HIGH,2026-04-14T18:07:15.934922
,Doctor Juan Prieto y flia,OPERATIONAL,"27 De Noviembre 293, Asunción 001509, Paraguay",293,27 De Noviembre,Mburicá,Asunción,Asunción,001509,Paraguay,-25.2541501,-57.55885,,,,https://maps.google.com/?cid=1060474602695789723,"https://www.google.com/maps/dir/?api=1&destination=-25.2541501,-57.55885",establishment|point_of_interest,establishment,Other,0.0,0,,,,,0,,,,,,,,,,,,,,,,,,,,,,False,no_website,False,False,False,False,45,MEDIUM,2026-04-14T18:07:16.293824
,Vickyu Nails,OPERATIONAL,"488, Asunción 001389, Paraguay",,,Mburicá,Asunción,Asunción,001389,Paraguay,-25.2545499,-57.5602478,0981 749893,+595 981 749893,,https://maps.google.com/?cid=17631196694692063193,"https://www.google.com/maps/dir/?api=1&destination=-25.2545499,-57.5602478",beauty_salon|establishment|point_of_interest,beauty_salon,Beauty & Wellness,0.0,0,,False,Saturday: 8:00 AM – 3:00 PM,Sunday: Closed,9,,False,,,,,,,,,,,,,,,,,,,,False,no_website,False,False,False,False,50,MEDIUM,2026-04-14T18:07:16.663346
,TALLER DE COSTURA LIBRADA,OPERATIONAL,"RUTA TRANSCHACO KM9, Asunción 001510, Paraguay",,,Mburicá,Asunción,Asunción,001510,Paraguay,-25.2522437,-57.55844140000001,0984 408822,+595 984 408822,,https://maps.google.com/?cid=6711412309407891574,"https://www.google.com/maps/dir/?api=1&destination=-25.2522437,-57.55844140000001",establishment|point_of_interest|store,establishment,Retail & Shopping,0.0,0,,False,Saturday: 7:00 AM – 6:00 PM,Sunday: Closed,3,,,,,,,,,,,,,,,,,,,,,,False,no_website,False,False,False,False,50,MEDIUM,2026-04-14T18:07:17.048531
,Alhelypy,OPERATIONAL,"Asunción 001509, Paraguay",,,Mburicá,Asunción,Asunción,001509,Paraguay,-25.2544789,-57.5592687,0983 576628,+595 983 576628,,https://maps.google.com/?cid=15494839255810043992,"https://www.google.com/maps/dir/?api=1&destination=-25.2544789,-57.5592687",establishment|home_goods_store|point_of_interest|store,establishment,Retail & Shopping,5.0,2,,False,Saturday: 9:00 AM – 12:00 PM,Sunday: Closed,3,,,,True,,,,,,,,,,,,,,,,,,False,no_website,False,False,False,False,65,HIGH,2026-04-14T18:07:17.442962
,Graciela Candia,OPERATIONAL,"PCWQ+4VQ, I. Vistosa, Asunción 001509, Paraguay",,I. Vistosa,Mburicá,Asunción,Asunción,001509,Paraguay,-25.2546373,-57.5602272,,,,https://maps.google.com/?cid=4642671496165440704,"https://www.google.com/maps/dir/?api=1&destination=-25.2546373,-57.5602272",establishment|lodging|point_of_interest,establishment,Lodging & Tourism,0.0,0,,,,,0,,,,,,,,,,,,,,,,,,,,,,False,no_website,False,False,False,False,45,MEDIUM,2026-04-14T18:07:17.817955
,Gomeria Los Pankys,OPERATIONAL,"RutaTranschaco, Asunción 001510, Paraguay",,RutaTranschaco,Mburicá,Asunción,Asunción,001510,Paraguay,-25.2522067,-57.55835429999999,0982 305473,+595 982 305473,,https://maps.google.com/?cid=15380212306910679435,"https://www.google.com/maps/dir/?api=1&destination=-25.2522067,-57.55835429999999",car_repair|establishment|point_of_interest|store,car_repair,Retail & Shopping,3.8,16,,False,Saturday: 8:00 AM – 5:00 PM,Sunday: Closed,10,,,,,,,,,,,,,,,,,,,,,,False,no_website,False,False,False,False,70,HIGH,2026-04-14T18:07:18.202547
,Barrio La Piedad de Santisima Trinidad,OPERATIONAL,"PCWR+7C4, 27 De Noviembre, Asunción 001509, Paraguay",,& Aregua,Mburicá,Asunción,Asunción,001509,Paraguay,-25.2543685,-57.5589184,,,,https://maps.google.com/?cid=10928251451033817336,"https://www.google.com/maps/dir/?api=1&destination=-25.2543685,-57.5589184",establishment|point_of_interest|university,establishment,Education,0.0,0,,,,,0,,,,,,,,,,,,,,,,,,,,,,False,no_website,False,False,False,False,45,MEDIUM,2026-04-14T18:07:18.591591
,Elías,OPERATIONAL,"PCWQ+3WJ, Asunción 001509, Paraguay",,,Mburicá,Asunción,Asunción,001509,Paraguay,-25.2546931,-57.5602371,,,,https://maps.google.com/?cid=9269067967051732760,"https://www.google.com/maps/dir/?api=1&destination=-25.2546931,-57.5602371",establishment|point_of_interest,establishment,Other,0.0,0,,,,,0,,,,,,,,,,,,,,,,,,,,,,False,no_website,False,False,False,False,45,MEDIUM,2026-04-14T18:07:18.971196
,Bumpers Shop,OPERATIONAL,"Loma Vistosa Aregua, Acahay y, Asunción 1509, Paraguay",y,Acahay,Mburicá,Asunción,Asunción,1509,Paraguay,-25.2548575,-57.5600649,0981 982195,+595 981 982195,,https://maps.google.com/?cid=13803125759208902591,"https://www.google.com/maps/dir/?api=1&destination=-25.2548575,-57.5600649",establishment|point_of_interest|store,establishment,Retail & Shopping,4.8,4,,True,Saturday: 8:00 AM – 12:30 PM,Sunday: Closed,5,,,,True,,,,,,,,,,,,,,,,,,False,no_website,False,False,False,False,65,HIGH,2026-04-14T18:07:21.741896
,Despensa,OPERATIONAL,"Loma Vistosa, Asunción 001509, Paraguay",,Loma Vistosa,Mburicá,Asunción,Asunción,001509,Paraguay,-25.2548999,-57.5600825,,,,https://maps.google.com/?cid=9611162466878097716,"https://www.google.com/maps/dir/?api=1&destination=-25.2548999,-57.5600825",establishment|food|point_of_interest|store,establishment,Retail & Shopping,0.0,0,,True,Saturday: 7:00 AM – 8:00 PM,Sunday: 8:00 AM – 1:00 PM,0,,,,True,,,,,,,,,,,,,,,,,,False,no_website,False,False,False,False,45,MEDIUM,2026-04-14T18:07:22.112068
,Coco Miel Multitiendas - Servicios,OPERATIONAL,"PCWQ+2XF, I. Vistosa, Asunción 001509, Paraguay",,I. Vistosa,Mburicá,Asunción,Asunción,001509,Paraguay,-25.2549253,-57.5600922,,,,https://maps.google.com/?cid=1628005378757990450,"https://www.google.com/maps/dir/?api=1&destination=-25.2549253,-57.5600922",establishment|point_of_interest,establishment,Other,0.0,0,,,,,0,,,,,,,,,,,,,,,,,,,,,,False,no_website,False,False,False,False,45,MEDIUM,2026-04-14T18:07:22.483243
,Hospitalario S.A.,OPERATIONAL,"Loma Vistosa e/ Areguá, Acahay y, Asunción 1509, Paraguay",y,Acahay,Mburicá,Asunción,Asunción,1509,Paraguay,-25.2549264,-57.5602839,0981 000221,+595 981 000221,http://www.hospitalario.com.py/,https://maps.google.com/?cid=11917184930173847972,"https://www.google.com/maps/dir/?api=1&destination=-25.2549264,-57.5602839",establishment|health|point_of_interest,establishment,Other,5.0,1,,False,Saturday: 8:00 AM – 12:00 PM,Sunday: Closed,2,,,,,,,,,,,,,,,,,,,,,,True,active,False,False,False,False,40,MEDIUM,2026-04-14T18:07:22.891165
,Kleebach,OPERATIONAL,"PCWR+6JC, Aregua, Asunción 001509, Paraguay",,Aregua,Mburicá,Asunción,Asunción,001509,Paraguay,-25.2544366,-57.5584907,0984 848038,+595 984 848038,,https://maps.google.com/?cid=6280476408354289220,"https://www.google.com/maps/dir/?api=1&destination=-25.2544366,-57.5584907",establishment|home_goods_store|point_of_interest|store,establishment,Retail & Shopping,4.8,9,,True,Saturday: Closed,Sunday: 9:00 AM – 8:00 PM,10,,,,,,,,,,,,,,,,,,,,,,False,no_website,False,False,False,False,75,HIGH,2026-04-14T18:07:23.288920
,JIAO Aromas de Aquí,OPERATIONAL,"Al costado del Asunción Golf Club, Nieve Antonia Vera Carrillo 5642, Asunción 001508, Paraguay",5642,Nieve Antonia Vera Carrillo,Mburicá,Asunción,Asunción,001508,Paraguay,-25.2511418,-57.5589348,0981 899725,+595 981 899725,https://www.facebook.com/share/14JFcKaTbY6/,https://maps.google.com/?cid=6840682900158954451,"https://www.google.com/maps/dir/?api=1&destination=-25.2511418,-57.5589348",establishment|point_of_interest|store,establishment,Retail & Shopping,5.0,2,,True,Saturday: Open 24 hours,Sunday: 8:00 AM – 6:00 PM,1,,,,True,,,,,,,,,,,,,,,,,,True,social_media_only,True,False,False,False,60,HIGH,2026-04-14T18:07:23.693333
,Ruta Transchaco 1064,OPERATIONAL,"001509 Asunción, Paraguay",,,Mburicá,Asunción,Asunción,001509,Paraguay,-25.2521948,-57.5578651,,,,https://maps.google.com/?cid=13655684292177961245,"https://www.google.com/maps/dir/?api=1&destination=-25.2521948,-57.5578651",establishment|point_of_interest|transit_station,establishment,Transportation,0.0,0,,,,,0,,,,,,,,,,,,,,,,,,,,,,False,no_website,False,False,False,False,45,MEDIUM,2026-04-14T18:07:24.060184
,Casa Aldo,OPERATIONAL,"PCVQ+WX3, Acahay, Asunción 001509, Paraguay",,Acahay,Manorá,Asunción,Asunción,001509,Paraguay,-25.2551288,-57.56002199999999,,,,https://maps.google.com/?cid=11378188081640190338,"https://www.google.com/maps/dir/?api=1&destination=-25.2551288,-57.56002199999999",establishment|point_of_interest,establishment,Other,0.0,0,,,,,0,,,,,,,,,,,,,,,,,,,,,,False,no_website,False,False,False,False,45,MEDIUM,2026-04-14T18:07:24.435458
,Zoo of Asunción,OPERATIONAL,"QC2H+658, Asunción 001510, Paraguay",,,Carmelitas,Asunción,Asunción,001510,Paraguay,-25.2494724,-57.57206249999999,,,,https://maps.google.com/?cid=13488356937821247843,"https://www.google.com/maps/dir/?api=1&destination=-25.2494724,-57.57206249999999",establishment|point_of_interest|zoo,establishment,Other,4.1,2172,,False,Saturday: 9:00 AM – 4:00 PM,Sunday: 9:00 AM – 4:00 PM,10,,True,,,,,,,,,,,,,,,,,,,,False,no_website,False,False,False,False,80,HIGH,2026-04-14T18:07:27.161276
,Recreativo del Jardín Botánico Park,OPERATIONAL,"QC2G+JW, Asunción 001510, Paraguay",,,Carmelitas,Asunción,Asunción,001510,Paraguay,-25.2483762,-57.57265460000001,,,,https://maps.google.com/?cid=12882844582721809267,"https://www.google.com/maps/dir/?api=1&destination=-25.2483762,-57.57265460000001",establishment|park|point_of_interest,establishment,Other,4.9,10,,True,Saturday: 9:00 AM – 7:00 PM,Sunday: 9:00 AM – 7:00 PM,10,,True,,,,,,,,,,,,,,,,,,,,False,no_website,False,False,False,False,70,HIGH,2026-04-14T18:07:27.544952
,Oro ereolote79,OPERATIONAL,"PCXG+VF6, Asunción 001510, Paraguay",,,Carmelitas,Asunción,Asunción,001510,Paraguay,-25.2503263,-57.5738649,,,,https://maps.google.com/?cid=13316439284095248750,"https://www.google.com/maps/dir/?api=1&destination=-25.2503263,-57.5738649",establishment|point_of_interest|tourist_attraction,establishment,Lodging & Tourism,0.0,0,,,,,0,,,,,,,,,,,,,,,,,,,,,,False,no_website,False,False,False,False,45,MEDIUM,2026-04-14T18:07:27.912236
,Asuncion Golf Club,OPERATIONAL,"QC2Q+CHP, RutaTranschaco, Asunción 001510, Paraguay",,RutaTranschaco,Villa Morra,Asunción,Asunción,001510,Paraguay,-25.2489035,-57.56106149999999,(021) 290 251,+595 21 290 251,http://www.asunciongolfclub.com/,https://maps.google.com/?cid=5348636111644008600,"https://www.google.com/maps/dir/?api=1&destination=-25.2489035,-57.56106149999999",establishment|point_of_interest,establishment,Other,4.5,676,,True,Saturday: 6:00 AM – 7:00 PM,Sunday: 6:00 AM – 7:00 PM,10,,True,,,,,,,,,,,,,,,,,,,,True,active,False,False,False,False,60,HIGH,2026-04-14T18:07:30.639812
,Bamecar Loma pyta,OPERATIONAL,"QC2R+RWF, Asunción 001510, Paraguay",,,Mburicá,Asunción,Asunción,001510,Paraguay,-25.2479385,-57.5576923,0981 155174,+595 981 155174,,https://maps.google.com/?cid=10323269678178115422,"https://www.google.com/maps/dir/?api=1&destination=-25.2479385,-57.5576923",car_repair|establishment|point_of_interest,car_repair,Automotive,3.0,2,,False,Saturday: 7:00 AM – 2:00 PM,Sunday: Closed,1,,,,,,,,,,,,,,,,,,,,,,False,no_website,False,False,False,False,50,MEDIUM,2026-04-14T18:07:33.741945
,Estudios Contables A & R,OPERATIONAL,"QC2R+MX3, Asunción 001510, Paraguay",,,Mburicá,Asunción,Asunción,001510,Paraguay,-25.2483626,-57.5575705,,,,https://maps.google.com/?cid=4758536498836391721,"https://www.google.com/maps/dir/?api=1&destination=-25.2483626,-57.5575705",accounting|establishment|finance|point_of_interest,accounting,Professional Services,0.0,0,,,,,0,,,,,,,,,,,,,,,,,,,,,,False,no_website,False,False,False,False,45,MEDIUM,2026-04-14T18:07:34.140015
,Residencia Britos,OPERATIONAL,"Nieve Antonia Vera Carrillo, Asunción 001510, Paraguay",,Nieve Antonia Vera Carrillo,Mburicá,Asunción,Asunción,001510,Paraguay,-25.2484245,-57.5575464,0984 437119,+595 984 437119,,https://maps.google.com/?cid=15287347712550774570,"https://www.google.com/maps/dir/?api=1&destination=-25.2484245,-57.5575464",establishment|point_of_interest,establishment,Other,0.0,0,,,,,1,,,,,,,,,,,,,,,,,,,,,,False,no_website,False,False,False,False,50,MEDIUM,2026-04-14T18:07:34.509217
,Flia Orue Franco,OPERATIONAL,"QC3R+2XQ, Asunción 001510, Paraguay",,,Ycuá Satí,Asunción,Asunción,001510,Paraguay,-25.2474125,-57.55751559999999,0982 428757,+595 982 428757,,https://maps.google.com/?cid=10373671493082610083,"https://www.google.com/maps/dir/?api=1&destination=-25.2474125,-57.55751559999999",establishment|point_of_interest,establishment,Other,3.8,6,,,,,8,,,,,,,,,,,,,,,,,,,,,,False,no_website,False,False,False,False,70,HIGH,2026-04-14T18:07:34.895113
,Flia Capdevila,OPERATIONAL,"QC2V+V3V, Nieve Antonia Vera Carrillo, Asunción 001510, Paraguay",,Nieve Antonia Vera Carrillo,Mburicá,Asunción,Asunción,001510,Paraguay,-25.2477525,-57.5573241,,,,https://maps.google.com/?cid=16640570339712239505,"https://www.google.com/maps/dir/?api=1&destination=-25.2477525,-57.5573241",establishment|lodging|point_of_interest,establishment,Lodging & Tourism,4.0,2,,,,,0,,,,,,,,,,,,,,,,,,,,,,False,no_website,False,False,False,False,60,HIGH,2026-04-14T18:07:35.267461
,MimiCoiffure,OPERATIONAL,"Nieve Antonia Vera Carrillo, Villa Franco 001510, Paraguay",,Nieve Antonia Vera Carrillo,Mburicá,Villa Franco,Asunción,001510,Paraguay,-25.2478581,-57.5572996,0994 882109,+595 994 882109,,https://maps.google.com/?cid=1027412828713929375,"https://www.google.com/maps/dir/?api=1&destination=-25.2478581,-57.5572996",beauty_salon|establishment|point_of_interest,beauty_salon,Beauty & Wellness,4.3,12,,True,Saturday: 8:00 AM – 8:00 PM,Sunday: Closed,10,,,,,,,,,,,,,,,,,,,,,,False,no_website,False,False,False,False,75,HIGH,2026-04-14T18:07:35.665461
,Taller Manuel,OPERATIONAL,"QC2V+V3V, Nieve Antonia Vera Carrillo, Asunción 001510, Paraguay",,Nieve Antonia Vera Carrillo,Mburicá,Asunción,Asunción,001510,Paraguay,-25.2477617,-57.55730699999999,,,,https://maps.google.com/?cid=3613265096844644763,"https://www.google.com/maps/dir/?api=1&destination=-25.2477617,-57.55730699999999",establishment|point_of_interest|store,establishment,Retail & Shopping,0.0,0,,,,,0,,,,,,,,,,,,,,,,,,,,,,False,no_website,False,False,False,False,45,MEDIUM,2026-04-14T18:07:35.978943
,MansionBeDu,OPERATIONAL,"QC3V+424, Asunción Escalada, Asunción 001510, Paraguay",,Asunción Escalada,Ycuá Satí,Asunción,Paraguay,001510,Paraguay,-25.2472331,-57.5574229,,,,https://maps.google.com/?cid=2516924395457466408,"https://www.google.com/maps/dir/?api=1&destination=-25.2472331,-57.5574229",establishment|point_of_interest,establishment,Other,5.0,1,,,,,0,,,,,,,,,,,,,,,,,,,,,,False,no_website,False,False,False,False,60,HIGH,2026-04-14T18:07:36.407244
,Residencia Cabral,OPERATIONAL,"QC2V+92V, Nieve Antonia Vera Carrillo, Asunción 001510, Paraguay",,Nieve Antonia Vera Carrillo,Mburicá,Asunción,Asunción,001510,Paraguay,-25.2488511,-57.5574341,,,,https://maps.google.com/?cid=12153527070184857131,"https://www.google.com/maps/dir/?api=1&destination=-25.2488511,-57.5574341",establishment|point_of_interest,establishment,Other,5.0,1,,,,,0,,,,,,,,,,,,,,,,,,,,,,False,no_website,False,False,False,False,60,HIGH,2026-04-14T18:07:36.781496
,Casa Jade,OPERATIONAL,"Nieve Antonia Vera Carrillo, Asunción 001510, Paraguay",,Nieve Antonia Vera Carrillo,Mburicá,Asunción,Asunción,001510,Paraguay,-25.2490839,-57.5575316,,,,https://maps.google.com/?cid=3139521455376491671,"https://www.google.com/maps/dir/?api=1&destination=-25.2490839,-57.5575316",establishment|point_of_interest,establishment,Other,5.0,1,,False,Saturday: 9:00 AM – 5:00 PM,Sunday: 9:00 AM – 5:00 PM,0,,,,,,,,,,,,,,,,,,,,,,False,no_website,False,False,False,False,60,HIGH,2026-04-14T18:07:37.187163
,Flia. Franco López,OPERATIONAL,"QC2R+MX3, Asunción 001510, Paraguay",,,Mburicá,Asunción,Asunción,001510,Paraguay,-25.248137,-57.55725899999999,,,,https://maps.google.com/?cid=4695759044461484705,"https://www.google.com/maps/dir/?api=1&destination=-25.248137,-57.55725899999999",establishment|point_of_interest,establishment,Other,0.0,0,,,,,0,,,,,,,,,,,,,,,,,,,,,,False,no_website,False,False,False,False,45,MEDIUM,2026-04-14T18:07:37.561478
,Carlitos Roga,OPERATIONAL,"QC2R+8XP, Nieve A. Vera, Asunción 001510, Paraguay",,Nieve A. Vera,Mburicá,Asunción,Asunción,001510,Paraguay,-25.249162,-57.557544,,,,https://maps.google.com/?cid=4239930966071251711,"https://www.google.com/maps/dir/?api=1&destination=-25.249162,-57.557544",establishment|point_of_interest,establishment,Other,5.0,1,,,,,0,,,,,,,,,,,,,,,,,,,,,,False,no_website,False,False,False,False,60,HIGH,2026-04-14T18:07:37.946156
,Lomiñoñix,OPERATIONAL,"Asunción 001510, Paraguay",,,Mburicá,Asunción,Asunción,001510,Paraguay,-25.2492036,-57.5575625,0983 670548,+595 983 670548,,https://maps.google.com/?cid=15173468103536275627,"https://www.google.com/maps/dir/?api=1&destination=-25.2492036,-57.5575625",establishment|food|point_of_interest|restaurant,establishment,Food & Beverage,4.5,6,,,,,0,,,True,,True,,,,,,,,,,,,,,,,,False,no_website,False,False,False,False,75,HIGH,2026-04-14T18:07:38.333597
,Residencia Rodriguez Plaz,OPERATIONAL,"QC2V+92V, Nieve Antonia Vera Carrillo, Asunción 001510, Paraguay",,Nieve Antonia Vera Carrillo,Mburicá,Asunción,Asunción,001510,Paraguay,-25.2490202,-57.5574376,,,,https://maps.google.com/?cid=9095179183023673293,"https://www.google.com/maps/dir/?api=1&destination=-25.2490202,-57.5574376",establishment|point_of_interest,establishment,Other,5.0,2,,,,,0,,,,,,,,,,,,,,,,,,,,,,False,no_website,False,False,False,False,60,HIGH,2026-04-14T18:07:38.699770
,casa de dara,OPERATIONAL,"QC2V+X4V, Asunción 001510, Paraguay",,,Mburicá,Asunción,Asunción,001510,Paraguay,-25.2475087,-57.55720879999999,,,,https://maps.google.com/?cid=9777357120523799879,"https://www.google.com/maps/dir/?api=1&destination=-25.2475087,-57.55720879999999",car_rental|establishment|point_of_interest,car_rental,Automotive,3.7,3,,,,,1,,,,,,,,,,,,,,,,,,,,,,False,no_website,False,False,False,False,55,MEDIUM,2026-04-14T18:07:39.099194
,Domicilio de Carlos Riveros,OPERATIONAL,"QC2W+P53, Rogelio Gonzalez, Asunción 001510, Paraguay",,Rogelio Gonzalez,Mburicá,Asunción,Asunción,001510,Paraguay,-25.2490913,-57.5574109,,,,https://maps.google.com/?cid=3657101473902947255,"https://www.google.com/maps/dir/?api=1&destination=-25.2490913,-57.5574109",establishment|point_of_interest,establishment,Other,0.0,0,,,,,0,,,,,,,,,,,,,,,,,,,,,,False,no_website,False,False,False,False,45,MEDIUM,2026-04-14T18:07:39.470891
,Copetín Ña Clo,OPERATIONAL,"QC3V+63, Asunción 001510, Paraguay",,,Ycuá Satí,Asunción,Asunción,001510,Paraguay,-25.2469225,-57.557402,0984 514970,+595 984 514970,,https://maps.google.com/?cid=15290700722016589415,"https://www.google.com/maps/dir/?api=1&destination=-25.2469225,-57.557402",establishment|food|point_of_interest|restaurant,establishment,Food & Beverage,3.0,2,,True,Saturday: 6:00 AM – 8:00 PM,Sunday: 6:00 AM – 8:00 PM,0,,,True,,True,,,,,,,,,,,True,,,,,,False,no_website,False,False,False,False,50,MEDIUM,2026-04-14T18:07:42.212174
,Maxi Refrigeración,OPERATIONAL,"Nieve A. Vera, Asunción 001510, Paraguay",,,Mburicá,Asunción,Asunción,001510,Paraguay,-25.2493261,-57.5574749,0991 645811,+595 991 645811,,https://maps.google.com/?cid=17406230186369536940,"https://www.google.com/maps/dir/?api=1&destination=-25.2493261,-57.5574749",establishment|point_of_interest,establishment,Other,5.0,5,,True,Saturday: Open 24 hours,Sunday: Open 24 hours,2,,,,,,,,,,,,,,,,,,,,,,False,no_website,False,False,False,False,75,HIGH,2026-04-14T18:07:42.617174
,Empanadas Ña Clo,OPERATIONAL,"QC3V+53W, Asunción Escalada, Asunción 001510, Paraguay",,Asunción Escalada,Ycuá Satí,Asunción,Paraguay,001510,Paraguay,-25.2470097,-57.5573002,,,,https://maps.google.com/?cid=3212182248036074366,"https://www.google.com/maps/dir/?api=1&destination=-25.2470097,-57.5573002",establishment|point_of_interest,establishment,Other,0.0,0,,,,,0,,,,,,,,,,,,,,,,,,,,,,False,no_website,False,False,False,False,45,MEDIUM,2026-04-14T18:07:42.987610
,Casa de Thali Benegas,OPERATIONAL,"QC2V+G53, Asunción 001510, Paraguay",,,Mburicá,Asunción,Asunción,001510,Paraguay,-25.2489566,-57.5572205,,,,https://maps.google.com/?cid=12481642499774874414,"https://www.google.com/maps/dir/?api=1&destination=-25.2489566,-57.5572205",establishment|food|point_of_interest|store,establishment,Retail & Shopping,0.0,0,,,,,0,,,,,,,,,,,,,,,,,,,,,,False,no_website,False,False,False,False,45,MEDIUM,2026-04-14T18:07:43.384660
,"Salon de Belleza ""CRIS""",OPERATIONAL,"PCXR+VJG, Asunción 001510, Paraguay",,,Mburicá,Asunción,Asunción,001510,Paraguay,-25.2503067,-57.5584167,,,,https://maps.google.com/?cid=11787919630121877352,"https://www.google.com/maps/dir/?api=1&destination=-25.2503067,-57.5584167",beauty_salon|establishment|point_of_interest,beauty_salon,Beauty & Wellness,5.0,2,,,,,2,,,,,,,,,,,,,,,,,,,,,,False,no_website,False,False,False,False,60,HIGH,2026-04-14T18:07:43.771754
,Casa de Maki,OPERATIONAL,"QC3V+63Q, Asunción 001510, Paraguay",,,Ycuá Satí,Asunción,Asunción,001510,Paraguay,-25.2469233,-57.55726139999999,,,,https://maps.google.com/?cid=12258443347774951617,"https://www.google.com/maps/dir/?api=1&destination=-25.2469233,-57.55726139999999",establishment|point_of_interest,establishment,Other,0.0,0,,,,,0,,,,,,,,,,,,,,,,,,,,,,False,no_website,False,False,False,False,45,MEDIUM,2026-04-14T18:07:44.142846
,Renato_Tobias y Regina Creaciones,OPERATIONAL,"Asunción 001510, Paraguay",,,Mburicá,Asunción,Asunción,001510,Paraguay,-25.2495804,-57.55748889999999,,,,https://maps.google.com/?cid=12001090605542622147,"https://www.google.com/maps/dir/?api=1&destination=-25.2495804,-57.55748889999999",establishment|point_of_interest,establishment,Other,0.0,0,,False,Saturday: Closed,Sunday: Closed,5,,,,,,,,,,,,,,,,,,,,,,False,no_website,False,False,False,False,45,MEDIUM,2026-04-14T18:07:44.520699
,Familia Zárate,OPERATIONAL,"QC3V+83F, Nieve Antonia Vera Carrillo, Asunción 001510, Paraguay",,Nieve Antonia Vera Carrillo,Ycuá Satí,Asunción,Asunción,001510,Paraguay,-25.2466821,-57.5573152,,,,https://maps.google.com/?cid=16976103725833063210,"https://www.google.com/maps/dir/?api=1&destination=-25.2466821,-57.5573152",establishment|point_of_interest,establishment,Other,0.0,0,,,,,0,,,,,,,,,,,,,,,,,,,,,,False,no_website,False,False,False,False,45,MEDIUM,2026-04-14T18:07:44.907260
,En lo de nacho,OPERATIONAL,"QC2V+G53, Asunción 001510, Paraguay",,,Mburicá,Asunción,Asunción,001510,Paraguay,-25.2489618,-57.5571162,,,,https://maps.google.com/?cid=15097162321243592208,"https://www.google.com/maps/dir/?api=1&destination=-25.2489618,-57.5571162",establishment|point_of_interest,establishment,Other,0.0,0,,,,,0,,,,,,,,,,,,,,,,,,,,,,False,no_website,False,False,False,False,45,MEDIUM,2026-04-14T18:07:45.287012
,Lomi Presi Sogue,OPERATIONAL,"QC2V+G53, Asunción 001510, Paraguay",,,Mburicá,Asunción,Asunción,001510,Paraguay,-25.2490367,-57.5569862,,,,https://maps.google.com/?cid=2154397260707077966,"https://www.google.com/maps/dir/?api=1&destination=-25.2490367,-57.5569862",bar|establishment|point_of_interest,bar,Food & Beverage,0.0,0,,True,Saturday: Open 24 hours,Sunday: Open 24 hours,0,,,True,,,,,,,,,,,,,,,,,,,False,no_website,False,False,False,False,45,MEDIUM,2026-04-14T18:07:45.709219
,En lo de petete,OPERATIONAL,"Asunción 2050, Paraguay",,,Ycuá Satí,Asunción,Asunción,2050,Paraguay,-25.246756,-57.5570678,0972 592204,+595 972 592204,,https://maps.google.com/?cid=5419113982343984435,"https://www.google.com/maps/dir/?api=1&destination=-25.246756,-57.5570678",bar|establishment|point_of_interest,bar,Food & Beverage,4.6,11,,False,Saturday: Open 24 hours,Sunday: Open 24 hours,3,,,,,True,,,,,,,True,,,,,,,,,,False,no_website,False,False,False,False,75,HIGH,2026-04-14T18:07:46.101353
,Casa de pedro,OPERATIONAL,"QC2V+96M, Ñemity, Asunción 001510, Paraguay",,Ñemity,Mburicá,Asunción,Asunción,001510,Paraguay,-25.2490482,-57.5569637,,,,https://maps.google.com/?cid=1744697463513849178,"https://www.google.com/maps/dir/?api=1&destination=-25.2490482,-57.5569637",establishment|point_of_interest,establishment,Other,0.0,0,,,,,0,,,,,,,,,,,,,,,,,,,,,,False,no_website,False,False,False,False,45,MEDIUM,2026-04-14T18:07:46.469950
,Flia. FERNÁNDEZ RODRÍGUEZ,OPERATIONAL,"Nieves vera carrillo, Asunción 001510, Paraguay",,,Mburicá,Asunción,Asunción,001510,Paraguay,-25.2487016,-57.5567615,0983 327448,+595 983 327448,,https://maps.google.com/?cid=4665223538582461249,"https://www.google.com/maps/dir/?api=1&destination=-25.2487016,-57.5567615",establishment|point_of_interest,establishment,Other,0.0,0,,True,Saturday: Open 24 hours,Sunday: Open 24 hours,1,,,,,,,,,,,,,,,,,,,,,,False,no_website,False,False,False,False,50,MEDIUM,2026-04-14T18:07:46.851170
,Rey Chapa Tubeamps,OPERATIONAL,"Nieve Antonia Vera Carrillo, Asunción 1015, Paraguay",,Transchaco,Mburicá,Asunción,Asunción,1015,Paraguay,-25.2502895,-57.5577963,0981 602111,+595 981 602111,,https://maps.google.com/?cid=7085680727984131796,"https://www.google.com/maps/dir/?api=1&destination=-25.2502895,-57.5577963",establishment|point_of_interest,establishment,Other,0.0,0,,True,Saturday: 10:00 AM – 5:00 PM,Sunday: Closed,10,,,,,,,,,,,,,,,,,,,,,,False,no_website,False,False,False,False,50,MEDIUM,2026-04-14T18:07:47.227482
,Casa de Matías Cabrera,OPERATIONAL,"QC2V+G53, Asunción 001510, Paraguay",,,Mburicá,Asunción,Asunción,001510,Paraguay,-25.2490594,-57.556807,,,,https://maps.google.com/?cid=11447734150098762913,"https://www.google.com/maps/dir/?api=1&destination=-25.2490594,-57.556807",establishment|point_of_interest,establishment,Other,0.0,0,,,,,0,,,,,,,,,,,,,,,,,,,,,,False,no_website,False,False,False,False,45,MEDIUM,2026-04-14T18:07:47.602278
,Familia Pintos,OPERATIONAL,"QC3V+77W, Asunción 001510, Paraguay",,,Ycuá Satí,Asunción,Asunción,001510,Paraguay,-25.2467996,-57.556814,,,,https://maps.google.com/?cid=2250354514067970748,"https://www.google.com/maps/dir/?api=1&destination=-25.2467996,-57.556814",establishment|point_of_interest,establishment,Other,0.0,0,,,,,0,,,,,,,,,,,,,,,,,,,,,,False,no_website,False,False,False,False,45,MEDIUM,2026-04-14T18:07:47.983574
,Casa de Riki Loma,OPERATIONAL,"QC3V+77W, Asunción 001510, Paraguay",,,Ycuá Satí,Asunción,Asunción,001510,Paraguay,-25.2467677,-57.55680690000001,,,,https://maps.google.com/?cid=7441326693505637547,"https://www.google.com/maps/dir/?api=1&destination=-25.2467677,-57.55680690000001",establishment|point_of_interest,establishment,Other,0.0,0,,,,,0,,,,,,,,,,,,,,,,,,,,,,False,no_website,False,False,False,False,45,MEDIUM,2026-04-14T18:07:48.355924
,Kombilomi,OPERATIONAL,"Nieves vera carrillo, Asunción 001510, Paraguay",,,Mburicá,Asunción,Asunción,001510,Paraguay,-25.2489618,-57.5566698,0982 619878,+595 982 619878,,https://maps.google.com/?cid=7705662052281081708,"https://www.google.com/maps/dir/?api=1&destination=-25.2489618,-57.5566698",establishment|food|point_of_interest|restaurant,establishment,Food & Beverage,5.0,5,,True,Saturday: 6:00 – 11:30 PM,Sunday: 6:00 – 10:30 PM,1,,,True,True,True,False,,,,,,,,,,,,True,,,,False,no_website,False,False,False,False,75,HIGH,2026-04-14T18:07:48.761603
,Queen💞,OPERATIONAL,"QC2V+PCJ, Nieve Antonia Vera Carrillo, Asunción 001510, Paraguay",,Nieve Antonia Vera Carrillo,Mburicá,Asunción,Asunción,001510,Paraguay,-25.248153,-57.556499,,,,https://maps.google.com/?cid=12211299999603339292,"https://www.google.com/maps/dir/?api=1&destination=-25.248153,-57.556499",establishment|point_of_interest,establishment,Other,0.0,0,,,,,0,,,,,,,,,,,,,,,,,,,,,,False,no_website,False,False,False,False,45,MEDIUM,2026-04-14T18:07:49.121654
,Barrio Las Mercedes de Urbanización Botánico,OPERATIONAL,"QC3R+2XQ Campamento Azcurra, Nieve Vera Carrillo 5867 casi, Asunción 001510, Paraguay",5867 casi,Nieve Vera Carrillo,Mburicá,Asunción,Asunción,001510,Paraguay,-25.2504127,-57.5576787,0991 856632,+595 991 856632,,https://maps.google.com/?cid=1462946150118031190,"https://www.google.com/maps/dir/?api=1&destination=-25.2504127,-57.5576787",establishment|point_of_interest,establishment,Other,3.0,2,,False,Saturday: 9:00 AM – 5:00 PM,Sunday: Closed,10,,,,,,,,,,,,,,,,,,,,,,False,no_website,False,False,False,False,50,MEDIUM,2026-04-14T18:07:49.497660
,Merceria berti,OPERATIONAL,"QC2V+J95, QC2V+J95Ybycui, Asunción 001510, Paraguay",,QC2V+J95Ybycui,Mburicá,Asunción,Asunción,001510,Paraguay,-25.2484875,-57.55651559999999,0982 981642,+595 982 981642,,https://maps.google.com/?cid=8027598845831270861,"https://www.google.com/maps/dir/?api=1&destination=-25.2484875,-57.55651559999999",clothing_store|establishment|point_of_interest|store,clothing_store,Retail & Shopping,4.8,4,,True,Saturday: Open 24 hours,Sunday: Open 24 hours,10,,,,,,,,,,,,,,,,,,,,,,False,no_website,False,False,False,False,65,HIGH,2026-04-14T18:07:52.242887
,Servicio Técnico Flow Store Informática,OPERATIONAL,"QC3V+63, Asunción 001510, Paraguay",,,Mburicá,Asunción,Asunción,001510,Paraguay,-25.2468011,-57.55673699999999,0994 682556,+595 994 682556,,https://maps.google.com/?cid=11436320908062749264,"https://www.google.com/maps/dir/?api=1&destination=-25.2468011,-57.55673699999999",establishment|point_of_interest,establishment,Other,5.0,1,,False,Saturday: 8:00 AM – 12:00 PM,Sunday: Closed,0,,,,,,,,,,,,,,,,,,,,,,False,no_website,False,False,False,False,65,HIGH,2026-04-14T18:07:52.626448
,Despensa Ña Mirian,OPERATIONAL,"Nieve A. Vera C. &, QC2V+J95, Ybycui Ty, Asunción 001510, Paraguay",,Ybycui Ty,Mburicá,Asunción,Asunción,001510,Paraguay,-25.2484978,-57.55650499999999,,,,https://maps.google.com/?cid=9449128733859256532,"https://www.google.com/maps/dir/?api=1&destination=-25.2484978,-57.55650499999999",establishment|food|point_of_interest|store,establishment,Retail & Shopping,0.0,0,,,,,0,,,,,,,,,,,,,,,,,,,,,,False,no_website,False,False,False,False,45,MEDIUM,2026-04-14T18:07:53.000533
,ECOS - Equipos & Servicios,OPERATIONAL,"Unnamed Road, Asunción 001510, Paraguay",,,Mburicá,Asunción,Asunción,001510,Paraguay,-25.2504409,-57.5576097,0991 856632,+595 991 856632,,https://maps.google.com/?cid=10025891442884230563,"https://www.google.com/maps/dir/?api=1&destination=-25.2504409,-57.5576097",establishment|point_of_interest,establishment,Other,4.0,1,,False,Saturday: 8:00 AM – 12:00 PM,Sunday: Closed,0,,,,,,,,,,,,,,,,,,,,,,False,no_website,False,False,False,False,65,HIGH,2026-04-14T18:07:53.386565
,FEANT CONSTRUCCIONES,OPERATIONAL,"PCXV+X35, Asunción 001510, Paraguay",,,Mburicá,Asunción,Asunción,001510,Paraguay,-25.2501165,-57.5572606,0981 866320,+595 981 866320,,https://maps.google.com/?cid=11792590172531692511,"https://www.google.com/maps/dir/?api=1&destination=-25.2501165,-57.5572606",establishment|point_of_interest,establishment,Other,5.0,1,,False,Saturday: Closed,Sunday: 10:00 AM – 3:00 PM,3,,,,,,,,,,,,,,,,,,,,,,False,no_website,False,False,False,False,65,HIGH,2026-04-14T18:07:53.772841
,Casa cabrera,OPERATIONAL,"Asunción Escalada, Asunción 001510, Paraguay",,Asunción Escalada,Ycuá Satí,Asunción,Paraguay,001510,Paraguay,-25.2461798,-57.55696909999999,,,,https://maps.google.com/?cid=4250408072648259374,"https://www.google.com/maps/dir/?api=1&destination=-25.2461798,-57.55696909999999",establishment|point_of_interest,establishment,Other,0.0,0,,,,,0,,,,,,,,,,,,,,,,,,,,,,False,no_website,False,False,False,False,45,MEDIUM,2026-04-14T18:07:54.154139
,CASA DE NIA,OPERATIONAL,"González Belotto, QC2V+PFC 001510, &, Asunción 001510, Paraguay",,Nieve Antonia Vera Carrillo,Mburicá,Asunción,Asunción,001510,Paraguay,-25.2481765,-57.55634619999999,,,,https://maps.google.com/?cid=383425835107824435,"https://www.google.com/maps/dir/?api=1&destination=-25.2481765,-57.55634619999999",establishment|point_of_interest,establishment,Other,3.0,1,,,,,0,,,,,,,,,,,,,,,,,,,,,,False,no_website,False,False,False,False,45,MEDIUM,2026-04-14T18:07:54.531028
,Casa de la novia de Josi,OPERATIONAL,"QC2V+HC5, Ybycui Ty, Asunción 001510, Paraguay",,Ybycui Ty,Mburicá,Asunción,Asunción,001510,Paraguay,-25.2486205,-57.55639060000001,,,,https://maps.google.com/?cid=13254255474890755829,"https://www.google.com/maps/dir/?api=1&destination=-25.2486205,-57.55639060000001",establishment|point_of_interest,establishment,Other,0.0,0,,,,,0,,,,,,,,,,,,,,,,,,,,,,False,no_website,False,False,False,False,45,MEDIUM,2026-04-14T18:07:54.910201
,Parioli,OPERATIONAL,"QC2V+79C, Nieve Antonia Vera Carrillo, Asunción 001510, Paraguay",,Nieve Antonia Vera Carrillo,Mburicá,Asunción,Asunción,001510,Paraguay,-25.2493181,-57.55661500000001,,,,https://maps.google.com/?cid=12538817518884771777,"https://www.google.com/maps/dir/?api=1&destination=-25.2493181,-57.55661500000001",establishment|food|point_of_interest|restaurant,establishment,Food & Beverage,5.0,10,,,,,10,,,True,,,,,,,,,,,,,,,,,,,False,no_website,False,False,False,False,70,HIGH,2026-04-14T18:07:55.304496
,Casa de Augusto Diaz,OPERATIONAL,"QC3V+2F6, Nieve Antonia Vera Carrillo, Asunción 001510, Paraguay",,Nieve Antonia Vera Carrillo,Mburicá,Asunción,Asunción,001510,Paraguay,-25.2474555,-57.5563545,,,,https://maps.google.com/?cid=8306793769279121359,"https://www.google.com/maps/dir/?api=1&destination=-25.2474555,-57.5563545",establishment|point_of_interest,establishment,Other,0.0,0,,,,,0,,,,,,,,,,,,,,,,,,,,,,False,no_website,False,False,False,False,45,MEDIUM,2026-04-14T18:07:55.664202
,Betto Tatuajes,OPERATIONAL,"Nieve A. Vera C. &, Ybycui Ty, Asunción 001510, Paraguay",,Ybycui Ty,Mburicá,Asunción,Asunción,001510,Paraguay,-25.2487252,-57.55638599999999,0985 196875,+595 985 196875,,https://maps.google.com/?cid=10277105990927633559,"https://www.google.com/maps/dir/?api=1&destination=-25.2487252,-57.55638599999999",establishment|point_of_interest,establishment,Other,4.7,27,,,,,10,,True,,,,,,,,,,,,,,,,,,,,False,no_website,False,False,False,False,80,HIGH,2026-04-14T18:07:56.058681
,Casa de la novia de Josi,OPERATIONAL,"QC2V+HC5, Ybycui Ty, Asunción 001510, Paraguay",,Ybycui Ty,Mburicá,Asunción,Asunción,001510,Paraguay,-25.2486104,-57.5563441,,,,https://maps.google.com/?cid=3796003665756374894,"https://www.google.com/maps/dir/?api=1&destination=-25.2486104,-57.5563441",beauty_salon|establishment|point_of_interest,beauty_salon,Beauty & Wellness,5.0,1,,,,,0,,,,,,,,,,,,,,,,,,,,,,False,no_website,False,False,False,False,60,HIGH,2026-04-14T18:07:56.444748
,by lory fotografias y ediciones,OPERATIONAL,"Nieve Antonia Vera Carrillo, Asunción 5888, Paraguay",,Nieve Antonia Vera Carrillo,Mburicá,Asunción,Asunción,5888,Paraguay,-25.2506897,-57.5577236,0982 299754,+595 982 299754,,https://maps.google.com/?cid=3044083908734764469,"https://www.google.com/maps/dir/?api=1&destination=-25.2506897,-57.5577236",establishment|point_of_interest,establishment,Other,0.0,0,,False,Saturday: 9:00 AM – 12:00 PM,Sunday: Closed,0,,,,,,,,,,,,,,,,,,,,,,False,no_website,False,False,False,False,50,MEDIUM,2026-04-14T18:07:56.836713
,Casa de Cinthia,OPERATIONAL,"Nieve Antonia Vera Carrillo 5850, Asunción 001510, Paraguay",5850,Nieve Antonia Vera Carrillo,Mburicá,Asunción,Asunción,001510,Paraguay,-25.250712,-57.5577413,,,,https://maps.google.com/?cid=8792491559342634999,"https://www.google.com/maps/dir/?api=1&destination=-25.250712,-57.5577413",beauty_salon|establishment|point_of_interest,beauty_salon,Beauty & Wellness,5.0,1,,,,,0,,,,,,,,,,,,,,,,,,,,,,False,no_website,False,False,False,False,60,HIGH,2026-04-14T18:07:57.233802
,Casa de Numx,OPERATIONAL,"QC2V+VF5, Asunción 001510, Paraguay",,,Mburicá,Asunción,Asunción,001510,Paraguay,-25.2478668,-57.5562567,,,,https://maps.google.com/?cid=8102612000413490042,"https://www.google.com/maps/dir/?api=1&destination=-25.2478668,-57.5562567",establishment|point_of_interest,establishment,Other,0.0,0,,,,,0,,,,,,,,,,,,,,,,,,,,,,False,no_website,False,False,False,False,45,MEDIUM,2026-04-14T18:07:57.606045
,Sublimaciones MarBen,OPERATIONAL,"Nieves de Vera 5852, Asunción 001510, Paraguay",5852,Transchaco,Mburicá,Asunción,Asunción,001510,Paraguay,-25.2506578,-57.5576347,0985 596593,+595 985 596593,https://www.facebook.com/Sublimaciones-MarBen-323933848190429/,https://maps.google.com/?cid=7320834005581436610,"https://www.google.com/maps/dir/?api=1&destination=-25.2506578,-57.5576347",establishment|point_of_interest|store,establishment,Retail & Shopping,4.3,3,,True,Saturday: Open 24 hours,Sunday: Open 24 hours,1,,,,True,,,,,,,,,,,,,,,,,,True,social_media_only,True,False,False,False,60,HIGH,2026-04-14T18:07:58.039019
,Casa los Garozzos,OPERATIONAL,"QC2V+VF5, González Belotto, Asunción 001510, Paraguay",,González Belotto,Mburicá,Asunción,Asunción,001510,Paraguay,-25.247909,-57.5562429,,,,https://maps.google.com/?cid=9602727391384209614,"https://www.google.com/maps/dir/?api=1&destination=-25.247909,-57.5562429",establishment|health|point_of_interest,establishment,Other,0.0,0,,,,,0,,True,,,,,,,,,,,,,,,,,,,,False,no_website,False,False,False,False,45,MEDIUM,2026-04-14T18:07:58.428047
,Cheapito,OPERATIONAL,"QC2V+VF5, Asunción 001510, Paraguay",,,Mburicá,Asunción,Asunción,001510,Paraguay,-25.2478441,-57.5562434,,,,https://maps.google.com/?cid=4833059289945683034,"https://www.google.com/maps/dir/?api=1&destination=-25.2478441,-57.5562434",establishment|point_of_interest,establishment,Other,0.0,0,,,,,0,,,,,,,,,,,,,,,,,,,,,,False,no_website,False,False,False,False,45,MEDIUM,2026-04-14T18:07:58.824023
,Copetín Las 4 Marías,OPERATIONAL,"Ñemity &, Nieve Antonia Vera Carrillo, Asunción 001510, Paraguay",,Nieve Antonia Vera Carrillo,Mburicá,Asunción,Asunción,001510,Paraguay,-25.2496257,-57.55668129999999,0994 450257,+595 994 450257,https://instagram.com/las4marias_py?utm_medium=copy_link,https://maps.google.com/?cid=6761058650388071338,"https://www.google.com/maps/dir/?api=1&destination=-25.2496257,-57.55668129999999",establishment|food|point_of_interest,establishment,Other,4.5,4,,True,Saturday: 5:30 – 11:00 PM,Sunday: 5:30 – 11:00 PM,7,,,,,,,,,,,,,,,,,,,,,,True,social_media_only,True,False,False,False,60,HIGH,2026-04-14T18:07:59.218361
,Reserva Privada Finca N° 3.685 (RC 4),OPERATIONAL,"QC6H+7PR, Asunción 001510, Paraguay",,,Villa Morra,Asunción,Asunción,001510,Paraguay,-25.2392598,-57.57072759999999,,,,https://maps.google.com/?cid=4502044398335402998,"https://www.google.com/maps/dir/?api=1&destination=-25.2392598,-57.57072759999999",establishment|park|point_of_interest,establishment,Other,0.0,0,,,,,0,,,,,,,,,,,,,,,,,,,,,,False,no_website,False,False,False,False,45,MEDIUM,2026-04-14T18:08:01.902434
,Campo Paraguayo de Polo,OPERATIONAL,"QC6P+2Q7, Aca Caraya, Asunción 001510, Paraguay",,Aca Caraya,Ycuá Satí,Asunción,Asunción,001510,Paraguay,-25.2399748,-57.5630751,,,,https://maps.google.com/?cid=11767178796606918788,"https://www.google.com/maps/dir/?api=1&destination=-25.2399748,-57.5630751",establishment|point_of_interest,establishment,Other,0.0,0,,,,,1,,,,,,,,,,,,,,,,,,,,,,False,no_website,False,False,False,False,45,MEDIUM,2026-04-14T18:08:04.605734
,Flia Denis,OPERATIONAL,"Tte A.Monges Calle 9, Barrio san francisco Zeballos cué, 0221, Asunción 0992, Paraguay",,,Ycuá Satí,Asunción,Asunción,0992,Paraguay,-25.2394423,-57.56535530000001,,,,https://maps.google.com/?cid=8897048964954207221,"https://www.google.com/maps/dir/?api=1&destination=-25.2394423,-57.56535530000001",establishment|point_of_interest,establishment,Other,3.0,1,,False,Saturday: Closed,Sunday: Closed,1,,,,,,,,,,,,,,,,,,,,,,False,no_website,False,False,False,False,45,MEDIUM,2026-04-14T18:08:04.997895
,Escuela Paraguaya de equitacion,OPERATIONAL,"Tte. 2do. Alejandro Monges, Asunción 001510, Paraguay",,Tte. 2do. Alejandro Monges,Ycuá Satí,Asunción,Asunción,001510,Paraguay,-25.2419853,-57.5610837,0981 343587,+595 981 343587,,https://maps.google.com/?cid=14153279262211434561,"https://www.google.com/maps/dir/?api=1&destination=-25.2419853,-57.5610837",establishment|point_of_interest,establishment,Other,4.5,36,,True,Saturday: 8:00 AM – 5:30 PM,Sunday: Closed,10,,True,,,,,,,,,,,,,,,,,,,,False,no_website,False,False,False,False,80,HIGH,2026-04-14T18:08:05.425013
,Hogar de Adultos San Francisco,OPERATIONAL,"QC6P+73P, Asunción 001510, Paraguay",,,Ycuá Satí,Asunción,Asunción,001510,Paraguay,-25.2392754,-57.5647871,,,,https://maps.google.com/?cid=4105053319267720136,"https://www.google.com/maps/dir/?api=1&destination=-25.2392754,-57.5647871",establishment|point_of_interest,establishment,Other,5.0,1,,,,,0,,,,,,,,,,,,,,,,,,,,,,False,no_website,False,False,False,False,60,HIGH,2026-04-14T18:08:05.815504
,AG moto mecánica,OPERATIONAL,"Frente mismo al lugar para adultos mayores, Asunción 001503, Paraguay",,,Ycuá Satí,Asunción,Asunción,001503,Paraguay,-25.2390309,-57.5647803,0982 820148,+595 982 820148,,https://maps.google.com/?cid=11958294520684075747,"https://www.google.com/maps/dir/?api=1&destination=-25.2390309,-57.5647803",car_repair|establishment|point_of_interest,car_repair,Automotive,5.0,1,,True,Saturday: 7:00 AM – 4:00 PM,Sunday: Closed,0,,,,,,,,,,,,,,,,,,,,,,False,no_website,False,False,False,False,65,HIGH,2026-04-14T18:08:06.217290
,"Centro de adultos mayores,San francisco",OPERATIONAL,"QC6P+93R, Asunción 001503, Paraguay",,,Ycuá Satí,Asunción,Asunción,001503,Paraguay,-25.2390134,-57.5648457,0992 662176,+595 992 662176,,https://maps.google.com/?cid=2606618958435987355,"https://www.google.com/maps/dir/?api=1&destination=-25.2390134,-57.5648457",establishment|health|point_of_interest,establishment,Other,5.0,2,,False,Saturday: Closed,Sunday: Open 24 hours,4,,True,,,,,,,,,,,,,,,,,,,,False,no_website,False,False,False,False,65,HIGH,2026-04-14T18:08:06.627991
,Gussti Barber,OPERATIONAL,"QC6P+93R, Asunción 001503, Paraguay",,,Ycuá Satí,Asunción,Asunción,001503,Paraguay,-25.2388893,-57.56465910000001,,,,https://maps.google.com/?cid=14903362633398978205,"https://www.google.com/maps/dir/?api=1&destination=-25.2388893,-57.56465910000001",establishment|hair_care|health|point_of_interest,establishment,Beauty & Wellness,0.0,0,,,,,3,,,,,,,,,,,,,,,,,,,,,,False,no_website,False,False,False,False,45,MEDIUM,2026-04-14T18:08:07.020622
,Bodega El Rey,OPERATIONAL,"+595983221622, Asunción 001503, Paraguay",,+595983221622,Ycuá Satí,Asunción,Asunción,001503,Paraguay,-25.2387588,-57.5648596,0983 221622,+595 983 221622,,https://maps.google.com/?cid=2591960724159215395,"https://www.google.com/maps/dir/?api=1&destination=-25.2387588,-57.5648596",establishment|point_of_interest|store,establishment,Retail & Shopping,5.0,2,,True,Saturday: Open 24 hours,Sunday: Open 24 hours,0,,,,,,,,,,,,,,,,,,,,,,False,no_website,False,False,False,False,65,HIGH,2026-04-14T18:08:07.412605
,Escuela de Equitación - Cnel Galeano,OPERATIONAL,"QC5R+C73 RC 4, Aca Caraya, Asunción 1581, Paraguay",,Aca Caraya,Ycuá Satí,Asunción,Asunción,1581,Paraguay,-25.2414768,-57.5593239,0994 720752,+595 994 720752,,https://maps.google.com/?cid=15611517516533762062,"https://www.google.com/maps/dir/?api=1&destination=-25.2414768,-57.5593239",establishment|point_of_interest,establishment,Other,5.0,1,,,,,1,,,,,,,,,,,,,,,,,,,,,,False,no_website,False,False,False,False,65,HIGH,2026-04-14T18:08:10.205558
,CEO equitación,OPERATIONAL,"QC4V+52W, Asunción 001510, Paraguay",,,Ycuá Satí,Asunción,Asunción,001510,Paraguay,-25.2439444,-57.5579444,,,,https://maps.google.com/?cid=17438934906184760931,"https://www.google.com/maps/dir/?api=1&destination=-25.2439444,-57.5579444",establishment|park|point_of_interest,establishment,Other,0.0,0,,,,,0,,,,,,,,,,,,,,,,,,,,,,False,no_website,False,False,False,False,45,MEDIUM,2026-04-14T18:08:10.599237
,SALON DR G. R. DE FRANCIA,OPERATIONAL,"QC5R+8PP, Tte. 2do. Alejandro Monges, Asunción 001510, Paraguay",,Tte. 2do. Alejandro Monges,Ycuá Satí,Asunción,Asunción,001510,Paraguay,-25.2416667,-57.5581579,,,,https://maps.google.com/?cid=4972969591838271210,"https://www.google.com/maps/dir/?api=1&destination=-25.2416667,-57.5581579",establishment|food|point_of_interest|restaurant,establishment,Food & Beverage,0.0,0,,,,,5,,,,,True,,,,,,,,,,,,,,,,,False,no_website,False,False,False,False,45,MEDIUM,2026-04-14T18:08:10.976427
,Academia Militar de Equipamiento,OPERATIONAL,"QC5R+R37, Tte. 2do. Alejandro Monges, Asunción 001503, Paraguay",,Tte. 2do. Alejandro Monges,Ycuá Satí,Asunción,Asunción,001503,Paraguay,-25.2404524,-57.5598397,,,,https://maps.google.com/?cid=6771430316695374775,"https://www.google.com/maps/dir/?api=1&destination=-25.2404524,-57.5598397",establishment|point_of_interest,establishment,Other,5.0,1,,,,,0,,,,,,,,,,,,,,,,,,,,,,False,no_website,False,False,False,False,60,HIGH,2026-04-14T18:08:11.359120
,ASOCAB Asociacion De Oficiales De Caballeria,OPERATIONAL,"QC4V+52W, Asunción 001510, Paraguay",,,Ycuá Satí,Asunción,Asunción,001510,Paraguay,-25.2445146,-57.5574142,0991 650500,+595 991 650500,,https://maps.google.com/?cid=3553088936352592959,"https://www.google.com/maps/dir/?api=1&destination=-25.2445146,-57.5574142",establishment|point_of_interest,establishment,Other,4.6,61,,,,,10,,True,,,,,,,,,,,,,,,,,,,,False,no_website,False,False,False,False,85,HIGH,2026-04-14T18:08:11.749577
,Vaballeria,OPERATIONAL,"QC5V+35Q, Tte. 2do. Alejandro Monges, Asunción 001510, Paraguay",,Tte. 2do. Alejandro Monges,Ycuá Satí,Asunción,Asunción,001510,Paraguay,-25.2422958,-57.5570067,,,,https://maps.google.com/?cid=14683022036523494363,"https://www.google.com/maps/dir/?api=1&destination=-25.2422958,-57.5570067",establishment|point_of_interest,establishment,Other,0.0,0,,,,,0,,,,,,,,,,,,,,,,,,,,,,False,no_website,False,False,False,False,45,MEDIUM,2026-04-14T18:08:12.136040
,Iglesia Evangélica Del Nazareno,OPERATIONAL,"Tte. 2do. Alejandro Monges, Asunción 001510, Paraguay",,Tte. 2do. Alejandro Monges,Ycuá Satí,Asunción,Asunción,001510,Paraguay,-25.2422958,-57.5570067,,,,https://maps.google.com/?cid=7409394503453342339,"https://www.google.com/maps/dir/?api=1&destination=-25.2422958,-57.5570067",church|establishment|place_of_worship|point_of_interest,church,Religious,5.0,2,,False,Saturday: 4:00 – 5:30 PM,Sunday: 10:00 AM – 12:10 PM,0,,,,,,,,,,,,,,,,,,,,,,False,no_website,False,False,False,False,60,HIGH,2026-04-14T18:08:12.513122
,RC4 Regimiento de Caballería N°4,OPERATIONAL,"QC5V+287, Tte. 2do. Alejandro Monges, Asunción 001510, Paraguay",,Tte. 2do. Alejandro Monges,Ycuá Satí,Asunción,Asunción,001510,Paraguay,-25.2424538,-57.5567013,,,,https://maps.google.com/?cid=16788979999593992754,"https://www.google.com/maps/dir/?api=1&destination=-25.2424538,-57.5567013",establishment|point_of_interest,establishment,Other,4.7,145,,True,Saturday: Open 24 hours,Sunday: Open 24 hours,10,,True,,,,,,,,,,,,,,,,,,,,False,no_website,False,False,False,False,80,HIGH,2026-04-14T18:08:12.932412
,Snpp RC4 Loma Pyta,OPERATIONAL,"QC6R+633, Asunción 001503, Paraguay",,,Ycuá Satí,Asunción,Asunción,001503,Paraguay,-25.2394923,-57.5598365,,,,https://maps.google.com/?cid=16146193082641041610,"https://www.google.com/maps/dir/?api=1&destination=-25.2394923,-57.5598365",establishment|point_of_interest,establishment,Other,4.8,16,,,,,1,,True,,,,,,,,,,,,,,,,,,,,False,no_website,False,False,False,False,70,HIGH,2026-04-14T18:08:13.327907
,Ña Agri roga,OPERATIONAL,"QC3V+RM7, Asunción 001510, Paraguay",,,Ycuá Satí,Asunción,Asunción,001510,Paraguay,-25.244968,-57.5563904,,,,https://maps.google.com/?cid=14880214574921928737,"https://www.google.com/maps/dir/?api=1&destination=-25.244968,-57.5563904",establishment|point_of_interest,establishment,Other,0.0,0,,,,,0,,,,,,,,,,,,,,,,,,,,,,False,no_website,False,False,False,False,45,MEDIUM,2026-04-14T18:08:13.708424
,TROQUELPAR,OPERATIONAL,"Asunción Escalada, QC3V+Q76, &, Asunción 001510, Paraguay",,Padre Carlos Wingel,Ycuá Satí,Asunción,Asunción,001510,Paraguay,-25.2455766,-57.5568727,0971 170560,+595 971 170560,,https://maps.google.com/?cid=14529524210610541718,"https://www.google.com/maps/dir/?api=1&destination=-25.2455766,-57.5568727",establishment|point_of_interest|storage,establishment,Home Services,5.0,2,,,,,1,,,,,,,,,,,,,,,,,,,,,,False,no_website,False,False,False,False,65,HIGH,2026-04-14T18:08:14.085045
,Flia. Giménez,OPERATIONAL,"N° 5.960, Padre Winkel, Asunción 001510, Paraguay",,Padre Winkel,Ycuá Satí,Asunción,Asunción,001510,Paraguay,-25.2453821,-57.5566409,,,,https://maps.google.com/?cid=4832872413441253500,"https://www.google.com/maps/dir/?api=1&destination=-25.2453821,-57.5566409",establishment|point_of_interest,establishment,Other,0.0,0,,,,,0,,,,,,,,,,,,,,,,,,,,,,False,no_website,False,False,False,False,45,MEDIUM,2026-04-14T18:08:14.463608
,Estadio Rc4,OPERATIONAL,"QC6Q+898, Asunción 001503, Paraguay",,,Ycuá Satí,Asunción,Asunción,001503,Paraguay,-25.2392039,-57.5615476,,,,https://maps.google.com/?cid=6152838102304598674,"https://www.google.com/maps/dir/?api=1&destination=-25.2392039,-57.5615476",establishment|point_of_interest|stadium,establishment,Entertainment & Nightlife,5.0,1,,True,Saturday: 5:30 – 6:00 AM,Sunday: 5:30 – 6:00 AM,0,,,,,,,,,,,,,,,,,,,,,,False,no_website,False,False,False,False,60,HIGH,2026-04-14T18:08:14.841136
,Yohana,OPERATIONAL,"QC3V+J6P, Asunción Escalada, Asunción 001510, Paraguay",,Asunción Escalada,Ycuá Satí,Asunción,Paraguay,001510,Paraguay,-25.2459166,-57.5569173,,,,https://maps.google.com/?cid=8517992387065911977,"https://www.google.com/maps/dir/?api=1&destination=-25.2459166,-57.5569173",establishment|museum|point_of_interest,establishment,Arts & Culture,0.0,0,,,,,0,,,,,,,,,,,,,,,,,,,,,,False,no_website,False,False,False,False,45,MEDIUM,2026-04-14T18:08:15.215413
,J-Jireh Bienes Raíces y Vehículos,OPERATIONAL,"Padre Winkel N° 5.960, Asunción 001510, Paraguay",,,Ycuá Satí,Asunción,Asunción,001510,Paraguay,-25.2457285,-57.5565667,0985 457564,+595 985 457564,,https://maps.google.com/?cid=13629092547506397364,"https://www.google.com/maps/dir/?api=1&destination=-25.2457285,-57.5565667",establishment|point_of_interest,establishment,Other,5.0,1,,True,Saturday: Open 24 hours,Sunday: 7:30 AM – 1:00 PM,7,,,,,,,,,,,,,,,,,,,,,,False,no_website,False,False,False,False,65,HIGH,2026-04-14T18:08:15.598448
,MINERVA CONSULTORIA INTEGRAL,OPERATIONAL,"Educadora Beatriz Mernes, CP001507, Asunción 1229, Paraguay",,CP001507,Ycuá Satí,Asunción,Asunción,1229,Paraguay,-25.243553,-57.5553535,0985 872784,+595 985 872784,,https://maps.google.com/?cid=8703045959481369996,"https://www.google.com/maps/dir/?api=1&destination=-25.243553,-57.5553535",establishment|point_of_interest,establishment,Other,5.0,1,,False,Saturday: 7:00 AM – 12:00 PM,Sunday: Closed,3,,,,,,,,,,,,,,,,,,,,,,False,no_website,False,False,False,False,65,HIGH,2026-04-14T18:08:18.666142
,Genara,OPERATIONAL,"QC3V+MC8, Asunción 001510, Paraguay",,,Ycuá Satí,Asunción,Asunción,001510,Paraguay,-25.2458296,-57.55643260000001,,,,https://maps.google.com/?cid=12341527042742848030,"https://www.google.com/maps/dir/?api=1&destination=-25.2458296,-57.55643260000001",clothing_store|establishment|point_of_interest|store,clothing_store,Retail & Shopping,5.0,1,,,,,0,,,,True,,,,,,,,,,,,,,,,,,False,no_website,False,False,False,False,60,HIGH,2026-04-14T18:08:19.055010
,J-Jireh emprendimientos,OPERATIONAL,"Padre Winkel 5960, Asunción 001510, Paraguay",5960,Padre Winkel,Ycuá Satí,Asunción,Asunción,001510,Paraguay,-25.2458355,-57.55642,0982 487165,+595 982 487165,,https://maps.google.com/?cid=13743779266343468525,"https://www.google.com/maps/dir/?api=1&destination=-25.2458355,-57.55642",clothing_store|establishment|point_of_interest|store,clothing_store,Retail & Shopping,5.0,3,,True,Saturday: Open 24 hours,Sunday: 8:00 AM – 12:00 PM,0,,,,True,,,,,,,,,,,,,,,,,,False,no_website,False,False,False,False,65,HIGH,2026-04-14T18:08:19.440500
,Terreno loma pyta,OPERATIONAL,"QC4V+MW2, Tte. 2do. Alejandro Monges, Asunción 001510, Paraguay",,Tte. 2do. Alejandro Monges,Ycuá Satí,Asunción,Asunción,001510,Paraguay,-25.2433563,-57.5552495,,,,https://maps.google.com/?cid=16171324945563278565,"https://www.google.com/maps/dir/?api=1&destination=-25.2433563,-57.5552495",establishment|point_of_interest,establishment,Other,0.0,0,,,,,0,,,,,,,,,,,,,,,,,,,,,,False,no_website,False,False,False,False,45,MEDIUM,2026-04-14T18:08:19.803725
,Total Bella Salón,OPERATIONAL,"QC4V+6RV, Educadora Beatriz Mernez, Asunción 001510, Paraguay",,Educadora Beatriz Mernez,Ycuá Satí,Asunción,Paraguay,001510,Paraguay,-25.2445653,-57.5555273,,,,https://maps.google.com/?cid=213647606342478318,"https://www.google.com/maps/dir/?api=1&destination=-25.2445653,-57.5555273",beauty_salon|establishment|point_of_interest,beauty_salon,Beauty & Wellness,0.0,0,,,,,0,,,,,,,,,,,,,,,,,,,,,,False,no_website,False,False,False,False,45,MEDIUM,2026-04-14T18:08:20.192982
,EQUINOTERAPIA FABRIZIO,OPERATIONAL,"Tte. 2do. Alejandro Monges 5972, Asunción 001510, Paraguay",5972,Tte. 2do. Alejandro Monges,Ycuá Satí,Asunción,Asunción,001510,Paraguay,-25.2432307,-57.5551814,,,,https://maps.google.com/?cid=13496500497126368411,"https://www.google.com/maps/dir/?api=1&destination=-25.2432307,-57.5551814",establishment|point_of_interest,establishment,Other,0.0,0,,,,,0,,,,,,,,,,,,,,,,,,,,,,False,no_website,False,False,False,False,45,MEDIUM,2026-04-14T18:08:20.565372
,Lo de ferre,OPERATIONAL,"QC6R+633, Asunción 001503, Paraguay",,,Ycuá Satí,Asunción,Asunción,001503,Paraguay,-25.2385846,-57.5608282,,,,https://maps.google.com/?cid=12199166439786049550,"https://www.google.com/maps/dir/?api=1&destination=-25.2385846,-57.5608282",establishment|point_of_interest,establishment,Other,5.0,1,,,,,0,,,,,,,,,,,,,,,,,,,,,,False,no_website,False,False,False,False,60,HIGH,2026-04-14T18:08:20.929085
